{"type":"FeatureCollection","features":[{"type":"Feature","properties":{"mode":"bus","n":12,"arr":["4","94","144","168","193","194","195","791","809","810","890","893"],"lines":"4, 94, 144, 168, 193, 194, 195, 791, 809, 810, 890, 893"},"geometry":{"type":"LineString","coordinates":[[18.081601,59.299197],[18.081523,59.299231]]}},{"type":"Feature","properties":{"mode":"bus","n":8,"arr":["4","94","144","168","193","194","195","791"],"lines":"4, 94, 144, 168, 193, 194, 195, 791"},"geometry":{"type":"LineString","coordinates":[[18.082091,59.299396],[18.082065,59.299274],[18.081993,59.29922],[18.081748,59.299182],[18.081601,59.299197]]}},{"type":"Feature","properties":{"mode":"bus","n":10,"arr":["4","94","144","168","193","194","195","791","809","810"],"lines":"4, 94, 144, 168, 193, 194, 195, 791, 809, 810"},"geometry":{"type":"LineString","coordinates":[[18.081921,59.299513],[18.082032,59.299474],[18.082091,59.299396]]}},{"type":"Feature","properties":{"mode":"bus","n":9,"arr":["4","94","144","168","193","194","791","809","810"],"lines":"4, 94, 144, 168, 193, 194, 791, 809, 810"},"geometry":{"type":"LineString","coordinates":[[18.081437,59.29944],[18.081403,59.299389]]}},{"type":"Feature","properties":{"mode":"bus","n":8,"arr":["4","94","160","168","193","194","791","893"],"lines":"4, 94, 160, 168, 193, 194, 791, 893"},"geometry":{"type":"LineString","coordinates":[[18.07914,59.299006],[18.079178,59.299119],[18.079387,59.299229]]}},{"type":"Feature","properties":{"mode":"bus","n":8,"arr":["4","94","144","193","194","195","791","893"],"lines":"4, 94, 144, 193, 194, 195, 791, 893"},"geometry":{"type":"LineString","coordinates":[[18.07914,59.299006],[18.079333,59.298963],[18.079558,59.29896]]}},{"type":"Feature","properties":{"mode":"bus","n":9,"arr":["5","133","134","147","152","165","743","745","748"],"lines":"5, 133, 134, 147, 152, 165, 743, 745, 748"},"geometry":{"type":"LineString","coordinates":[[18.025343,59.309948],[18.025136,59.310018],[18.024609,59.310265],[18.024574,59.310276],[18.024539,59.310276],[18.024502,59.310266],[18.023743,59.309948],[18.023716,59.30994],[18.023691,59.309938],[18.023667,59.309942],[18.023644,59.309953],[18.023045,59.310338]]}},{"type":"Feature","properties":{"mode":"bus","n":9,"arr":["5","133","134","147","152","165","743","745","748"],"lines":"5, 133, 134, 147, 152, 165, 743, 745, 748"},"geometry":{"type":"LineString","coordinates":[[18.025657,59.310108],[18.025628,59.310125]]}},{"type":"Feature","properties":{"mode":"bus","n":7,"arr":["5","134","147","165","743","745","748"],"lines":"5, 134, 147, 165, 743, 745, 748"},"geometry":{"type":"LineString","coordinates":[[18.025628,59.310125],[18.025506,59.310153],[18.025328,59.310125]]}},{"type":"Feature","properties":{"mode":"bus","n":10,"arr":["50","205","519","608","670","680","690","691","697","699"],"lines":"50, 205, 519, 608, 670, 680, 690, 691, 697, 699"},"geometry":{"type":"LineString","coordinates":[[18.05528,59.351293],[18.055266,59.351331]]}},{"type":"Feature","properties":{"mode":"bus","n":10,"arr":["50","205","519","608","670","680","690","691","697","699"],"lines":"50, 205, 519, 608, 670, 680, 690, 691, 697, 699"},"geometry":{"type":"LineString","coordinates":[[18.055783,59.351126],[18.055888,59.351124]]}},{"type":"Feature","properties":{"mode":"bus","n":9,"arr":["50","205","608","670","680","690","691","697","699"],"lines":"50, 205, 608, 670, 680, 690, 691, 697, 699"},"geometry":{"type":"LineString","coordinates":[[18.05528,59.351293],[18.055341,59.351234],[18.055501,59.351163],[18.055783,59.351126]]}},{"type":"Feature","properties":{"mode":"bus","n":9,"arr":["50","205","608","670","680","690","691","697","699"],"lines":"50, 205, 608, 670, 680, 690, 691, 697, 699"},"geometry":{"type":"LineString","coordinates":[[18.055917,59.356815],[18.05626,59.357212],[18.056407,59.357435],[18.05656,59.357764],[18.056631,59.358264],[18.056566,59.358692],[18.056484,59.35891],[18.055996,59.359647],[18.055873,59.359921],[18.055864,59.360138],[18.055908,59.360312],[18.056221,59.360908],[18.056201,59.36114]]}},{"type":"Feature","properties":{"mode":"bus","n":9,"arr":["50","205","608","670","680","690","691","697","699"],"lines":"50, 205, 608, 670, 680, 690, 691, 697, 699"},"geometry":{"type":"LineString","coordinates":[[18.056955,59.361347],[18.056939,59.361209],[18.056871,59.3611],[18.056273,59.360576],[18.056179,59.360437],[18.056095,59.360174],[18.056105,59.359938],[18.056154,59.359799],[18.056623,59.359153],[18.056772,59.358874],[18.056859,59.358603],[18.0569,59.358082],[18.056861,59.357833],[18.056738,59.357501],[18.056548,59.357188],[18.056183,59.356744],[18.053991,59.354751],[18.053452,59.354212],[18.053364,59.354094],[18.053285,59.353858],[18.053351,59.353603],[18.053424,59.353488],[18.053679,59.353212],[18.054001,59.352951],[18.055509,59.351936],[18.056174,59.351593]]}},{"type":"Feature","properties":{"mode":"bus","n":9,"arr":["50","519","608","670","680","690","691","697","699"],"lines":"50, 519, 608, 670, 680, 690, 691, 697, 699"},"geometry":{"type":"LineString","coordinates":[[18.056174,59.351593],[18.057701,59.350823],[18.059326,59.350069]]}},{"type":"Feature","properties":{"mode":"bus","n":5,"arr":["53","55","93","402","469"],"lines":"53, 55, 93, 402, 469"},"geometry":{"type":"LineString","coordinates":[[18.114609,59.312885],[18.114684,59.312931]]}},{"type":"Feature","properties":{"mode":"bus","n":5,"arr":["53","55","93","402","469"],"lines":"53, 55, 93, 402, 469"},"geometry":{"type":"LineString","coordinates":[[18.114655,59.312735],[18.114829,59.312697],[18.114927,59.312706],[18.11505,59.312757]]}},{"type":"Feature","properties":{"mode":"bus","n":5,"arr":["53","55","93","402","469"],"lines":"53, 55, 93, 402, 469"},"geometry":{"type":"LineString","coordinates":[[18.115039,59.312902],[18.114959,59.31294]]}},{"type":"Feature","properties":{"mode":"bus","n":10,"arr":["67","156","176","176X","177","177E","501","509","515","595"],"lines":"67, 156, 176, 176X, 177, 177E, 501, 509, 515, 595"},"geometry":{"type":"LineString","coordinates":[[18.012345,59.364202],[18.01097,59.364451],[18.010399,59.364516],[18.00988,59.364514],[18.009121,59.364414]]}},{"type":"Feature","properties":{"mode":"bus","n":10,"arr":["67","156","176","176E","176X","177","501","509","515","595"],"lines":"67, 156, 176, 176E, 176X, 177, 501, 509, 515, 595"},"geometry":{"type":"LineString","coordinates":[[18.009489,59.364639],[18.009396,59.364699],[18.009257,59.36473],[18.009082,59.364721]]}},{"type":"Feature","properties":{"mode":"bus","n":10,"arr":["67","156","176","176E","176X","177","501","509","515","595"],"lines":"67, 156, 176, 176E, 176X, 177, 501, 509, 515, 595"},"geometry":{"type":"LineString","coordinates":[[18.008949,59.364663],[18.008857,59.364561]]}},{"type":"Feature","properties":{"mode":"bus","n":6,"arr":["67","176","176E","176X","177","501"],"lines":"67, 176, 176E, 176X, 177, 501"},"geometry":{"type":"LineString","coordinates":[[18.009082,59.364721],[18.008949,59.364663]]}},{"type":"Feature","properties":{"mode":"bus","n":6,"arr":["67","176","176E","176X","177","501"],"lines":"67, 176, 176E, 176X, 177, 501"},"geometry":{"type":"LineString","coordinates":[[17.999674,59.361769],[18.000751,59.361878],[18.00331,59.362056],[18.004066,59.362158],[18.004374,59.362227],[18.004931,59.362396],[18.005573,59.362682],[18.006005,59.362935],[18.00662,59.363361]]}},{"type":"Feature","properties":{"mode":"bus","n":5,"arr":["71","401","491","821","840"],"lines":"71, 401, 491, 821, 840"},"geometry":{"type":"LineString","coordinates":[[18.133715,59.303264],[18.133841,59.303159],[18.13402,59.30311],[18.134147,59.303092],[18.134368,59.303103],[18.134508,59.303085],[18.134527,59.303082],[18.134538,59.303079],[18.134542,59.303076],[18.134538,59.303073],[18.134526,59.303071],[18.134507,59.303068],[18.13436,59.303051],[18.134055,59.303052]]}},{"type":"Feature","properties":{"mode":"bus","n":5,"arr":["71","401","491","821","840"],"lines":"71, 401, 491, 821, 840"},"geometry":{"type":"LineString","coordinates":[[18.133462,59.303194],[18.133488,59.303243]]}},{"type":"Feature","properties":{"mode":"bus","n":5,"arr":["71","401","491","821","840"],"lines":"71, 401, 491, 821, 840"},"geometry":{"type":"LineString","coordinates":[[18.134576,59.303076],[18.135047,59.302991],[18.136034,59.302655],[18.136768,59.302516],[18.137159,59.302412],[18.137947,59.302095],[18.138385,59.302009],[18.139095,59.301925],[18.139517,59.3018],[18.139743,59.30168],[18.139849,59.30159],[18.140271,59.300959],[18.140389,59.300857],[18.140542,59.300785],[18.140699,59.300746],[18.141079,59.300706],[18.145799,59.300635],[18.146746,59.300524],[18.148124,59.300272],[18.148545,59.30011],[18.148806,59.29998],[18.148993,59.299818],[18.149042,59.299736],[18.149033,59.29957],[18.148874,59.299375],[18.148737,59.299267]]}},{"type":"Feature","properties":{"mode":"bus","n":9,"arr":["93","442","443","443C","465","469","471","497","840"],"lines":"93, 442, 443, 443C, 465, 469, 471, 497, 840"},"geometry":{"type":"LineString","coordinates":[[18.162008,59.310882],[18.162062,59.310817],[18.162162,59.310768]]}},{"type":"Feature","properties":{"mode":"bus","n":6,"arr":["93","465","469","471","497","840"],"lines":"93, 465, 469, 471, 497, 840"},"geometry":{"type":"LineString","coordinates":[[18.162313,59.309918],[18.162479,59.309979]]}},{"type":"Feature","properties":{"mode":"bus","n":6,"arr":["93","465","469","471","497","840"],"lines":"93, 465, 469, 471, 497, 840"},"geometry":{"type":"LineString","coordinates":[[18.162393,59.309773],[18.162475,59.309763]]}},{"type":"Feature","properties":{"mode":"bus","n":5,"arr":["93","465","469","471","840"],"lines":"93, 465, 469, 471, 840"},"geometry":{"type":"LineString","coordinates":[[18.162775,59.309859],[18.162568,59.310564],[18.162553,59.310785]]}},{"type":"Feature","properties":{"mode":"bus","n":8,"arr":["93","442","443","443C","465","469","471","840"],"lines":"93, 442, 443, 443C, 465, 469, 471, 840"},"geometry":{"type":"LineString","coordinates":[[18.162553,59.310785],[18.162639,59.310842],[18.162668,59.310932],[18.162601,59.311018],[18.162505,59.311061]]}},{"type":"Feature","properties":{"mode":"bus","n":6,"arr":["93","442","443","443C","469","840"],"lines":"93, 442, 443, 443C, 469, 840"},"geometry":{"type":"LineString","coordinates":[[18.162162,59.310768],[18.162363,59.310744],[18.162553,59.310785]]}},{"type":"Feature","properties":{"mode":"bus","n":6,"arr":["93","442","443","443C","465","471"],"lines":"93, 442, 443, 443C, 465, 471"},"geometry":{"type":"LineString","coordinates":[[18.162586,59.312025],[18.162664,59.312681],[18.162743,59.31284],[18.162758,59.312856],[18.162784,59.312867],[18.162842,59.312883]]}},{"type":"Feature","properties":{"mode":"bus","n":9,"arr":["94","144","160","168","193","194","195","791","893"],"lines":"94, 144, 160, 168, 193, 194, 195, 791, 893"},"geometry":{"type":"LineString","coordinates":[[18.079558,59.29896],[18.079645,59.299011]]}},{"type":"Feature","properties":{"mode":"bus","n":7,"arr":["113","129","152","197","505","506","512"],"lines":"113, 129, 152, 197, 505, 506, 512"},"geometry":{"type":"LineString","coordinates":[[17.996847,59.358506],[17.996893,59.358493]]}},{"type":"Feature","properties":{"mode":"bus","n":7,"arr":["113","156","176","176E","176X","177","512"],"lines":"113, 156, 176, 176E, 176X, 177, 512"},"geometry":{"type":"LineString","coordinates":[[17.98196,59.356025],[17.98207,59.356092],[17.982237,59.356108],[17.982489,59.356198],[17.983132,59.356547],[17.985181,59.358077],[17.985745,59.358397],[17.986247,59.358607]]}},{"type":"Feature","properties":{"mode":"bus","n":7,"arr":["113","156","176","176E","176X","177","512"],"lines":"113, 156, 176, 176E, 176X, 177, 512"},"geometry":{"type":"LineString","coordinates":[[17.982028,59.355883],[17.982145,59.355852]]}},{"type":"Feature","properties":{"mode":"bus","n":7,"arr":["113","156","176","176X","177","177E","512"],"lines":"113, 156, 176, 176X, 177, 177E, 512"},"geometry":{"type":"LineString","coordinates":[[17.982414,59.355909],[17.982454,59.35599],[17.982889,59.356206],[17.983319,59.356471],[17.984514,59.357371],[17.98542,59.358005],[17.985819,59.358261],[17.986419,59.35853]]}},{"type":"Feature","properties":{"mode":"bus","n":7,"arr":["113","129","197","501","505","506","512"],"lines":"113, 129, 197, 501, 505, 506, 512"},"geometry":{"type":"LineString","coordinates":[[17.996749,59.358256],[17.996598,59.358294],[17.996535,59.358353],[17.996536,59.358413],[17.996633,59.358485]]}},{"type":"Feature","properties":{"mode":"bus","n":8,"arr":["113","129","152","197","501","505","506","512"],"lines":"113, 129, 152, 197, 501, 505, 506, 512"},"geometry":{"type":"LineString","coordinates":[[17.997011,59.358329],[17.996971,59.358304]]}},{"type":"Feature","properties":{"mode":"bus","n":5,"arr":["115","198","518","541","543"],"lines":"115, 198, 518, 541, 543"},"geometry":{"type":"LineString","coordinates":[[17.859527,59.366587],[17.859915,59.366628],[17.86012,59.366611],[17.860371,59.366551],[17.860623,59.366392],[17.860875,59.366326],[17.861228,59.366269],[17.861454,59.366259],[17.861484,59.366255],[17.861505,59.366248],[17.861516,59.366236],[17.861518,59.36622],[17.861503,59.366132],[17.86154,59.366001],[17.861676,59.365749],[17.86188,59.365552],[17.8623,59.365314],[17.86267,59.365215],[17.864339,59.36517],[17.864652,59.365105],[17.865036,59.364932],[17.865603,59.364584],[17.866878,59.363869],[17.867168,59.363743],[17.86755,59.363657],[17.8689,59.363483],[17.869961,59.363264],[17.870215,59.363246],[17.870531,59.363276]]}},{"type":"Feature","properties":{"mode":"bus","n":5,"arr":["115","198","518","541","543"],"lines":"115, 198, 518, 541, 543"},"geometry":{"type":"LineString","coordinates":[[17.85911,59.366141],[17.85911,59.36629]]}},{"type":"Feature","properties":{"mode":"bus","n":9,"arr":["117","129","155","155X","176","176X","177","177E","198"],"lines":"117, 129, 155, 155X, 176, 176X, 177, 177E, 198"},"geometry":{"type":"LineString","coordinates":[[17.93831,59.338784],[17.938303,59.338973],[17.938197,59.339059],[17.938183,59.339079],[17.938188,59.339097],[17.938214,59.339113],[17.938977,59.339447],[17.939371,59.33948],[17.939759,59.339484],[17.939986,59.339551],[17.940126,59.339696],[17.940093,59.339864]]}},{"type":"Feature","properties":{"mode":"bus","n":6,"arr":["117","129","155","155X","176E","198"],"lines":"117, 129, 155, 155X, 176E, 198"},"geometry":{"type":"LineString","coordinates":[[17.939858,59.34001],[17.939977,59.33996],[17.940093,59.339864]]}},{"type":"Feature","properties":{"mode":"bus","n":9,"arr":["117","129","155","155X","176","176E","176X","177","198"],"lines":"117, 129, 155, 155X, 176, 176E, 176X, 177, 198"},"geometry":{"type":"LineString","coordinates":[[17.939649,59.340053],[17.939858,59.34001]]}},{"type":"Feature","properties":{"mode":"bus","n":9,"arr":["117","129","155","155X","176","176E","176X","177","198"],"lines":"117, 129, 155, 155X, 176, 176E, 176X, 177, 198"},"geometry":{"type":"LineString","coordinates":[[17.938982,59.339661],[17.938948,59.339779],[17.938986,59.339876],[17.939151,59.339988],[17.93925,59.340019]]}},{"type":"Feature","properties":{"mode":"bus","n":9,"arr":["117","129","155","155X","176","176E","176X","177","198"],"lines":"117, 129, 155, 155X, 176, 176E, 176X, 177, 198"},"geometry":{"type":"LineString","coordinates":[[17.93816,59.33909],[17.936194,59.338217]]}},{"type":"Feature","properties":{"mode":"bus","n":5,"arr":["117","176","176X","177","198"],"lines":"117, 176, 176X, 177, 198"},"geometry":{"type":"LineString","coordinates":[[17.939371,59.33948],[17.939114,59.339566],[17.938982,59.339661]]}},{"type":"Feature","properties":{"mode":"bus","n":5,"arr":["118","157","199","512","591"],"lines":"118, 157, 199, 512, 591"},"geometry":{"type":"LineString","coordinates":[[17.929473,59.375881],[17.929429,59.375881]]}},{"type":"Feature","properties":{"mode":"bus","n":5,"arr":["118","157","199","512","591"],"lines":"118, 157, 199, 512, 591"},"geometry":{"type":"LineString","coordinates":[[17.929482,59.375989],[17.929559,59.375945]]}},{"type":"Feature","properties":{"mode":"bus","n":5,"arr":["118","157","199","512","591"],"lines":"118, 157, 199, 512, 591"},"geometry":{"type":"LineString","coordinates":[[17.929359,59.375962],[17.929052,59.375869],[17.928498,59.375595],[17.928462,59.375567],[17.928455,59.375534],[17.928481,59.375425],[17.92838,59.375278],[17.928007,59.374982],[17.927543,59.374749],[17.927247,59.374649],[17.926694,59.374538],[17.925191,59.374405],[17.924849,59.374348]]}},{"type":"Feature","properties":{"mode":"bus","n":8,"arr":["118","197","199","501","504","504Y","506","540"],"lines":"118, 197, 199, 501, 504, 504Y, 506, 540"},"geometry":{"type":"LineString","coordinates":[[17.970536,59.376498],[17.97064,59.37646],[17.970681,59.3764],[17.970723,59.375852],[17.970717,59.375832],[17.970695,59.375818],[17.970656,59.375812],[17.970435,59.3758],[17.970191,59.375819],[17.969447,59.375918],[17.969411,59.375918],[17.969381,59.375909],[17.969328,59.375884],[17.969272,59.375699],[17.969273,59.375678],[17.969287,59.375659],[17.969316,59.375644],[17.969415,59.375604],[17.969834,59.375548],[17.970235,59.375666],[17.970747,59.375746]]}},{"type":"Feature","properties":{"mode":"bus","n":8,"arr":["118","197","199","501","504","504Y","506","540"],"lines":"118, 197, 199, 501, 504, 504Y, 506, 540"},"geometry":{"type":"LineString","coordinates":[[17.970782,59.37647],[17.970829,59.37649]]}},{"type":"Feature","properties":{"mode":"bus","n":8,"arr":["118","197","199","501","504","504Y","506","540"],"lines":"118, 197, 199, 501, 504, 504Y, 506, 540"},"geometry":{"type":"LineString","coordinates":[[17.970627,59.376632],[17.970556,59.376607]]}},{"type":"Feature","properties":{"mode":"bus","n":5,"arr":["118","197","199","504","540"],"lines":"118, 197, 199, 504, 540"},"geometry":{"type":"LineString","coordinates":[[17.970829,59.37649],[17.970868,59.376538],[17.970839,59.376598]]}},{"type":"Feature","properties":{"mode":"bus","n":7,"arr":["118","197","199","501","504","506","540"],"lines":"118, 197, 199, 501, 504, 506, 540"},"geometry":{"type":"LineString","coordinates":[[17.970627,59.376632],[17.970778,59.376627],[17.970839,59.376598]]}},{"type":"Feature","properties":{"mode":"bus","n":8,"arr":["129","155","155X","176","176E","176X","177","198"],"lines":"129, 155, 155X, 176, 176E, 176X, 177, 198"},"geometry":{"type":"LineString","coordinates":[[17.93925,59.340019],[17.939443,59.340053],[17.939649,59.340053]]}},{"type":"Feature","properties":{"mode":"bus","n":6,"arr":["141","142","161","190","726","803"],"lines":"141, 142, 161, 190, 726, 803"},"geometry":{"type":"LineString","coordinates":[[18.004125,59.294689],[18.004147,59.294763],[18.004101,59.294812],[18.003985,59.294848]]}},{"type":"Feature","properties":{"mode":"bus","n":6,"arr":["141","142","161","190","726","803"],"lines":"141, 142, 161, 190, 726, 803"},"geometry":{"type":"LineString","coordinates":[[18.002094,59.295457],[18.002147,59.295386],[18.00247,59.295217],[18.002681,59.295151],[18.003015,59.295117]]}},{"type":"Feature","properties":{"mode":"bus","n":6,"arr":["141","142","161","190","726","803"],"lines":"141, 142, 161, 190, 726, 803"},"geometry":{"type":"LineString","coordinates":[[18.003716,59.294744],[18.003725,59.294763],[18.003726,59.294773],[18.003719,59.294782],[18.003506,59.294947],[18.003125,59.29512]]}},{"type":"Feature","properties":{"mode":"bus","n":6,"arr":["141","142","161","190","726","803"],"lines":"141, 142, 161, 190, 726, 803"},"geometry":{"type":"LineString","coordinates":[[18.003965,59.294632],[18.003857,59.29464]]}},{"type":"Feature","properties":{"mode":"bus","n":9,"arr":["141","142","161","190","726","743","745","748","803"],"lines":"141, 142, 161, 190, 726, 743, 745, 748, 803"},"geometry":{"type":"LineString","coordinates":[[18.003494,59.295308],[18.003486,59.295441],[18.003402,59.295537]]}},{"type":"Feature","properties":{"mode":"bus","n":9,"arr":["141","142","161","190","726","743","745","748","803"],"lines":"141, 142, 161, 190, 726, 743, 745, 748, 803"},"geometry":{"type":"LineString","coordinates":[[18.002793,59.295775],[18.002544,59.295792],[18.002384,59.295775]]}},{"type":"Feature","properties":{"mode":"bus","n":9,"arr":["141","142","161","190","726","743","745","748","803"],"lines":"141, 142, 161, 190, 726, 743, 745, 748, 803"},"geometry":{"type":"LineString","coordinates":[[18.002115,59.295628],[18.002094,59.295457]]}},{"type":"Feature","properties":{"mode":"bus","n":9,"arr":["141","142","161","190","726","743","745","748","803"],"lines":"141, 142, 161, 190, 726, 743, 745, 748, 803"},"geometry":{"type":"LineString","coordinates":[[18.003015,59.295117],[18.003125,59.29512]]}},{"type":"Feature","properties":{"mode":"bus","n":5,"arr":["141","142","161","190","803"],"lines":"141, 142, 161, 190, 803"},"geometry":{"type":"LineString","coordinates":[[18.003402,59.295537],[18.003261,59.295626],[18.003032,59.295718],[18.002793,59.295775]]}},{"type":"Feature","properties":{"mode":"bus","n":5,"arr":["141","142","161","190","803"],"lines":"141, 142, 161, 190, 803"},"geometry":{"type":"LineString","coordinates":[[18.002384,59.295775],[18.001818,59.295908],[18.00068,59.296414],[18.000524,59.296543],[18.00016,59.296607],[17.999503,59.296823]]}},{"type":"Feature","properties":{"mode":"bus","n":5,"arr":["141","142","161","190","803"],"lines":"141, 142, 161, 190, 803"},"geometry":{"type":"LineString","coordinates":[[17.99791,59.297451],[17.999503,59.296823],[17.999969,59.296598],[18.000267,59.29638],[18.00057,59.296313],[18.000765,59.296241],[18.001741,59.295818],[18.002115,59.295628]]}},{"type":"Feature","properties":{"mode":"bus","n":10,"arr":["144","168","193","194","195","791","809","810","890","893"],"lines":"144, 168, 193, 194, 195, 791, 809, 810, 890, 893"},"geometry":{"type":"LineString","coordinates":[[18.081523,59.299231],[18.08149,59.299251]]}},{"type":"Feature","properties":{"mode":"bus","n":6,"arr":["144","193","194","791","809","810"],"lines":"144, 193, 194, 791, 809, 810"},"geometry":{"type":"LineString","coordinates":[[18.081921,59.299513],[18.081708,59.299523],[18.081642,59.299519],[18.081584,59.299503],[18.081437,59.29944]]}},{"type":"Feature","properties":{"mode":"bus","n":5,"arr":["155","197","518","537","567"],"lines":"155, 197, 518, 537, 567"},"geometry":{"type":"LineString","coordinates":[[17.928113,59.418001],[17.928012,59.418144],[17.927772,59.418275],[17.927759,59.418282],[17.927752,59.418288],[17.927752,59.418291],[17.927758,59.418291],[17.927769,59.418289],[17.927787,59.418285],[17.928092,59.41821],[17.928466,59.418165],[17.928527,59.418151],[17.928572,59.418126],[17.92866,59.418052],[17.928628,59.417971],[17.928453,59.417901],[17.928305,59.417903],[17.927946,59.417764],[17.926837,59.417117],[17.926574,59.417023],[17.926279,59.416986],[17.925581,59.417034],[17.925228,59.417022],[17.925071,59.416961],[17.924778,59.41679],[17.92447,59.416475],[17.924459,59.416455],[17.924468,59.416438],[17.924498,59.416424],[17.929259,59.414901],[17.92985,59.414758],[17.930398,59.414661]]}},{"type":"Feature","properties":{"mode":"bus","n":5,"arr":["155","197","518","537","567"],"lines":"155, 197, 518, 537, 567"},"geometry":{"type":"LineString","coordinates":[[17.91991,59.421853],[17.920832,59.421119],[17.921085,59.420938],[17.92139,59.420779],[17.922295,59.420401],[17.927724,59.418301]]}},{"type":"Feature","properties":{"mode":"bus","n":5,"arr":["155","197","518","537","567"],"lines":"155, 197, 518, 537, 567"},"geometry":{"type":"LineString","coordinates":[[17.929913,59.414483],[17.929871,59.414577],[17.929611,59.414708],[17.924328,59.416353]]}},{"type":"Feature","properties":{"mode":"bus","n":10,"arr":["155","179","197","518","537","567","612","613","685","687"],"lines":"155, 179, 197, 518, 537, 567, 612, 613, 685, 687"},"geometry":{"type":"LineString","coordinates":[[17.930342,59.414127],[17.930159,59.414157],[17.929961,59.414253],[17.929883,59.414386],[17.929913,59.414483]]}},{"type":"Feature","properties":{"mode":"bus","n":10,"arr":["155","179","197","518","537","567","612","613","685","687"],"lines":"155, 179, 197, 518, 537, 567, 612, 613, 685, 687"},"geometry":{"type":"LineString","coordinates":[[17.930398,59.414661],[17.930552,59.414651]]}},{"type":"Feature","properties":{"mode":"bus","n":7,"arr":["155","179","537","612","613","685","687"],"lines":"155, 179, 537, 612, 613, 685, 687"},"geometry":{"type":"LineString","coordinates":[[17.937709,59.407485],[17.93658,59.408085],[17.935806,59.408584],[17.934841,59.409351],[17.934114,59.410064],[17.933529,59.410799],[17.93322,59.411282],[17.932548,59.412492],[17.93249,59.412551],[17.932227,59.412674],[17.932197,59.412792],[17.932285,59.412878],[17.932296,59.413],[17.932045,59.41332],[17.931679,59.413605],[17.931247,59.41384],[17.930803,59.414001],[17.930342,59.414127]]}},{"type":"Feature","properties":{"mode":"bus","n":7,"arr":["155","179","537","612","613","685","687"],"lines":"155, 179, 537, 612, 613, 685, 687"},"geometry":{"type":"LineString","coordinates":[[17.931504,59.413852],[17.931972,59.413553],[17.932163,59.413393],[17.932537,59.412989],[17.932867,59.412825],[17.932888,59.412718],[17.932806,59.412563],[17.933214,59.411805],[17.933781,59.410859],[17.93437,59.410116],[17.935066,59.409436],[17.936017,59.408683],[17.936812,59.408169],[17.937872,59.40758]]}},{"type":"Feature","properties":{"mode":"bus","n":10,"arr":["155","155X","178","179","197","514","514X","518","523","537"],"lines":"155, 155X, 178, 179, 197, 514, 514X, 518, 523, 537"},"geometry":{"type":"LineString","coordinates":[[17.945419,59.401619],[17.945317,59.401639]]}},{"type":"Feature","properties":{"mode":"bus","n":10,"arr":["155","155X","178","179","197","514","514X","518","523","537"],"lines":"155, 155X, 178, 179, 197, 514, 514X, 518, 523, 537"},"geometry":{"type":"LineString","coordinates":[[17.945085,59.401578],[17.945069,59.401522],[17.945072,59.401494],[17.945099,59.401469],[17.945198,59.401409]]}},{"type":"Feature","properties":{"mode":"bus","n":10,"arr":["155","155X","178","179","197","514","514X","518","523","537"],"lines":"155, 155X, 178, 179, 197, 514, 514X, 518, 523, 537"},"geometry":{"type":"LineString","coordinates":[[17.945439,59.401429],[17.945518,59.401499]]}},{"type":"Feature","properties":{"mode":"bus","n":7,"arr":["155","155X","179","197","514","514X","613"],"lines":"155, 155X, 179, 197, 514, 514X, 613"},"geometry":{"type":"LineString","coordinates":[[17.951875,59.397156],[17.951944,59.397379],[17.951879,59.397517],[17.950886,59.398455],[17.950703,59.398568],[17.950332,59.398724],[17.950111,59.398761]]}},{"type":"Feature","properties":{"mode":"bus","n":7,"arr":["155","155X","179","197","514","514X","613"],"lines":"155, 155X, 179, 197, 514, 514X, 613"},"geometry":{"type":"LineString","coordinates":[[17.950693,59.399311],[17.950417,59.399346],[17.95017,59.399321],[17.949964,59.399248],[17.949807,59.39909]]}},{"type":"Feature","properties":{"mode":"bus","n":7,"arr":["155","155X","179","197","514","514X","613"],"lines":"155, 155X, 179, 197, 514, 514X, 613"},"geometry":{"type":"LineString","coordinates":[[17.952545,59.396588],[17.952698,59.396614],[17.952967,59.396735],[17.953058,59.396894],[17.953025,59.397031],[17.952932,59.3971],[17.952555,59.39727]]}},{"type":"Feature","properties":{"mode":"bus","n":8,"arr":["155","155X","179","196","197","514","514X","540"],"lines":"155, 155X, 179, 196, 197, 514, 514X, 540"},"geometry":{"type":"LineString","coordinates":[[17.935098,59.382643],[17.934858,59.382594]]}},{"type":"Feature","properties":{"mode":"bus","n":8,"arr":["155","155X","179","196","197","514","514X","540"],"lines":"155, 155X, 179, 196, 197, 514, 514X, 540"},"geometry":{"type":"LineString","coordinates":[[17.934601,59.382354],[17.934735,59.382162],[17.935041,59.382048],[17.935516,59.381996],[17.935893,59.382035]]}},{"type":"Feature","properties":{"mode":"bus","n":8,"arr":["155","155X","179","196","197","514","514X","540"],"lines":"155, 155X, 179, 196, 197, 514, 514X, 540"},"geometry":{"type":"LineString","coordinates":[[17.936179,59.382329],[17.936138,59.382413]]}},{"type":"Feature","properties":{"mode":"bus","n":5,"arr":["155","155X","197","514","514X"],"lines":"155, 155X, 197, 514, 514X"},"geometry":{"type":"LineString","coordinates":[[17.934858,59.382594],[17.934658,59.382478],[17.934601,59.382354]]}},{"type":"Feature","properties":{"mode":"bus","n":8,"arr":["155","155X","157","196","197","504","540","591"],"lines":"155, 155X, 157, 196, 197, 504, 540, 591"},"geometry":{"type":"LineString","coordinates":[[17.93843,59.381667],[17.9385,59.381637],[17.938525,59.381516],[17.938511,59.380733],[17.938542,59.38067]]}},{"type":"Feature","properties":{"mode":"bus","n":8,"arr":["155","155X","157","196","197","504","540","591"],"lines":"155, 155X, 157, 196, 197, 504, 540, 591"},"geometry":{"type":"LineString","coordinates":[[17.938902,59.381646],[17.938946,59.381666]]}},{"type":"Feature","properties":{"mode":"bus","n":8,"arr":["155","155X","157","196","197","504","540","591"],"lines":"155, 155X, 157, 196, 197, 504, 540, 591"},"geometry":{"type":"LineString","coordinates":[[17.938985,59.381888],[17.938853,59.381954],[17.938739,59.381968],[17.938528,59.381955]]}},{"type":"Feature","properties":{"mode":"bus","n":5,"arr":["155","155X","196","197","540"],"lines":"155, 155X, 196, 197, 540"},"geometry":{"type":"LineString","coordinates":[[17.938946,59.381666],[17.939042,59.381798],[17.938985,59.381888]]}},{"type":"Feature","properties":{"mode":"bus","n":5,"arr":["155","155X","196","197","540"],"lines":"155, 155X, 196, 197, 540"},"geometry":{"type":"LineString","coordinates":[[17.935893,59.382035],[17.936687,59.382047],[17.937963,59.38188],[17.938201,59.381798],[17.93843,59.381667]]}},{"type":"Feature","properties":{"mode":"bus","n":5,"arr":["155","155X","196","197","540"],"lines":"155, 155X, 196, 197, 540"},"geometry":{"type":"LineString","coordinates":[[17.938528,59.381955],[17.937288,59.38206],[17.93666,59.382154],[17.936368,59.382233],[17.936179,59.382329]]}},{"type":"Feature","properties":{"mode":"bus","n":6,"arr":["155","155X","179","197","514","514X"],"lines":"155, 155X, 179, 197, 514, 514X"},"geometry":{"type":"LineString","coordinates":[[17.952555,59.39727],[17.952338,59.397375],[17.952146,59.397511],[17.95093,59.398601],[17.95086,59.398822],[17.951,59.398948],[17.95102,59.399069],[17.950947,59.399185],[17.950693,59.399311]]}},{"type":"Feature","properties":{"mode":"bus","n":6,"arr":["155","155X","179","197","514","514X"],"lines":"155, 155X, 179, 197, 514, 514X"},"geometry":{"type":"LineString","coordinates":[[17.945198,59.401409],[17.945329,59.401141]]}},{"type":"Feature","properties":{"mode":"bus","n":6,"arr":["155","155X","179","197","514","514X"],"lines":"155, 155X, 179, 197, 514, 514X"},"geometry":{"type":"LineString","coordinates":[[17.950111,59.398761],[17.949644,59.398827],[17.949197,59.398861],[17.948694,59.398941]]}},{"type":"Feature","properties":{"mode":"bus","n":6,"arr":["155","155X","179","197","514","514X"],"lines":"155, 155X, 179, 197, 514, 514X"},"geometry":{"type":"LineString","coordinates":[[17.949807,59.39909],[17.949564,59.398973],[17.949333,59.398931],[17.948694,59.398941],[17.948272,59.39903],[17.947779,59.399211],[17.94736,59.399449],[17.946132,59.400283],[17.945654,59.400646],[17.945496,59.400817],[17.945329,59.401141],[17.945439,59.401429]]}},{"type":"Feature","properties":{"mode":"bus","n":6,"arr":["155","155X","179","197","514","514X"],"lines":"155, 155X, 179, 197, 514, 514X"},"geometry":{"type":"LineString","coordinates":[[17.935098,59.382643],[17.935231,59.382773],[17.935593,59.383374],[17.93609,59.383873],[17.936373,59.384085],[17.936611,59.384218],[17.936904,59.384337],[17.937779,59.384941],[17.938173,59.385258],[17.938414,59.385496],[17.938827,59.386021],[17.939316,59.386819],[17.939698,59.387349],[17.940029,59.387694],[17.940609,59.388147],[17.941275,59.388528],[17.942096,59.388889],[17.942987,59.38917],[17.945065,59.389703],[17.945874,59.389997],[17.946596,59.390352],[17.947711,59.391112],[17.948184,59.391871],[17.948836,59.393091],[17.949985,59.394878],[17.950375,59.395404],[17.951875,59.397156]]}},{"type":"Feature","properties":{"mode":"bus","n":6,"arr":["155","155X","179","197","514","514X"],"lines":"155, 155X, 179, 197, 514, 514X"},"geometry":{"type":"LineString","coordinates":[[17.936138,59.382413],[17.936121,59.382909],[17.936164,59.383123],[17.936314,59.38346],[17.936655,59.383982],[17.936938,59.384207],[17.938188,59.385063],[17.93862,59.385453],[17.93906,59.385982],[17.939513,59.386686],[17.940306,59.387374],[17.94073,59.387648],[17.941018,59.387797],[17.941895,59.388152],[17.942565,59.388365],[17.944705,59.388949],[17.945466,59.389195],[17.94577,59.389318],[17.946275,59.389573],[17.946895,59.390006],[17.947217,59.390276],[17.947495,59.390546],[17.947938,59.391077],[17.948407,59.391845],[17.949062,59.393062],[17.949765,59.394126],[17.950614,59.394997],[17.951525,59.395826],[17.952258,59.396408],[17.952545,59.396588]]}},{"type":"Feature","properties":{"mode":"bus","n":8,"arr":["155","179","197","518","537","567","613","687"],"lines":"155, 179, 197, 518, 537, 567, 613, 687"},"geometry":{"type":"LineString","coordinates":[[17.930934,59.414408],[17.93086,59.414256]]}},{"type":"Feature","properties":{"mode":"bus","n":5,"arr":["155X","179","197","514X","537"],"lines":"155X, 179, 197, 514X, 537"},"geometry":{"type":"LineString","coordinates":[[17.945518,59.401499],[17.945507,59.401569],[17.945419,59.401619]]}},{"type":"Feature","properties":{"mode":"bus","n":5,"arr":["156","501","509","515","595"],"lines":"156, 501, 509, 515, 595"},"geometry":{"type":"LineString","coordinates":[[18.008857,59.364561],[18.00895,59.364453],[18.009121,59.364414]]}},{"type":"Feature","properties":{"mode":"bus","n":5,"arr":["157","159","179","517","591"],"lines":"157, 159, 179, 517, 591"},"geometry":{"type":"LineString","coordinates":[[17.891844,59.386128],[17.891879,59.386032],[17.891962,59.385991],[17.892162,59.385989]]}},{"type":"Feature","properties":{"mode":"bus","n":5,"arr":["157","159","179","517","591"],"lines":"157, 159, 179, 517, 591"},"geometry":{"type":"LineString","coordinates":[[17.880322,59.387311],[17.880443,59.387369]]}},{"type":"Feature","properties":{"mode":"bus","n":5,"arr":["157","159","179","517","591"],"lines":"157, 159, 179, 517, 591"},"geometry":{"type":"LineString","coordinates":[[17.876099,59.388207],[17.87709,59.387867],[17.877699,59.387697],[17.87855,59.387532],[17.879713,59.387407],[17.879983,59.387298]]}},{"type":"Feature","properties":{"mode":"bus","n":5,"arr":["157","159","179","517","591"],"lines":"157, 159, 179, 517, 591"},"geometry":{"type":"LineString","coordinates":[[17.892762,59.385884],[17.89316,59.38575],[17.893734,59.385513],[17.895273,59.384725],[17.896582,59.383994],[17.897241,59.383562],[17.897785,59.383257]]}},{"type":"Feature","properties":{"mode":"bus","n":5,"arr":["157","196","504","540","591"],"lines":"157, 196, 504, 540, 591"},"geometry":{"type":"LineString","coordinates":[[17.9385,59.381637],[17.938732,59.381611],[17.938902,59.381646]]}},{"type":"Feature","properties":{"mode":"bus","n":5,"arr":["161","743","745","748","803"],"lines":"161, 743, 745, 748, 803"},"geometry":{"type":"LineString","coordinates":[[18.003125,59.29512],[18.003355,59.295187],[18.003494,59.295308]]}},{"type":"Feature","properties":{"mode":"bus","n":6,"arr":["163","812C","813C","815C","816","890"],"lines":"163, 812C, 813C, 815C, 816, 890"},"geometry":{"type":"LineString","coordinates":[[18.087387,59.288352],[18.087684,59.288318],[18.087837,59.288327],[18.088021,59.288359],[18.088187,59.288418],[18.08828,59.288491]]}},{"type":"Feature","properties":{"mode":"bus","n":7,"arr":["163","193","812C","813C","815C","816","890"],"lines":"163, 193, 812C, 813C, 815C, 816, 890"},"geometry":{"type":"LineString","coordinates":[[18.088197,59.288691],[18.088194,59.288695]]}},{"type":"Feature","properties":{"mode":"bus","n":5,"arr":["163","193","812C","813C","815C"],"lines":"163, 193, 812C, 813C, 815C"},"geometry":{"type":"LineString","coordinates":[[18.088194,59.288695],[18.08801,59.288727],[18.087704,59.288727],[18.087392,59.288647],[18.087276,59.28858]]}},{"type":"Feature","properties":{"mode":"bus","n":9,"arr":["163","193","804","805","812C","813C","815C","816","890"],"lines":"163, 193, 804, 805, 812C, 813C, 815C, 816, 890"},"geometry":{"type":"LineString","coordinates":[[18.087276,59.28858],[18.087254,59.288554]]}},{"type":"Feature","properties":{"mode":"bus","n":8,"arr":["172","711","713","726","740","742","794","865"],"lines":"172, 711, 713, 726, 740, 742, 794, 865"},"geometry":{"type":"LineString","coordinates":[[17.942619,59.220796],[17.942777,59.22079],[17.942866,59.220746]]}},{"type":"Feature","properties":{"mode":"bus","n":8,"arr":["172","711","713","726","740","742","794","865"],"lines":"172, 711, 713, 726, 740, 742, 794, 865"},"geometry":{"type":"LineString","coordinates":[[17.942778,59.220599],[17.942594,59.220598],[17.942516,59.220631],[17.942476,59.220688]]}},{"type":"Feature","properties":{"mode":"bus","n":6,"arr":["172","713","726","740","794","865"],"lines":"172, 713, 726, 740, 794, 865"},"geometry":{"type":"LineString","coordinates":[[17.935905,59.223402],[17.935917,59.223376],[17.938824,59.222292]]}},{"type":"Feature","properties":{"mode":"bus","n":6,"arr":["172","713","726","740","794","865"],"lines":"172, 713, 726, 740, 794, 865"},"geometry":{"type":"LineString","coordinates":[[17.938462,59.222211],[17.935733,59.223225],[17.935577,59.223222],[17.935443,59.223262],[17.935374,59.223334],[17.935393,59.223414],[17.935491,59.223474],[17.935637,59.223498]]}},{"type":"Feature","properties":{"mode":"bus","n":5,"arr":["172","713","740","794","865"],"lines":"172, 713, 740, 794, 865"},"geometry":{"type":"LineString","coordinates":[[17.935637,59.223498],[17.935802,59.223473],[17.935905,59.223402]]}},{"type":"Feature","properties":{"mode":"bus","n":5,"arr":["172","713","740","794","865"],"lines":"172, 713, 740, 794, 865"},"geometry":{"type":"LineString","coordinates":[[17.934517,59.226428],[17.932817,59.226132],[17.930977,59.225922],[17.93094,59.225914],[17.930922,59.225899],[17.930923,59.225879],[17.931218,59.225191],[17.931903,59.224744],[17.935434,59.223448]]}},{"type":"Feature","properties":{"mode":"bus","n":8,"arr":["172","191","350","702","707","737","748","795"],"lines":"172, 191, 350, 702, 707, 737, 748, 795"},"geometry":{"type":"LineString","coordinates":[[17.865308,59.250273],[17.865401,59.250186],[17.865409,59.250121]]}},{"type":"Feature","properties":{"mode":"bus","n":8,"arr":["172","191","350","702","707","737","748","795"],"lines":"172, 191, 350, 702, 707, 737, 748, 795"},"geometry":{"type":"LineString","coordinates":[[17.865017,59.25033],[17.86478,59.250276]]}},{"type":"Feature","properties":{"mode":"bus","n":8,"arr":["172","191","350","702","707","737","748","795"],"lines":"172, 191, 350, 702, 707, 737, 748, 795"},"geometry":{"type":"LineString","coordinates":[[17.861683,59.24768],[17.861767,59.24769],[17.862456,59.248085],[17.862847,59.248267],[17.863576,59.248549],[17.864328,59.248765],[17.865481,59.249029],[17.865507,59.249038],[17.86552,59.249048],[17.865521,59.249061],[17.86551,59.249075],[17.865316,59.249249],[17.865131,59.249356],[17.864914,59.24945],[17.86454,59.249554],[17.864507,59.249567],[17.864487,59.249585],[17.864481,59.249607],[17.864486,59.249673],[17.86469,59.249961],[17.864719,59.250049],[17.864676,59.250111]]}},{"type":"Feature","properties":{"mode":"bus","n":8,"arr":["172","191","350","702","707","737","748","795"],"lines":"172, 191, 350, 702, 707, 737, 748, 795"},"geometry":{"type":"LineString","coordinates":[[17.860805,59.248019],[17.860793,59.248059],[17.860794,59.248079],[17.860813,59.248097],[17.860874,59.248135],[17.861607,59.24836],[17.86189,59.248552],[17.861963,59.248559],[17.862,59.248559],[17.862033,59.24855],[17.862193,59.248486],[17.86223,59.248476],[17.862267,59.248476],[17.862304,59.248486],[17.862701,59.248645],[17.863585,59.248918],[17.863816,59.249026],[17.864118,59.249232],[17.864479,59.249571],[17.864623,59.249642],[17.864867,59.24991],[17.864983,59.249955],[17.865232,59.24998]]}},{"type":"Feature","properties":{"mode":"bus","n":6,"arr":["172","191","707","737","748","795"],"lines":"172, 191, 707, 737, 748, 795"},"geometry":{"type":"LineString","coordinates":[[17.865308,59.250273],[17.865204,59.250311],[17.865017,59.25033]]}},{"type":"Feature","properties":{"mode":"bus","n":5,"arr":["172","191","350","702","707"],"lines":"172, 191, 350, 702, 707"},"geometry":{"type":"LineString","coordinates":[[17.864676,59.250111],[17.864706,59.250222],[17.86478,59.250276]]}},{"type":"Feature","properties":{"mode":"bus","n":6,"arr":["172","350","702","737","748","795"],"lines":"172, 350, 702, 737, 748, 795"},"geometry":{"type":"LineString","coordinates":[[17.865232,59.24998],[17.865325,59.250019],[17.865409,59.250121]]}},{"type":"Feature","properties":{"mode":"bus","n":5,"arr":["172","702","737","748","795"],"lines":"172, 702, 737, 748, 795"},"geometry":{"type":"LineString","coordinates":[[17.853435,59.252443],[17.853603,59.252524]]}},{"type":"Feature","properties":{"mode":"bus","n":6,"arr":["173","710","737","740","748","865"],"lines":"173, 710, 737, 740, 748, 865"},"geometry":{"type":"LineString","coordinates":[[17.911909,59.266004],[17.912016,59.265947]]}},{"type":"Feature","properties":{"mode":"bus","n":6,"arr":["173","710","737","740","748","865"],"lines":"173, 710, 737, 740, 748, 865"},"geometry":{"type":"LineString","coordinates":[[17.911883,59.269118],[17.911843,59.269014],[17.912177,59.266266],[17.912329,59.266084],[17.912342,59.266052],[17.912326,59.266021],[17.912271,59.265962]]}},{"type":"Feature","properties":{"mode":"bus","n":6,"arr":["173","710","737","740","748","865"],"lines":"173, 710, 737, 740, 748, 865"},"geometry":{"type":"LineString","coordinates":[[17.91162,59.269151],[17.911847,59.267659],[17.912002,59.266262],[17.911978,59.266149],[17.911912,59.266108]]}},{"type":"Feature","properties":{"mode":"bus","n":5,"arr":["173","737","740","748","865"],"lines":"173, 737, 740, 748, 865"},"geometry":{"type":"LineString","coordinates":[[17.912016,59.265947],[17.912192,59.26594],[17.912271,59.265962]]}},{"type":"Feature","properties":{"mode":"bus","n":5,"arr":["173","737","740","748","865"],"lines":"173, 737, 740, 748, 865"},"geometry":{"type":"LineString","coordinates":[[17.905477,59.264501],[17.905622,59.264589],[17.905816,59.2646],[17.905966,59.26466],[17.906621,59.264995],[17.906937,59.265209],[17.907701,59.265569],[17.908511,59.265822],[17.909257,59.26595],[17.90987,59.266006],[17.911033,59.266037],[17.911909,59.266004]]}},{"type":"Feature","properties":{"mode":"bus","n":7,"arr":["173","707","710","737","740","748","865"],"lines":"173, 707, 710, 737, 740, 748, 865"},"geometry":{"type":"LineString","coordinates":[[17.911906,59.269359],[17.911997,59.269324],[17.912053,59.269222],[17.91202,59.269175],[17.911883,59.269118]]}},{"type":"Feature","properties":{"mode":"bus","n":7,"arr":["173","707","710","737","740","748","865"],"lines":"173, 707, 710, 737, 740, 748, 865"},"geometry":{"type":"LineString","coordinates":[[17.919641,59.273324],[17.919444,59.273339]]}},{"type":"Feature","properties":{"mode":"bus","n":7,"arr":["173","707","710","737","740","748","865"],"lines":"173, 707, 710, 737, 740, 748, 865"},"geometry":{"type":"LineString","coordinates":[[17.911712,59.269362],[17.911566,59.269288],[17.911549,59.269236],[17.91162,59.269151]]}},{"type":"Feature","properties":{"mode":"bus","n":8,"arr":["173","707","710","737","740","748","792","865"],"lines":"173, 707, 710, 737, 740, 748, 792, 865"},"geometry":{"type":"LineString","coordinates":[[17.919302,59.272999],[17.919568,59.272989]]}},{"type":"Feature","properties":{"mode":"bus","n":8,"arr":["173","707","710","737","740","748","792","865"],"lines":"173, 707, 710, 737, 740, 748, 792, 865"},"geometry":{"type":"LineString","coordinates":[[17.919833,59.273129],[17.919837,59.273182]]}},{"type":"Feature","properties":{"mode":"bus","n":8,"arr":["173","707","710","737","740","748","792","865"],"lines":"173, 707, 710, 737, 740, 748, 792, 865"},"geometry":{"type":"LineString","coordinates":[[17.919161,59.273273],[17.919104,59.27319]]}},{"type":"Feature","properties":{"mode":"bus","n":5,"arr":["173","707","748","792","865"],"lines":"173, 707, 748, 792, 865"},"geometry":{"type":"LineString","coordinates":[[17.919568,59.272989],[17.9197,59.273025],[17.919833,59.273129]]}},{"type":"Feature","properties":{"mode":"bus","n":5,"arr":["173","703","704","710","792"],"lines":"173, 703, 704, 710, 792"},"geometry":{"type":"LineString","coordinates":[[17.94264,59.279522],[17.942566,59.279549]]}},{"type":"Feature","properties":{"mode":"bus","n":5,"arr":["173","703","704","710","792"],"lines":"173, 703, 704, 710, 792"},"geometry":{"type":"LineString","coordinates":[[17.942949,59.27954],[17.943051,59.27964]]}},{"type":"Feature","properties":{"mode":"bus","n":5,"arr":["173","703","704","710","792"],"lines":"173, 703, 704, 710, 792"},"geometry":{"type":"LineString","coordinates":[[17.942939,59.279768],[17.942845,59.279792],[17.942619,59.279777],[17.942506,59.279711],[17.942483,59.279664]]}},{"type":"Feature","properties":{"mode":"bus","n":20,"arr":["176","176X","177","178","601","602","604","604X","605","606","607","609","610","611","613","629","690","691","695","697"],"lines":"176, 176X, 177, 178, 601, 602, 604, 604X, 605, 606, 607, 609, 610, 611, 613, 629, 690, 691, 695, 697"},"geometry":{"type":"LineString","coordinates":[[18.042262,59.391754],[18.042332,59.391729]]}},{"type":"Feature","properties":{"mode":"bus","n":28,"arr":["176","176X","177","178","601","602","604","604X","605","606","607","609","610","610E","611","613","624","628","629","670","670X","680","690","691","694","695","697","699"],"lines":"176, 176X, 177, 178, 601, 602, 604, 604X, 605, 606, 607, 609, 610, 610E, 611, 613, 624, 628, 629, 670, 670X, 680, 690, 691, 694, 695, 697, 699"},"geometry":{"type":"LineString","coordinates":[[18.042345,59.389916],[18.042058,59.391307],[18.041987,59.391521],[18.041889,59.391591],[18.041879,59.391644],[18.041954,59.391726]]}},{"type":"Feature","properties":{"mode":"bus","n":14,"arr":["176","176X","177","301","302","304","305","309","311","316","317","318","325","396"],"lines":"176, 176X, 177, 301, 302, 304, 305, 309, 311, 316, 317, 318, 325, 396"},"geometry":{"type":"LineString","coordinates":[[17.860381,59.310997],[17.860147,59.311171],[17.859864,59.311304],[17.859798,59.311416],[17.859828,59.311496],[17.860028,59.311595],[17.860096,59.311681],[17.860219,59.311993]]}},{"type":"Feature","properties":{"mode":"bus","n":14,"arr":["176","176X","177","301","302","304","305","309","311","316","317","318","325","396"],"lines":"176, 176X, 177, 301, 302, 304, 305, 309, 311, 316, 317, 318, 325, 396"},"geometry":{"type":"LineString","coordinates":[[17.855222,59.3038],[17.855179,59.304115],[17.855004,59.304381],[17.855082,59.304492],[17.855269,59.304557],[17.855424,59.304685],[17.855602,59.304943]]}},{"type":"Feature","properties":{"mode":"bus","n":14,"arr":["176","176X","177","301","302","304","305","309","311","316","317","318","325","396"],"lines":"176, 176X, 177, 301, 302, 304, 305, 309, 311, 316, 317, 318, 325, 396"},"geometry":{"type":"LineString","coordinates":[[17.810998,59.29385],[17.811066,59.293741],[17.81127,59.293654]]}},{"type":"Feature","properties":{"mode":"bus","n":14,"arr":["176","176X","177","301","302","304","305","309","311","316","317","318","325","396"],"lines":"176, 176X, 177, 301, 302, 304, 305, 309, 311, 316, 317, 318, 325, 396"},"geometry":{"type":"LineString","coordinates":[[17.84714,59.296797],[17.847834,59.296927],[17.848599,59.297125],[17.849124,59.297308],[17.849905,59.297633],[17.850354,59.297875],[17.850776,59.298152],[17.851233,59.298527],[17.851613,59.29891],[17.852932,59.300345],[17.853319,59.300864]]}},{"type":"Feature","properties":{"mode":"bus","n":15,"arr":["176","176X","177","301","302","304","305","309","311","316","317","318","325","340","396"],"lines":"176, 176X, 177, 301, 302, 304, 305, 309, 311, 316, 317, 318, 325, 340, 396"},"geometry":{"type":"LineString","coordinates":[[17.811785,59.293959],[17.81182,59.293913]]}},{"type":"Feature","properties":{"mode":"bus","n":15,"arr":["176","176X","177","301","302","304","305","309","311","316","317","318","325","340","396"],"lines":"176, 176X, 177, 301, 302, 304, 305, 309, 311, 316, 317, 318, 325, 340, 396"},"geometry":{"type":"LineString","coordinates":[[17.810998,59.29385],[17.811084,59.29398],[17.811193,59.294033],[17.811326,59.29406]]}},{"type":"Feature","properties":{"mode":"bus","n":12,"arr":["176","176X","177","301","302","304","305","309","311","317","325","396"],"lines":"176, 176X, 177, 301, 302, 304, 305, 309, 311, 317, 325, 396"},"geometry":{"type":"LineString","coordinates":[[17.811326,59.29406],[17.811588,59.294047],[17.811785,59.293959]]}},{"type":"Feature","properties":{"mode":"bus","n":9,"arr":["176","177","302","305","309","311","311E","340","396"],"lines":"176, 177, 302, 305, 309, 311, 311E, 340, 396"},"geometry":{"type":"LineString","coordinates":[[17.801231,59.28706],[17.801353,59.287039],[17.801595,59.287079],[17.802194,59.287224],[17.802959,59.287456],[17.80371,59.287734],[17.804391,59.288025],[17.805067,59.288369],[17.805689,59.288734],[17.80655,59.289351],[17.806708,59.289536],[17.806766,59.289668],[17.806751,59.289773],[17.806829,59.289833],[17.806955,59.289865]]}},{"type":"Feature","properties":{"mode":"bus","n":9,"arr":["176","177","302","305","309","311","311E","340","396"],"lines":"176, 177, 302, 305, 309, 311, 311E, 340, 396"},"geometry":{"type":"LineString","coordinates":[[17.801014,59.28695],[17.801045,59.287018]]}},{"type":"Feature","properties":{"mode":"bus","n":8,"arr":["176","177","302","309","311","311E","340","396"],"lines":"176, 177, 302, 309, 311, 311E, 340, 396"},"geometry":{"type":"LineString","coordinates":[[17.801045,59.287018],[17.801094,59.287044],[17.801231,59.28706]]}},{"type":"Feature","properties":{"mode":"bus","n":9,"arr":["176","177","177E","302","305","309","311","340","396"],"lines":"176, 177, 177E, 302, 305, 309, 311, 340, 396"},"geometry":{"type":"LineString","coordinates":[[17.801125,59.286858],[17.801253,59.286855],[17.80131,59.286861],[17.801357,59.286879],[17.801432,59.286925],[17.80225,59.287143],[17.803004,59.287388],[17.804505,59.287982],[17.805195,59.288341],[17.805818,59.288704],[17.806967,59.289526],[17.807228,59.289653],[17.80727,59.289755],[17.80721,59.289819],[17.807096,59.289859],[17.806955,59.289865]]}},{"type":"Feature","properties":{"mode":"bus","n":7,"arr":["176","176X","316","317","318","340","396"],"lines":"176, 176X, 316, 317, 318, 340, 396"},"geometry":{"type":"LineString","coordinates":[[17.81127,59.293654],[17.811479,59.293642],[17.811644,59.293672]]}},{"type":"Feature","properties":{"mode":"bus","n":7,"arr":["176","176X","316","317","318","340","396"],"lines":"176, 176X, 316, 317, 318, 340, 396"},"geometry":{"type":"LineString","coordinates":[[17.811615,59.294401],[17.811785,59.293959]]}},{"type":"Feature","properties":{"mode":"bus","n":7,"arr":["176","176X","316","317","318","340","396"],"lines":"176, 176X, 316, 317, 318, 340, 396"},"geometry":{"type":"LineString","coordinates":[[17.750289,59.323619],[17.750588,59.323519],[17.751255,59.323366],[17.751866,59.323234],[17.752421,59.323153],[17.753371,59.323119],[17.758311,59.323215],[17.758686,59.323193],[17.759386,59.32311],[17.76028,59.32293],[17.760587,59.32284],[17.761142,59.322615],[17.768007,59.319152],[17.768612,59.31879],[17.769248,59.318312],[17.770052,59.317448],[17.774907,59.310113],[17.776083,59.308701],[17.778618,59.306288],[17.779275,59.305782],[17.780588,59.30491],[17.782197,59.304122],[17.783203,59.30368],[17.78455,59.303186],[17.786132,59.30273],[17.787746,59.302416],[17.788656,59.302284],[17.789524,59.302225],[17.790437,59.302173],[17.797804,59.302177],[17.798736,59.30223],[17.802162,59.302584],[17.803422,59.302676],[17.804129,59.302677],[17.804593,59.302667],[17.805139,59.302622],[17.805966,59.302511],[17.806909,59.302286],[17.807783,59.302014],[17.809079,59.301327],[17.80963,59.300812],[17.809994,59.300293],[17.811593,59.294697],[17.811615,59.294401],[17.811326,59.29406]]}},{"type":"Feature","properties":{"mode":"bus","n":10,"arr":["176","176X","177","301","316","317","318","325","340","396"],"lines":"176, 176X, 177, 301, 316, 317, 318, 325, 340, 396"},"geometry":{"type":"LineString","coordinates":[[17.811644,59.293672],[17.811805,59.293771],[17.81182,59.293913]]}},{"type":"Feature","properties":{"mode":"bus","n":14,"arr":["176","176X","177","177E","301","302","304","309","311","316","317","318","325","396"],"lines":"176, 176X, 177, 177E, 301, 302, 304, 309, 311, 316, 317, 318, 325, 396"},"geometry":{"type":"LineString","coordinates":[[17.855674,59.304488],[17.855727,59.304436],[17.855731,59.304322],[17.855683,59.30427],[17.855422,59.304139],[17.855222,59.3038]]}},{"type":"Feature","properties":{"mode":"bus","n":14,"arr":["176","176X","177","177E","301","302","304","309","311","316","317","318","325","396"],"lines":"176, 176X, 177, 177E, 301, 302, 304, 309, 311, 316, 317, 318, 325, 396"},"geometry":{"type":"LineString","coordinates":[[17.860453,59.311265],[17.860559,59.311381],[17.860553,59.311438],[17.860527,59.311491],[17.860416,59.311566]]}},{"type":"Feature","properties":{"mode":"bus","n":14,"arr":["176","176X","177","177E","301","302","304","309","311","316","317","318","325","396"],"lines":"176, 176X, 177, 177E, 301, 302, 304, 309, 311, 316, 317, 318, 325, 396"},"geometry":{"type":"LineString","coordinates":[[17.84714,59.296797],[17.847892,59.297006],[17.848776,59.297331],[17.849269,59.297545],[17.850059,59.297996],[17.850769,59.298563],[17.853319,59.300864]]}},{"type":"Feature","properties":{"mode":"bus","n":6,"arr":["176","176X","304","309","317","318"],"lines":"176, 176X, 304, 309, 317, 318"},"geometry":{"type":"LineString","coordinates":[[17.860031,59.311231],[17.860281,59.311224],[17.860453,59.311265]]}},{"type":"Feature","properties":{"mode":"bus","n":29,"arr":["176","176X","177","178","601","602","604","604X","605","606","607","609","610","610E","611","613","624","628","629","670","670X","680","690","691","694","695","697","698","699"],"lines":"176, 176X, 177, 178, 601, 602, 604, 604X, 605, 606, 607, 609, 610, 610E, 611, 613, 624, 628, 629, 670, 670X, 680, 690, 691, 694, 695, 697, 698, 699"},"geometry":{"type":"LineString","coordinates":[[18.042391,59.391575],[18.042283,59.391463],[18.042238,59.39133],[18.042258,59.391191]]}},{"type":"Feature","properties":{"mode":"bus","n":8,"arr":["177","302","305","309","311","311E","340","396"],"lines":"177, 302, 305, 309, 311, 311E, 340, 396"},"geometry":{"type":"LineString","coordinates":[[17.790063,59.279787],[17.790045,59.279866],[17.790049,59.27989],[17.790075,59.279911],[17.790141,59.279945]]}},{"type":"Feature","properties":{"mode":"bus","n":8,"arr":["177","177E","302","305","309","311","340","396"],"lines":"177, 177E, 302, 305, 309, 311, 340, 396"},"geometry":{"type":"LineString","coordinates":[[17.79031,59.279753],[17.790408,59.279798],[17.790415,59.279858],[17.790406,59.279887],[17.790372,59.279911],[17.790324,59.279934],[17.790283,59.279946],[17.790235,59.279949],[17.790141,59.279945]]}},{"type":"Feature","properties":{"mode":"bus","n":8,"arr":["178","541","543","553H","553V","564H","564Y","591"],"lines":"178, 541, 543, 553H, 553V, 564H, 564Y, 591"},"geometry":{"type":"LineString","coordinates":[[17.828336,59.414881],[17.828297,59.415415],[17.828373,59.415724],[17.828707,59.416567],[17.829508,59.418029],[17.829511,59.418049],[17.829495,59.418068],[17.829449,59.418102],[17.829446,59.418157],[17.829518,59.418214],[17.829584,59.418228],[17.829612,59.418238],[17.829628,59.418254],[17.830014,59.419054],[17.830469,59.419878],[17.830885,59.420489]]}},{"type":"Feature","properties":{"mode":"bus","n":8,"arr":["178","541","543","553H","553V","564V","564Y","591"],"lines":"178, 541, 543, 553H, 553V, 564V, 564Y, 591"},"geometry":{"type":"LineString","coordinates":[[17.828486,59.414881],[17.828427,59.41544],[17.828658,59.416247],[17.828802,59.416564],[17.829622,59.417973],[17.829669,59.418028],[17.829763,59.418059],[17.829803,59.418079],[17.829819,59.418107],[17.829831,59.418172]]}},{"type":"Feature","properties":{"mode":"bus","n":9,"arr":["178","541","543","544","553H","553V","564V","564Y","591"],"lines":"178, 541, 543, 544, 553H, 553V, 564V, 564Y, 591"},"geometry":{"type":"LineString","coordinates":[[17.830885,59.420489],[17.829782,59.418229],[17.829781,59.418213],[17.829794,59.418198],[17.829831,59.418172]]}},{"type":"Feature","properties":{"mode":"bus","n":6,"arr":["179","197","523","567","613","687"],"lines":"179, 197, 523, 567, 613, 687"},"geometry":{"type":"LineString","coordinates":[[17.954546,59.425824],[17.954663,59.425612],[17.954874,59.425361],[17.954956,59.425152],[17.954974,59.424948],[17.954796,59.424486],[17.954552,59.42419]]}},{"type":"Feature","properties":{"mode":"bus","n":6,"arr":["179","197","523","567","613","687"],"lines":"179, 197, 523, 567, 613, 687"},"geometry":{"type":"LineString","coordinates":[[17.954092,59.425862],[17.954125,59.425921],[17.954247,59.425972],[17.954427,59.425967],[17.9545,59.425937]]}},{"type":"Feature","properties":{"mode":"bus","n":6,"arr":["179","197","523","567","613","687"],"lines":"179, 197, 523, 567, 613, 687"},"geometry":{"type":"LineString","coordinates":[[17.954766,59.424635],[17.954828,59.424914],[17.954732,59.425296],[17.95456,59.425521],[17.954325,59.42573],[17.95431,59.425739],[17.954289,59.425744],[17.954245,59.425749]]}},{"type":"Feature","properties":{"mode":"bus","n":5,"arr":["179","197","567","613","687"],"lines":"179, 197, 567, 613, 687"},"geometry":{"type":"LineString","coordinates":[[17.9545,59.425937],[17.954556,59.425878],[17.954546,59.425824]]}},{"type":"Feature","properties":{"mode":"bus","n":5,"arr":["179","197","567","613","687"],"lines":"179, 197, 567, 613, 687"},"geometry":{"type":"LineString","coordinates":[[17.946203,59.422736],[17.947554,59.423518],[17.948083,59.423779],[17.949984,59.424497],[17.951406,59.424988],[17.953738,59.425726],[17.954092,59.425862]]}},{"type":"Feature","properties":{"mode":"bus","n":5,"arr":["179","197","567","613","687"],"lines":"179, 197, 567, 613, 687"},"geometry":{"type":"LineString","coordinates":[[17.940365,59.419067],[17.940598,59.419151],[17.941223,59.419481],[17.944006,59.421253],[17.946127,59.422687]]}},{"type":"Feature","properties":{"mode":"bus","n":5,"arr":["179","197","567","613","687"],"lines":"179, 197, 567, 613, 687"},"geometry":{"type":"LineString","coordinates":[[17.932136,59.415413],[17.932914,59.415849],[17.93337,59.416065],[17.933953,59.416269],[17.937091,59.417259],[17.937866,59.417593],[17.939321,59.418365],[17.940093,59.418926]]}},{"type":"Feature","properties":{"mode":"bus","n":5,"arr":["179","197","567","613","687"],"lines":"179, 197, 567, 613, 687"},"geometry":{"type":"LineString","coordinates":[[17.931534,59.414818],[17.930934,59.414408]]}},{"type":"Feature","properties":{"mode":"bus","n":5,"arr":["179","197","567","613","687"],"lines":"179, 197, 567, 613, 687"},"geometry":{"type":"LineString","coordinates":[[17.940592,59.418762],[17.940424,59.418709],[17.940101,59.418543],[17.938392,59.417615],[17.937329,59.417205]]}},{"type":"Feature","properties":{"mode":"bus","n":5,"arr":["179","197","567","613","687"],"lines":"179, 197, 567, 613, 687"},"geometry":{"type":"LineString","coordinates":[[17.954245,59.425749],[17.954041,59.42571],[17.952834,59.425352],[17.949388,59.424169],[17.94819,59.423684],[17.947556,59.423372],[17.941366,59.419411],[17.941016,59.419114],[17.940816,59.418889]]}},{"type":"Feature","properties":{"mode":"bus","n":6,"arr":["179","197","528","567","613","687"],"lines":"179, 197, 528, 567, 613, 687"},"geometry":{"type":"LineString","coordinates":[[17.940093,59.418926],[17.940079,59.418983],[17.940133,59.419029],[17.940169,59.419048],[17.940218,59.419057],[17.940365,59.419067]]}},{"type":"Feature","properties":{"mode":"bus","n":6,"arr":["179","197","528","567","613","687"],"lines":"179, 197, 528, 567, 613, 687"},"geometry":{"type":"LineString","coordinates":[[17.940816,59.418889],[17.940819,59.418841],[17.940746,59.418781],[17.940592,59.418762]]}},{"type":"Feature","properties":{"mode":"bus","n":5,"arr":["179","612","613","685","687"],"lines":"179, 612, 613, 685, 687"},"geometry":{"type":"LineString","coordinates":[[17.929913,59.414483],[17.930101,59.414611],[17.930398,59.414661]]}},{"type":"Feature","properties":{"mode":"bus","n":6,"arr":["179","196","511","514","514X","540"],"lines":"179, 196, 511, 514, 514X, 540"},"geometry":{"type":"LineString","coordinates":[[17.933398,59.383294],[17.933425,59.38338],[17.933363,59.383433],[17.933321,59.383456],[17.933265,59.383468],[17.933097,59.383485],[17.932795,59.383558],[17.932213,59.383769],[17.93176,59.383888],[17.929528,59.384393],[17.927139,59.3849],[17.924208,59.385571],[17.923908,59.385694],[17.923888,59.385723],[17.923974,59.385952]]}},{"type":"Feature","properties":{"mode":"bus","n":6,"arr":["179","196","511","514","514X","540"],"lines":"179, 196, 511, 514, 514X, 540"},"geometry":{"type":"LineString","coordinates":[[17.923792,59.385595],[17.923662,59.385614],[17.923628,59.385623],[17.923605,59.385636],[17.923593,59.385654],[17.923584,59.38568],[17.923588,59.385708],[17.92362,59.385732],[17.923779,59.385804],[17.923974,59.385952],[17.926397,59.388723]]}},{"type":"Feature","properties":{"mode":"bus","n":6,"arr":["179","196","511","514","514X","540"],"lines":"179, 196, 511, 514, 514X, 540"},"geometry":{"type":"LineString","coordinates":[[17.932913,59.383386],[17.932959,59.383277],[17.933061,59.383232],[17.933138,59.383226]]}},{"type":"Feature","properties":{"mode":"bus","n":5,"arr":["179","196","514","514X","540"],"lines":"179, 196, 514, 514X, 540"},"geometry":{"type":"LineString","coordinates":[[17.90642,59.394231],[17.907273,59.394969],[17.909177,59.396879],[17.909539,59.397136],[17.909619,59.397178],[17.909642,59.397186],[17.90967,59.397189],[17.909725,59.397188],[17.909989,59.397149],[17.910792,59.396961],[17.91081,59.396957],[17.910821,59.396955],[17.910825,59.396955],[17.910823,59.396957],[17.910814,59.39696],[17.910798,59.396966],[17.910409,59.397101],[17.910106,59.397244],[17.910009,59.39731],[17.91,59.397418],[17.909937,59.397471],[17.909842,59.39751],[17.909627,59.397527],[17.909449,59.397481],[17.909387,59.397439],[17.909353,59.397389],[17.909359,59.397181],[17.909177,59.396879]]}},{"type":"Feature","properties":{"mode":"bus","n":5,"arr":["179","196","514","514X","540"],"lines":"179, 196, 514, 514X, 540"},"geometry":{"type":"LineString","coordinates":[[17.934858,59.382594],[17.934397,59.382595],[17.934233,59.382624],[17.934041,59.382702],[17.933869,59.382798],[17.933455,59.383136],[17.933398,59.383294]]}},{"type":"Feature","properties":{"mode":"bus","n":5,"arr":["179","196","514","514X","540"],"lines":"179, 196, 514, 514X, 540"},"geometry":{"type":"LineString","coordinates":[[17.933138,59.383226],[17.933507,59.383012],[17.933797,59.382761],[17.934184,59.382555],[17.934515,59.382424],[17.934601,59.382354]]}},{"type":"Feature","properties":{"mode":"bus","n":5,"arr":["179","196","514","514X","540"],"lines":"179, 196, 514, 514X, 540"},"geometry":{"type":"LineString","coordinates":[[17.926397,59.388723],[17.927253,59.389741],[17.929175,59.392382],[17.929182,59.392402],[17.929168,59.392418],[17.929134,59.392429],[17.926976,59.392841],[17.926773,59.392893],[17.926031,59.393163],[17.925463,59.393313],[17.92305,59.393807],[17.92107,59.394247],[17.919024,59.394755],[17.917338,59.395139],[17.916134,59.395475],[17.915012,59.395877],[17.913172,59.396456],[17.912641,59.396594],[17.910856,59.396946]]}},{"type":"Feature","properties":{"mode":"bus","n":6,"arr":["181","184","193","828","830","831"],"lines":"181, 184, 193, 828, 830, 831"},"geometry":{"type":"LineString","coordinates":[[18.103969,59.242015],[18.104132,59.242043]]}},{"type":"Feature","properties":{"mode":"bus","n":6,"arr":["181","184","193","828","830","831"],"lines":"181, 184, 193, 828, 830, 831"},"geometry":{"type":"LineString","coordinates":[[18.104319,59.241784],[18.104172,59.241751],[18.104,59.241774],[18.103913,59.241805],[18.103854,59.241917],[18.103765,59.241962],[18.102868,59.242272]]}},{"type":"Feature","properties":{"mode":"bus","n":6,"arr":["181","184","193","828","830","831"],"lines":"181, 184, 193, 828, 830, 831"},"geometry":{"type":"LineString","coordinates":[[18.104366,59.241983],[18.104417,59.241923]]}},{"type":"Feature","properties":{"mode":"bus","n":6,"arr":["181","185H","190","193","833","893"],"lines":"181, 185H, 190, 193, 833, 893"},"geometry":{"type":"LineString","coordinates":[[18.092238,59.237945],[18.091927,59.237975]]}},{"type":"Feature","properties":{"mode":"bus","n":5,"arr":["181","190","193","833","893"],"lines":"181, 190, 193, 833, 893"},"geometry":{"type":"LineString","coordinates":[[18.091927,59.237975],[18.091779,59.237953],[18.09162,59.237892]]}},{"type":"Feature","properties":{"mode":"bus","n":6,"arr":["181","185V","190","193","833","893"],"lines":"181, 185V, 190, 193, 833, 893"},"geometry":{"type":"LineString","coordinates":[[18.092085,59.237483],[18.091862,59.237491],[18.091681,59.237533],[18.091569,59.237598],[18.091505,59.237738],[18.09162,59.237892]]}},{"type":"Feature","properties":{"mode":"bus","n":7,"arr":["181","184","185V","190","193","833","893"],"lines":"181, 184, 185V, 190, 193, 833, 893"},"geometry":{"type":"LineString","coordinates":[[18.092387,59.237584],[18.092465,59.237677],[18.092468,59.237768],[18.092379,59.237878],[18.092238,59.237945]]}},{"type":"Feature","properties":{"mode":"bus","n":5,"arr":["193","812C","813C","815C","890"],"lines":"193, 812C, 813C, 815C, 890"},"geometry":{"type":"LineString","coordinates":[[18.08828,59.288491],[18.088291,59.288593],[18.088197,59.288691]]}},{"type":"Feature","properties":{"mode":"bus","n":6,"arr":["193","194","791","809","810","890"],"lines":"193, 194, 791, 809, 810, 890"},"geometry":{"type":"LineString","coordinates":[[18.081403,59.299389],[18.08149,59.299251]]}},{"type":"Feature","properties":{"mode":"bus","n":8,"arr":["193","804","805","812C","813C","815C","816","890"],"lines":"193, 804, 805, 812C, 813C, 815C, 816, 890"},"geometry":{"type":"LineString","coordinates":[[18.087254,59.288554],[18.08727,59.288462],[18.087387,59.288352]]}},{"type":"Feature","properties":{"mode":"bus","n":6,"arr":["193","804","805","812C","813C","815C"],"lines":"193, 804, 805, 812C, 813C, 815C"},"geometry":{"type":"LineString","coordinates":[[18.08756,59.288148],[18.087387,59.288352]]}},{"type":"Feature","properties":{"mode":"bus","n":6,"arr":["197","501","504","504Y","506","540"],"lines":"197, 501, 504, 504Y, 506, 540"},"geometry":{"type":"LineString","coordinates":[[17.970556,59.376607],[17.970516,59.376565],[17.970536,59.376498]]}},{"type":"Feature","properties":{"mode":"bus","n":9,"arr":["201","204","205","206","211","212","238","291","293"],"lines":"201, 204, 205, 206, 211, 212, 238, 291, 293"},"geometry":{"type":"LineString","coordinates":[[18.131367,59.364943],[18.13129,59.364985],[18.131208,59.364996],[18.13107,59.364965],[18.130524,59.364912]]}},{"type":"Feature","properties":{"mode":"bus","n":9,"arr":["201","204","205","206","211","212","238","291","293"],"lines":"201, 204, 205, 206, 211, 212, 238, 291, 293"},"geometry":{"type":"LineString","coordinates":[[18.135123,59.364154],[18.134625,59.364493],[18.13391,59.364865],[18.13366,59.364941],[18.13296,59.365074],[18.132769,59.365149],[18.13271,59.365163],[18.132646,59.36516],[18.131413,59.364951],[18.131388,59.364944],[18.131373,59.364933],[18.131369,59.364918],[18.131372,59.364897],[18.131365,59.364874],[18.131339,59.364855],[18.131297,59.364835],[18.131253,59.364822],[18.131201,59.364822],[18.130524,59.364912],[18.129359,59.364944],[18.128707,59.364936],[18.127515,59.364821],[18.126598,59.364708],[18.125417,59.364517],[18.125202,59.36445],[18.124555,59.364114],[18.124294,59.364033],[18.123393,59.363821],[18.122711,59.363716]]}},{"type":"Feature","properties":{"mode":"bus","n":9,"arr":["201","204","205","206","211","212","238","291","293"],"lines":"201, 204, 205, 206, 211, 212, 238, 291, 293"},"geometry":{"type":"LineString","coordinates":[[18.122967,59.363444],[18.123908,59.363643],[18.124833,59.363887],[18.124947,59.363949],[18.125083,59.364207],[18.125182,59.36431],[18.1255,59.364445]]}},{"type":"Feature","properties":{"mode":"bus","n":7,"arr":["204","211","212","222","238","282","293"],"lines":"204, 211, 212, 222, 238, 282, 293"},"geometry":{"type":"LineString","coordinates":[[18.155661,59.371849],[18.155557,59.371886],[18.15546,59.371885],[18.155412,59.371879],[18.155373,59.371863],[18.155272,59.371801]]}},{"type":"Feature","properties":{"mode":"bus","n":5,"arr":["204","211","212","222","293"],"lines":"204, 211, 212, 222, 293"},"geometry":{"type":"LineString","coordinates":[[18.155345,59.371696],[18.155379,59.371684]]}},{"type":"Feature","properties":{"mode":"bus","n":5,"arr":["204","211","212","222","293"],"lines":"204, 211, 212, 222, 293"},"geometry":{"type":"LineString","coordinates":[[18.15753,59.372027],[18.157338,59.371975],[18.156973,59.371919],[18.155699,59.37175]]}},{"type":"Feature","properties":{"mode":"bus","n":6,"arr":["204","211","212","222","238","293"],"lines":"204, 211, 212, 222, 238, 293"},"geometry":{"type":"LineString","coordinates":[[18.155699,59.37175],[18.155584,59.37168]]}},{"type":"Feature","properties":{"mode":"bus","n":5,"arr":["401","491","801","821","840"],"lines":"401, 491, 801, 821, 840"},"geometry":{"type":"LineString","coordinates":[[18.174948,59.251865],[18.174715,59.252343],[18.174516,59.253851],[18.174489,59.254599],[18.174574,59.254866],[18.1754,59.255956],[18.175596,59.256696],[18.175741,59.257021],[18.175849,59.257121],[18.17599,59.257212],[18.176349,59.25736],[18.176788,59.257448],[18.177217,59.25748],[18.180522,59.257647],[18.180943,59.257629],[18.181614,59.257475],[18.181654,59.25747],[18.181687,59.257475],[18.181715,59.257491],[18.184773,59.260042],[18.184993,59.260345],[18.185025,59.260643],[18.184939,59.260841],[18.184915,59.260866],[18.184868,59.26088],[18.184815,59.260889],[18.18477,59.260903],[18.184743,59.260925],[18.184727,59.260949],[18.184722,59.260975],[18.184743,59.260999],[18.184783,59.261027],[18.184827,59.261046],[18.184885,59.26105],[18.184962,59.261045],[18.185,59.261039],[18.185029,59.261025],[18.185074,59.260992],[18.185073,59.260936],[18.18501,59.260889],[18.184926,59.260871]]}},{"type":"Feature","properties":{"mode":"bus","n":13,"arr":["401","405","409","410","411C","413","414","420","422","491","492","496","497"],"lines":"401, 405, 409, 410, 411C, 413, 414, 420, 422, 491, 492, 496, 497"},"geometry":{"type":"LineString","coordinates":[[18.119879,59.307129],[18.118416,59.307449],[18.116669,59.307793],[18.116583,59.307858],[18.114548,59.308377],[18.113806,59.308504],[18.113451,59.308533],[18.112665,59.308522],[18.111187,59.308347],[18.110047,59.308297],[18.108808,59.308345],[18.107969,59.308409]]}},{"type":"Feature","properties":{"mode":"bus","n":11,"arr":["401","405","409","410","413","414","420","422","491","492","496"],"lines":"401, 405, 409, 410, 413, 414, 420, 422, 491, 492, 496"},"geometry":{"type":"LineString","coordinates":[[18.107357,59.308405],[18.107611,59.308298],[18.108019,59.308206],[18.108774,59.308078],[18.109719,59.307952],[18.110472,59.307892],[18.111772,59.307835],[18.112377,59.307834],[18.112894,59.307789],[18.113222,59.30782],[18.113517,59.307882],[18.113683,59.307954],[18.114257,59.3081],[18.11453,59.308134],[18.114854,59.308134],[18.115262,59.308098],[18.11652,59.307797],[18.116669,59.307793]]}},{"type":"Feature","properties":{"mode":"bus","n":5,"arr":["405","409","449","469","821"],"lines":"405, 409, 449, 469, 821"},"geometry":{"type":"LineString","coordinates":[[18.20011,59.311901],[18.200065,59.31186],[18.200074,59.3118],[18.200158,59.311751],[18.200209,59.311663],[18.200235,59.3115],[18.199801,59.310529]]}},{"type":"Feature","properties":{"mode":"bus","n":16,"arr":["405","409","410","411C","413","414","420","422","465","469","471","492","496","497","821","840"],"lines":"405, 409, 410, 411C, 413, 414, 420, 422, 465, 469, 471, 492, 496, 497, 821, 840"},"geometry":{"type":"LineString","coordinates":[[18.164244,59.308199],[18.164084,59.308256]]}},{"type":"Feature","properties":{"mode":"bus","n":16,"arr":["405","409","410","411C","413","414","420","422","465","469","471","492","496","497","821","840"],"lines":"405, 409, 410, 411C, 413, 414, 420, 422, 465, 469, 471, 492, 496, 497, 821, 840"},"geometry":{"type":"LineString","coordinates":[[18.163783,59.308206],[18.16373,59.308148]]}},{"type":"Feature","properties":{"mode":"bus","n":12,"arr":["405","409","410","411C","413","414","420","422","492","496","497","821"],"lines":"405, 409, 410, 411C, 413, 414, 420, 422, 492, 496, 497, 821"},"geometry":{"type":"LineString","coordinates":[[18.164084,59.308256],[18.163913,59.308248],[18.163783,59.308206]]}},{"type":"Feature","properties":{"mode":"bus","n":15,"arr":["405","409","410","413","414","420","422","465","469","471","492","496","497","821","840"],"lines":"405, 409, 410, 413, 414, 420, 422, 465, 469, 471, 492, 496, 497, 821, 840"},"geometry":{"type":"LineString","coordinates":[[18.164244,59.308199],[18.164281,59.308138],[18.164247,59.308077],[18.16412,59.308019],[18.163956,59.308004]]}},{"type":"Feature","properties":{"mode":"bus","n":12,"arr":["405","409","410","413","414","420","422","469","471","492","496","821"],"lines":"405, 409, 410, 413, 414, 420, 422, 469, 471, 492, 496, 821"},"geometry":{"type":"LineString","coordinates":[[18.198306,59.310143],[18.199293,59.310235],[18.199618,59.310216],[18.199866,59.310174]]}},{"type":"Feature","properties":{"mode":"bus","n":12,"arr":["405","409","410","413","414","420","422","469","471","492","496","821"],"lines":"405, 409, 410, 413, 414, 420, 422, 469, 471, 492, 496, 821"},"geometry":{"type":"LineString","coordinates":[[18.177294,59.30914],[18.179532,59.3092],[18.181395,59.309196],[18.183988,59.309158],[18.184294,59.309158],[18.184498,59.309181]]}},{"type":"Feature","properties":{"mode":"bus","n":11,"arr":["405","409","413","414","420","422","469","471","492","496","821"],"lines":"405, 409, 413, 414, 420, 422, 469, 471, 492, 496, 821"},"geometry":{"type":"LineString","coordinates":[[18.199866,59.310174],[18.200033,59.310172],[18.200211,59.310232]]}},{"type":"Feature","properties":{"mode":"bus","n":5,"arr":["405","409","410","469","821"],"lines":"405, 409, 410, 469, 821"},"geometry":{"type":"LineString","coordinates":[[18.200211,59.310232],[18.200244,59.310325],[18.200244,59.310358],[18.200216,59.310389],[18.200125,59.310454]]}},{"type":"Feature","properties":{"mode":"bus","n":9,"arr":["409","413","414","420","422","449","471","492","496"],"lines":"409, 413, 414, 420, 422, 449, 471, 492, 496"},"geometry":{"type":"LineString","coordinates":[[18.214039,59.315159],[18.213941,59.315136]]}},{"type":"Feature","properties":{"mode":"bus","n":9,"arr":["409","413","414","420","422","449","471","492","496"],"lines":"409, 413, 414, 420, 422, 449, 471, 492, 496"},"geometry":{"type":"LineString","coordinates":[[18.214461,59.314908],[18.214493,59.315009],[18.214408,59.315108]]}},{"type":"Feature","properties":{"mode":"bus","n":9,"arr":["409","413","414","420","422","449","471","492","496"],"lines":"409, 413, 414, 420, 422, 449, 471, 492, 496"},"geometry":{"type":"LineString","coordinates":[[18.213681,59.31474],[18.213453,59.314527],[18.213061,59.314347],[18.21298,59.314277],[18.212973,59.314224]]}},{"type":"Feature","properties":{"mode":"bus","n":9,"arr":["409","413","414","420","422","449","471","492","496"],"lines":"409, 413, 414, 420, 422, 449, 471, 492, 496"},"geometry":{"type":"LineString","coordinates":[[18.21334,59.314085],[18.213469,59.314118]]}},{"type":"Feature","properties":{"mode":"bus","n":8,"arr":["409","413","414","420","422","471","492","496"],"lines":"409, 413, 414, 420, 422, 471, 492, 496"},"geometry":{"type":"LineString","coordinates":[[18.213941,59.315136],[18.213801,59.315026],[18.213823,59.314916],[18.213681,59.31474]]}},{"type":"Feature","properties":{"mode":"bus","n":8,"arr":["409","413","414","420","422","471","492","496"],"lines":"409, 413, 414, 420, 422, 471, 492, 496"},"geometry":{"type":"LineString","coordinates":[[18.212973,59.314224],[18.212771,59.314001],[18.212491,59.313844],[18.211062,59.313188],[18.209908,59.312615]]}},{"type":"Feature","properties":{"mode":"bus","n":8,"arr":["409","413","414","420","422","471","492","496"],"lines":"409, 413, 414, 420, 422, 471, 492, 496"},"geometry":{"type":"LineString","coordinates":[[18.208119,59.311835],[18.209908,59.312615],[18.211533,59.313278],[18.212998,59.313969],[18.21334,59.314085]]}},{"type":"Feature","properties":{"mode":"bus","n":8,"arr":["409","413","414","420","422","471","492","496"],"lines":"409, 413, 414, 420, 422, 471, 492, 496"},"geometry":{"type":"LineString","coordinates":[[18.200809,59.310422],[18.200415,59.310313],[18.200211,59.310232]]}},{"type":"Feature","properties":{"mode":"bus","n":10,"arr":["409","410","411C","413","414","420","422","471","492","496"],"lines":"409, 410, 411C, 413, 414, 420, 422, 471, 492, 496"},"geometry":{"type":"LineString","coordinates":[[18.199705,59.31041],[18.19983,59.310455],[18.199891,59.310469],[18.199957,59.31047],[18.200125,59.310454]]}},{"type":"Feature","properties":{"mode":"bus","n":8,"arr":["409","413","414","420","449","471","492","496"],"lines":"409, 413, 414, 420, 449, 471, 492, 496"},"geometry":{"type":"LineString","coordinates":[[18.214461,59.314908],[18.214349,59.314842],[18.214002,59.314726]]}},{"type":"Feature","properties":{"mode":"bus","n":7,"arr":["413","414","420","422","471","492","496"],"lines":"413, 414, 420, 422, 471, 492, 496"},"geometry":{"type":"LineString","coordinates":[[18.214408,59.315108],[18.214193,59.315163],[18.214039,59.315159]]}},{"type":"Feature","properties":{"mode":"bus","n":7,"arr":["413","414","420","422","471","492","496"],"lines":"413, 414, 420, 422, 471, 492, 496"},"geometry":{"type":"LineString","coordinates":[[18.220415,59.313888],[18.218308,59.314002],[18.217265,59.314135],[18.216747,59.314231],[18.214646,59.314719],[18.214536,59.314785],[18.214461,59.314908]]}},{"type":"Feature","properties":{"mode":"bus","n":7,"arr":["413","414","420","422","471","492","496"],"lines":"413, 414, 420, 422, 471, 492, 496"},"geometry":{"type":"LineString","coordinates":[[18.213469,59.314118],[18.213668,59.314166],[18.213953,59.314175],[18.216664,59.313886],[18.218592,59.313754],[18.219098,59.313733],[18.220419,59.313744]]}},{"type":"Feature","properties":{"mode":"bus","n":6,"arr":["413","414","420","471","492","496"],"lines":"413, 414, 420, 471, 492, 496"},"geometry":{"type":"LineString","coordinates":[[18.213823,59.314916],[18.213971,59.31483],[18.214215,59.314811]]}},{"type":"Feature","properties":{"mode":"bus","n":12,"arr":["413","414","422","441","442","442C","444","445","445C","471","492","496"],"lines":"413, 414, 422, 441, 442, 442C, 444, 445, 445C, 471, 492, 496"},"geometry":{"type":"LineString","coordinates":[[18.223838,59.3138],[18.225388,59.313736],[18.226021,59.313686],[18.22782,59.313422],[18.228692,59.313365],[18.228722,59.313365],[18.228741,59.31337],[18.228751,59.31338],[18.22875,59.313395],[18.228193,59.315012],[18.228194,59.315032],[18.228213,59.315047],[18.228249,59.315056],[18.230824,59.315392],[18.231418,59.315362],[18.231712,59.315309],[18.232092,59.31532],[18.232314,59.315253],[18.232412,59.315168],[18.232647,59.31471],[18.233065,59.314313],[18.233106,59.314227],[18.233048,59.314047],[18.232925,59.313967],[18.232778,59.313915],[18.232539,59.313882],[18.231149,59.313822],[18.230946,59.313776]]}},{"type":"Feature","properties":{"mode":"bus","n":15,"arr":["414","416","417","418","421","422","441","442","444","445","445C","446","446C","471","492"],"lines":"414, 416, 417, 418, 421, 422, 441, 442, 444, 445, 445C, 446, 446C, 471, 492"},"geometry":{"type":"LineString","coordinates":[[18.259807,59.325064],[18.259818,59.324967],[18.259699,59.324897],[18.259557,59.324889],[18.259408,59.324936]]}},{"type":"Feature","properties":{"mode":"bus","n":14,"arr":["414","416","417","418","421","422","441","442","445","445C","446","446C","471","492"],"lines":"414, 416, 417, 418, 421, 422, 441, 442, 445, 445C, 446, 446C, 471, 492"},"geometry":{"type":"LineString","coordinates":[[18.260909,59.326406],[18.260643,59.326264],[18.259904,59.325347],[18.259807,59.325064]]}},{"type":"Feature","properties":{"mode":"bus","n":14,"arr":["414","416","417","418","421","422","441","442","445","445C","446","446C","471","492"],"lines":"414, 416, 417, 418, 421, 422, 441, 442, 445, 445C, 446, 446C, 471, 492"},"geometry":{"type":"LineString","coordinates":[[18.260955,59.326472],[18.260885,59.326544],[18.260746,59.326582]]}},{"type":"Feature","properties":{"mode":"bus","n":10,"arr":["414","416","417","418","421","441","442","446","446C","471"],"lines":"414, 416, 417, 418, 421, 441, 442, 446, 446C, 471"},"geometry":{"type":"LineString","coordinates":[[18.260909,59.326406],[18.260955,59.326472]]}},{"type":"Feature","properties":{"mode":"bus","n":10,"arr":["414","416","417","418","421","441","442","446","446C","471"],"lines":"414, 416, 417, 418, 421, 441, 442, 446, 446C, 471"},"geometry":{"type":"LineString","coordinates":[[18.266303,59.331402],[18.266301,59.331328],[18.266185,59.331262],[18.266042,59.331247],[18.265909,59.331275]]}},{"type":"Feature","properties":{"mode":"bus","n":10,"arr":["414","416","417","418","421","441","446","446C","448C","471"],"lines":"414, 416, 417, 418, 421, 441, 446, 446C, 448C, 471"},"geometry":{"type":"LineString","coordinates":[[18.266303,59.331402],[18.266238,59.331453],[18.266148,59.331473],[18.266015,59.331472],[18.265899,59.331438]]}},{"type":"Feature","properties":{"mode":"bus","n":12,"arr":["414","416","417","418","421","441","444","446","446C","448C","471","496"],"lines":"414, 416, 417, 418, 421, 441, 444, 446, 446C, 448C, 471, 496"},"geometry":{"type":"LineString","coordinates":[[18.265899,59.331438],[18.265859,59.331393],[18.265848,59.331369],[18.265857,59.331344],[18.265909,59.331275]]}},{"type":"Feature","properties":{"mode":"bus","n":16,"arr":["414","416","417","418","421","422","441","444","445","445C","446","446C","448C","471","492","496"],"lines":"414, 416, 417, 418, 421, 422, 441, 444, 445, 445C, 446, 446C, 448C, 471, 492, 496"},"geometry":{"type":"LineString","coordinates":[[18.260746,59.326582],[18.260633,59.326569],[18.26054,59.326522],[18.260509,59.326479],[18.260547,59.326423],[18.260388,59.326113],[18.259628,59.32513],[18.259603,59.325111],[18.259565,59.325099],[18.25948,59.325083],[18.259403,59.325037]]}},{"type":"Feature","properties":{"mode":"bus","n":13,"arr":["414","416","417","418","421","422","441","444","445","445C","471","492","496"],"lines":"414, 416, 417, 418, 421, 422, 441, 444, 445, 445C, 471, 492, 496"},"geometry":{"type":"LineString","coordinates":[[18.259408,59.324936],[18.259377,59.324981],[18.259403,59.325037]]}},{"type":"Feature","properties":{"mode":"bus","n":13,"arr":["420","422","423","424H","424V","425","428","429","430","467","474","480C","492"],"lines":"420, 422, 423, 424H, 424V, 425, 428, 429, 430, 467, 474, 480C, 492"},"geometry":{"type":"LineString","coordinates":[[18.390087,59.326856],[18.390107,59.326808]]}},{"type":"Feature","properties":{"mode":"bus","n":13,"arr":["420","422","423","424H","424V","425","428","429","430","467","474","480C","492"],"lines":"420, 422, 423, 424H, 424V, 425, 428, 429, 430, 467, 474, 480C, 492"},"geometry":{"type":"LineString","coordinates":[[18.385511,59.325861],[18.385888,59.325987],[18.386749,59.326168],[18.388828,59.326496],[18.389156,59.326573],[18.38971,59.326771]]}},{"type":"Feature","properties":{"mode":"bus","n":8,"arr":["420","422","423","424H","425","474","480C","492"],"lines":"420, 422, 423, 424H, 425, 474, 480C, 492"},"geometry":{"type":"LineString","coordinates":[[18.389911,59.326916],[18.390015,59.326899],[18.390087,59.326856]]}},{"type":"Feature","properties":{"mode":"bus","n":13,"arr":["420","422","423","424H","425","428","429","430","467","468","474","480C","492"],"lines":"420, 422, 423, 424H, 425, 428, 429, 430, 467, 468, 474, 480C, 492"},"geometry":{"type":"LineString","coordinates":[[18.38971,59.326771],[18.389698,59.326829],[18.389746,59.326881],[18.389911,59.326916]]}},{"type":"Feature","properties":{"mode":"bus","n":13,"arr":["420","422","423","424V","425","428","429","430","467","468","474","480C","492"],"lines":"420, 422, 423, 424V, 425, 428, 429, 430, 467, 468, 474, 480C, 492"},"geometry":{"type":"LineString","coordinates":[[18.38971,59.326771],[18.389783,59.326734],[18.389827,59.326719],[18.389879,59.326714],[18.389984,59.326715]]}},{"type":"Feature","properties":{"mode":"bus","n":10,"arr":["420","422","423","424V","428","429","430","467","474","480C"],"lines":"420, 422, 423, 424V, 428, 429, 430, 467, 474, 480C"},"geometry":{"type":"LineString","coordinates":[[18.389984,59.326715],[18.390058,59.326743],[18.390107,59.326808]]}},{"type":"Feature","properties":{"mode":"bus","n":11,"arr":["422","441","444","445","445C","446","446C","448C","471","492","496"],"lines":"422, 441, 444, 445, 445C, 446, 446C, 448C, 471, 492, 496"},"geometry":{"type":"LineString","coordinates":[[18.257553,59.325031],[18.257167,59.324572],[18.256555,59.32375],[18.256538,59.323735],[18.256512,59.323725],[18.256478,59.323721],[18.256373,59.323716],[18.256303,59.323675],[18.256277,59.323652],[18.256271,59.323626],[18.256279,59.323574],[18.25635,59.323536],[18.256493,59.32352],[18.256595,59.323536]]}},{"type":"Feature","properties":{"mode":"bus","n":8,"arr":["422","441","444","445","445C","471","492","496"],"lines":"422, 441, 444, 445, 445C, 471, 492, 496"},"geometry":{"type":"LineString","coordinates":[[18.256595,59.323536],[18.256659,59.323563],[18.256695,59.323622]]}},{"type":"Feature","properties":{"mode":"bus","n":8,"arr":["422","441","444","445","445C","471","492","496"],"lines":"422, 441, 444, 445, 445C, 471, 492, 496"},"geometry":{"type":"LineString","coordinates":[[18.256405,59.323527],[18.255825,59.322602],[18.25584,59.322416],[18.256048,59.322164],[18.256056,59.322144],[18.256045,59.322127],[18.256013,59.322113],[18.254861,59.321786],[18.25071,59.320698],[18.24642,59.319715],[18.245077,59.319355],[18.239746,59.317643],[18.23885,59.317272],[18.237563,59.316636],[18.237115,59.316461],[18.236799,59.316367],[18.23625,59.316238],[18.233797,59.315852]]}},{"type":"Feature","properties":{"mode":"bus","n":10,"arr":["422","441","444","445","445C","446","446C","471","492","496"],"lines":"422, 441, 444, 445, 445C, 446, 446C, 471, 492, 496"},"geometry":{"type":"LineString","coordinates":[[18.256695,59.323622],[18.256639,59.323691],[18.256535,59.323723]]}},{"type":"Feature","properties":{"mode":"bus","n":9,"arr":["423","428","429","430","467","468","474","480C","492"],"lines":"423, 428, 429, 430, 467, 468, 474, 480C, 492"},"geometry":{"type":"LineString","coordinates":[[18.38617,59.323515],[18.38617,59.323562],[18.386161,59.323585],[18.386135,59.323605],[18.386104,59.32362],[18.386065,59.323633],[18.386019,59.323638],[18.385977,59.323637],[18.385932,59.323632],[18.385897,59.323617],[18.385818,59.323562]]}},{"type":"Feature","properties":{"mode":"bus","n":9,"arr":["423","428","429","430","467","468","474","480C","492"],"lines":"423, 428, 429, 430, 467, 468, 474, 480C, 492"},"geometry":{"type":"LineString","coordinates":[[18.385855,59.323491],[18.38596,59.323459]]}},{"type":"Feature","properties":{"mode":"bus","n":6,"arr":["423","428","429","430","467","468"],"lines":"423, 428, 429, 430, 467, 468"},"geometry":{"type":"LineString","coordinates":[[18.38596,59.323459],[18.38607,59.323464],[18.38617,59.323515]]}},{"type":"Feature","properties":{"mode":"bus","n":6,"arr":["423","428","429","430","467","468"],"lines":"423, 428, 429, 430, 467, 468"},"geometry":{"type":"LineString","coordinates":[[18.385818,59.323562],[18.385723,59.3235]]}},{"type":"Feature","properties":{"mode":"bus","n":6,"arr":["423","428","429","430","467","468"],"lines":"423, 428, 429, 430, 467, 468"},"geometry":{"type":"LineString","coordinates":[[18.379873,59.322193],[18.38234,59.3227],[18.3845,59.323242],[18.385723,59.3235],[18.385855,59.323491]]}},{"type":"Feature","properties":{"mode":"bus","n":7,"arr":["428","428X","429","429X","430","430X","467"],"lines":"428, 428X, 429, 429X, 430, 430X, 467"},"geometry":{"type":"LineString","coordinates":[[18.426296,59.282025],[18.426422,59.282012],[18.426585,59.28206]]}},{"type":"Feature","properties":{"mode":"bus","n":7,"arr":["428","428X","429","429X","430","430X","467"],"lines":"428, 428X, 429, 429X, 430, 430X, 467"},"geometry":{"type":"LineString","coordinates":[[18.427282,59.281599],[18.427377,59.281629],[18.427476,59.281723],[18.427488,59.281743],[18.427479,59.28176],[18.42745,59.281775],[18.426627,59.282046],[18.426605,59.282057],[18.426596,59.282069],[18.426599,59.282084],[18.426626,59.282129],[18.426565,59.28219],[18.426531,59.282212],[18.426482,59.282225],[18.426377,59.28224],[18.426263,59.282216]]}},{"type":"Feature","properties":{"mode":"bus","n":7,"arr":["428","428X","429","429X","430","430X","467"],"lines":"428, 428X, 429, 429X, 430, 430X, 467"},"geometry":{"type":"LineString","coordinates":[[18.388056,59.303533],[18.389122,59.302654],[18.389507,59.302246],[18.38987,59.301796],[18.390169,59.301342],[18.390475,59.300681],[18.390592,59.300328],[18.390681,59.299951],[18.390752,59.299203],[18.390696,59.298733],[18.390391,59.297178],[18.390374,59.296803],[18.390399,59.296355],[18.390486,59.295966],[18.390714,59.295429],[18.391173,59.29473],[18.391532,59.294327],[18.392491,59.29344],[18.393857,59.292346],[18.394546,59.291856],[18.395881,59.290998],[18.397362,59.29017],[18.398025,59.289843],[18.398696,59.2896],[18.399358,59.289424],[18.400319,59.289267],[18.400956,59.289203],[18.403656,59.289094],[18.405044,59.288938],[18.41035,59.287799],[18.411135,59.28761],[18.411978,59.287297],[18.413525,59.286475],[18.414252,59.286161],[18.414826,59.286001],[18.422316,59.284167],[18.422853,59.284002],[18.423085,59.283906],[18.424938,59.28295],[18.425905,59.282376],[18.426214,59.282238],[18.426238,59.282222],[18.426244,59.282205],[18.426233,59.282187],[18.426178,59.282132],[18.426207,59.28207],[18.426265,59.282041],[18.426281,59.28203],[18.426286,59.282017],[18.426282,59.282004],[18.426168,59.281828],[18.426163,59.281808],[18.426177,59.281792],[18.426211,59.28178],[18.426352,59.28175]]}},{"type":"Feature","properties":{"mode":"bus","n":7,"arr":["428","428X","429","429X","430","430X","467"],"lines":"428, 428X, 429, 429X, 430, 430X, 467"},"geometry":{"type":"LineString","coordinates":[[18.385663,59.30499],[18.386543,59.304419],[18.38801,59.30356],[18.388023,59.303553],[18.388031,59.303548],[18.388034,59.303547],[18.388033,59.303549],[18.388026,59.303554],[18.388015,59.303562],[18.387298,59.304073],[18.386212,59.304775],[18.385352,59.305428]]}},{"type":"Feature","properties":{"mode":"bus","n":8,"arr":["428","429","430","467","468","474","480C","492"],"lines":"428, 429, 430, 467, 468, 474, 480C, 492"},"geometry":{"type":"LineString","coordinates":[[18.384888,59.308253],[18.384965,59.308284],[18.384997,59.308303],[18.385012,59.308327],[18.38503,59.308411],[18.384936,59.308471],[18.384737,59.308485]]}},{"type":"Feature","properties":{"mode":"bus","n":8,"arr":["428","429","430","467","468","474","480C","492"],"lines":"428, 429, 430, 467, 468, 474, 480C, 492"},"geometry":{"type":"LineString","coordinates":[[18.386285,59.310665],[18.38642,59.310618],[18.386566,59.310627],[18.38666,59.310674],[18.386667,59.310772]]}},{"type":"Feature","properties":{"mode":"bus","n":8,"arr":["428","429","430","467","468","474","480C","492"],"lines":"428, 429, 430, 467, 468, 474, 480C, 492"},"geometry":{"type":"LineString","coordinates":[[18.389274,59.312643],[18.389375,59.312661],[18.389415,59.312674],[18.389441,59.312694],[18.389456,59.312714],[18.389465,59.312738],[18.389455,59.312761],[18.389417,59.312806],[18.389324,59.312825]]}},{"type":"Feature","properties":{"mode":"bus","n":8,"arr":["428","429","430","467","468","474","480C","492"],"lines":"428, 429, 430, 467, 468, 474, 480C, 492"},"geometry":{"type":"LineString","coordinates":[[18.387858,59.319517],[18.388004,59.319419],[18.389035,59.318292],[18.390616,59.316965],[18.391066,59.31639],[18.391337,59.315597],[18.391359,59.315244],[18.391313,59.314892],[18.391184,59.314515],[18.390973,59.314144],[18.390675,59.313776],[18.390296,59.313442],[18.389934,59.313172],[18.389517,59.312916],[18.389324,59.312825],[18.389212,59.312814],[18.389163,59.312787],[18.389144,59.312771],[18.38914,59.312752],[18.38915,59.312707],[18.389164,59.312685],[18.389197,59.312668],[18.389232,59.312657],[18.389248,59.31265],[18.389254,59.312643],[18.389249,59.312635],[18.389235,59.312627],[18.388976,59.312524],[18.388726,59.312374],[18.387801,59.311791],[18.387405,59.311509],[18.386897,59.311075],[18.386682,59.310791],[18.386675,59.310785],[18.386668,59.310781],[18.38666,59.310781],[18.386652,59.310783],[18.386642,59.310788],[18.386596,59.310818],[18.386459,59.310841],[18.38632,59.310811],[18.386265,59.310771],[18.386285,59.310665],[18.386225,59.31052],[18.385434,59.30953],[18.384826,59.308562],[18.384737,59.308485],[18.384658,59.308465]]}},{"type":"Feature","properties":{"mode":"bus","n":8,"arr":["428","429","430","467","468","474","480C","492"],"lines":"428, 429, 430, 467, 468, 474, 480C, 492"},"geometry":{"type":"LineString","coordinates":[[18.384569,59.308353],[18.384624,59.308289]]}},{"type":"Feature","properties":{"mode":"bus","n":8,"arr":["428","429","430","467","468","474","480C","492"],"lines":"428, 429, 430, 467, 468, 474, 480C, 492"},"geometry":{"type":"LineString","coordinates":[[18.387999,59.319681],[18.388041,59.319652],[18.388056,59.319635],[18.388055,59.319617],[18.388036,59.319577],[18.38801,59.319552],[18.387964,59.319537],[18.387901,59.319525],[18.387859,59.319522],[18.387818,59.319528],[18.387743,59.319548]]}},{"type":"Feature","properties":{"mode":"bus","n":8,"arr":["428","429","430","467","468","474","480C","492"],"lines":"428, 429, 430, 467, 468, 474, 480C, 492"},"geometry":{"type":"LineString","coordinates":[[18.387709,59.319642],[18.387741,59.319667]]}},{"type":"Feature","properties":{"mode":"bus","n":7,"arr":["428","429","430","467","474","480C","492"],"lines":"428, 429, 430, 467, 474, 480C, 492"},"geometry":{"type":"LineString","coordinates":[[18.384658,59.308465],[18.384588,59.308417],[18.384569,59.308353]]}},{"type":"Feature","properties":{"mode":"bus","n":7,"arr":["428","429","430","467","474","480C","492"],"lines":"428, 429, 430, 467, 474, 480C, 492"},"geometry":{"type":"LineString","coordinates":[[18.384567,59.307448],[18.384725,59.308052],[18.384888,59.308253]]}},{"type":"Feature","properties":{"mode":"bus","n":7,"arr":["428","429","430","467","474","480C","492"],"lines":"428, 429, 430, 467, 474, 480C, 492"},"geometry":{"type":"LineString","coordinates":[[18.384624,59.308289],[18.384493,59.307834]]}},{"type":"Feature","properties":{"mode":"bus","n":8,"arr":["435","435C","436","437","438","439","474","492"],"lines":"435, 435C, 436, 437, 438, 439, 474, 492"},"geometry":{"type":"LineString","coordinates":[[18.481644,59.321326],[18.4815,59.32135],[18.48145,59.321354],[18.481402,59.321346],[18.481314,59.321322],[18.481257,59.321241],[18.481325,59.321163]]}},{"type":"Feature","properties":{"mode":"bus","n":8,"arr":["435","435C","436","437","438","439","474","492"],"lines":"435, 435C, 436, 437, 438, 439, 474, 492"},"geometry":{"type":"LineString","coordinates":[[18.464429,59.31569],[18.464397,59.315723],[18.464415,59.31577],[18.464432,59.315792],[18.464467,59.315808],[18.464504,59.315818],[18.464548,59.315826],[18.464594,59.315823],[18.464635,59.315817],[18.464665,59.315814],[18.464692,59.315818],[18.464716,59.315827],[18.466674,59.31686],[18.466894,59.317003],[18.466921,59.317015],[18.466951,59.317018],[18.466985,59.317012],[18.467083,59.316983],[18.467171,59.316985],[18.467271,59.317022],[18.467336,59.317062],[18.467345,59.317127],[18.467437,59.317222],[18.467642,59.317367],[18.468413,59.317764],[18.468486,59.31782],[18.468496,59.317828],[18.468501,59.317834],[18.4685,59.317837],[18.468494,59.317837],[18.468483,59.317835],[18.468466,59.31783],[18.468358,59.317795],[18.467321,59.317249],[18.466995,59.317202],[18.466936,59.317176],[18.466883,59.317102],[18.466932,59.317028]]}},{"type":"Feature","properties":{"mode":"bus","n":8,"arr":["435","435C","436","437","438","439","474","492"],"lines":"435, 435C, 436, 437, 438, 439, 474, 492"},"geometry":{"type":"LineString","coordinates":[[18.458255,59.313025],[18.45834,59.312996],[18.458387,59.312986],[18.458438,59.312988],[18.458578,59.313009],[18.459082,59.313303],[18.459268,59.313384],[18.459283,59.31339],[18.459291,59.313395],[18.459292,59.313398],[18.459286,59.313399],[18.459274,59.313398],[18.459255,59.313395],[18.458687,59.313293],[18.457501,59.313134],[18.455973,59.31312],[18.453772,59.313169],[18.453341,59.313216],[18.453296,59.313226],[18.453262,59.313244],[18.45321,59.313286],[18.453073,59.313312],[18.452878,59.313268],[18.45227,59.313222]]}},{"type":"Feature","properties":{"mode":"bus","n":8,"arr":["435","435C","436","437","438","439","474","492"],"lines":"435, 435C, 436, 437, 438, 439, 474, 492"},"geometry":{"type":"LineString","coordinates":[[18.432894,59.312184],[18.431963,59.312107],[18.429623,59.311798],[18.429318,59.311812],[18.429019,59.311879]]}},{"type":"Feature","properties":{"mode":"bus","n":8,"arr":["435","435C","436","437","438","439","474","492"],"lines":"435, 435C, 436, 437, 438, 439, 474, 492"},"geometry":{"type":"LineString","coordinates":[[18.428589,59.311828],[18.42852,59.311781]]}},{"type":"Feature","properties":{"mode":"bus","n":8,"arr":["435","435C","436","437","438","439","474","492"],"lines":"435, 435C, 436, 437, 438, 439, 474, 492"},"geometry":{"type":"LineString","coordinates":[[18.428572,59.311536],[18.428764,59.311473],[18.428992,59.311471],[18.429528,59.311645],[18.43006,59.311762],[18.430798,59.311889],[18.431997,59.312036],[18.432894,59.312184],[18.43399,59.312329],[18.437848,59.312936],[18.440939,59.313451],[18.44164,59.313486],[18.443088,59.313464],[18.45227,59.313222],[18.452834,59.313159],[18.452953,59.313098],[18.452997,59.313082],[18.45305,59.313078],[18.453155,59.313081],[18.453226,59.313106]]}},{"type":"Feature","properties":{"mode":"bus","n":8,"arr":["435","435C","436","437","438","439","474","492"],"lines":"435, 435C, 436, 437, 438, 439, 474, 492"},"geometry":{"type":"LineString","coordinates":[[18.459322,59.313407],[18.461992,59.314166],[18.462625,59.314407],[18.463696,59.315213],[18.464412,59.315679],[18.464421,59.315683],[18.46443,59.315685],[18.46444,59.315684],[18.46445,59.315681],[18.46449,59.315664],[18.464643,59.315665],[18.464704,59.315691],[18.464722,59.315741],[18.464733,59.315757],[18.464753,59.315768],[18.464782,59.315776],[18.4651,59.315824],[18.466484,59.316587],[18.466607,59.316722],[18.466674,59.31686]]}},{"type":"Feature","properties":{"mode":"bus","n":8,"arr":["435","435C","436","437","438","439","474","492"],"lines":"435, 435C, 436, 437, 438, 439, 474, 492"},"geometry":{"type":"LineString","coordinates":[[18.48326,59.321959],[18.481685,59.321342],[18.481665,59.32133],[18.481658,59.321317],[18.481666,59.321302],[18.481685,59.321282],[18.481697,59.321258],[18.481687,59.321234],[18.481623,59.321155],[18.481525,59.321132],[18.481392,59.321153],[18.481328,59.321155],[18.481271,59.32114],[18.479594,59.320416],[18.479065,59.320238],[18.477909,59.319985],[18.47592,59.319629],[18.470441,59.318487],[18.469857,59.318339],[18.469214,59.318129],[18.468524,59.317849]]}},{"type":"Feature","properties":{"mode":"bus","n":6,"arr":["435","435C","436","437","438","439"],"lines":"435, 435C, 436, 437, 438, 439"},"geometry":{"type":"LineString","coordinates":[[18.429019,59.311879],[18.42879,59.311885],[18.428589,59.311828]]}},{"type":"Feature","properties":{"mode":"bus","n":6,"arr":["435","435C","436","437","438","439"],"lines":"435, 435C, 436, 437, 438, 439"},"geometry":{"type":"LineString","coordinates":[[18.42852,59.311781],[18.427861,59.31153],[18.427492,59.311416],[18.42496,59.310678],[18.423597,59.31031],[18.422739,59.310111],[18.421674,59.309899],[18.419292,59.30953],[18.417793,59.309267],[18.417165,59.309137],[18.415864,59.30882],[18.414563,59.308425],[18.413396,59.308006],[18.411181,59.307093],[18.410452,59.30682],[18.409458,59.306494],[18.408587,59.306248],[18.407622,59.306013],[18.405947,59.305685],[18.404431,59.305471],[18.403379,59.305361],[18.401718,59.305266],[18.400653,59.305248],[18.399146,59.305267],[18.398271,59.30532],[18.397309,59.305408],[18.395753,59.305622],[18.392574,59.306225],[18.390456,59.306523],[18.38858,59.306689],[18.38766,59.306736],[18.384979,59.306818],[18.382576,59.306945],[18.380206,59.307149],[18.379226,59.307259]]}},{"type":"Feature","properties":{"mode":"bus","n":6,"arr":["435","435C","436","437","438","439"],"lines":"435, 435C, 436, 437, 438, 439"},"geometry":{"type":"LineString","coordinates":[[18.384455,59.30677],[18.387657,59.306664],[18.38857,59.306616],[18.390425,59.30645],[18.391324,59.30634],[18.392535,59.306154],[18.395717,59.305549],[18.397282,59.305338],[18.398251,59.305248],[18.399868,59.305178],[18.401718,59.30519],[18.403381,59.305288],[18.404478,59.305397],[18.405325,59.305508],[18.40673,59.305746],[18.407668,59.305944],[18.408649,59.306184],[18.409511,59.306428],[18.410548,59.30676],[18.411298,59.307043],[18.413489,59.307952],[18.414111,59.30818],[18.415212,59.308546],[18.41651,59.308905],[18.417205,59.309066],[18.418534,59.309328],[18.421308,59.309758],[18.422792,59.310044],[18.423637,59.310238],[18.42449,59.310466],[18.428192,59.311539],[18.428379,59.311565],[18.428572,59.311536]]}},{"type":"Feature","properties":{"mode":"bus","n":5,"arr":["465","469","471","497","840"],"lines":"465, 469, 471, 497, 840"},"geometry":{"type":"LineString","coordinates":[[18.162393,59.309773],[18.162308,59.309837],[18.162313,59.309918]]}},{"type":"Feature","properties":{"mode":"bus","n":5,"arr":["465","469","471","497","840"],"lines":"465, 469, 471, 497, 840"},"geometry":{"type":"LineString","coordinates":[[18.162475,59.309763],[18.16265,59.309686],[18.162991,59.309218],[18.1637,59.308432],[18.163781,59.308295],[18.163783,59.308206]]}},{"type":"Feature","properties":{"mode":"bus","n":6,"arr":["491","802","803","812C","873","875"],"lines":"491, 802, 803, 812C, 873, 875"},"geometry":{"type":"LineString","coordinates":[[18.215005,59.24302],[18.21486,59.243814],[18.214502,59.244742],[18.214491,59.245281],[18.2146,59.245576],[18.214771,59.245883],[18.215013,59.246145],[18.215323,59.246379],[18.216779,59.247204],[18.217164,59.247283],[18.21727,59.247339],[18.21731,59.247535],[18.217625,59.247884],[18.217787,59.248131],[18.217832,59.24842],[18.217756,59.248599],[18.217606,59.24874],[18.217369,59.248863],[18.217073,59.248959],[18.216491,59.249037],[18.215156,59.249101],[18.213441,59.249325]]}},{"type":"Feature","properties":{"mode":"bus","n":6,"arr":["491","802","803","812C","873","875"],"lines":"491, 802, 803, 812C, 873, 875"},"geometry":{"type":"LineString","coordinates":[[18.214673,59.248934],[18.216471,59.248521],[18.216944,59.24837],[18.217235,59.248222],[18.217394,59.248036],[18.217415,59.247943],[18.21735,59.24775],[18.217226,59.247616],[18.217081,59.247536],[18.216955,59.247532],[18.216847,59.2475],[18.216767,59.247403]]}},{"type":"Feature","properties":{"mode":"bus","n":5,"arr":["514","514X","537","612","685"],"lines":"514, 514X, 537, 612, 685"},"geometry":{"type":"LineString","coordinates":[[17.928712,59.439151],[17.928674,59.439075]]}},{"type":"Feature","properties":{"mode":"bus","n":9,"arr":["520","525","525X","527","592","607","627","687","697"],"lines":"520, 525, 525X, 527, 592, 607, 627, 687, 697"},"geometry":{"type":"LineString","coordinates":[[17.943997,59.445882],[17.944029,59.445745],[17.944378,59.445578],[17.944493,59.445461],[17.94501,59.444601],[17.945286,59.444283],[17.94551,59.444097],[17.945659,59.44402],[17.946522,59.443398],[17.947007,59.443149],[17.948151,59.442686],[17.948786,59.442372],[17.949209,59.442115],[17.949605,59.441824],[17.950063,59.441274],[17.950311,59.440334],[17.950802,59.437967],[17.950797,59.437667],[17.950745,59.437383],[17.950441,59.436517],[17.949988,59.435005],[17.949809,59.434717],[17.949644,59.434571],[17.94963,59.434548],[17.949636,59.434525],[17.949667,59.434479],[17.949667,59.434263],[17.949235,59.432922],[17.949245,59.432667],[17.949324,59.432438],[17.949437,59.432271],[17.950378,59.431326],[17.950922,59.43064],[17.950924,59.430632],[17.950919,59.430625],[17.950901,59.430611],[17.949775,59.430469]]}},{"type":"Feature","properties":{"mode":"bus","n":8,"arr":["520","525","527","592","607","627","687","697"],"lines":"520, 525, 527, 592, 607, 627, 687, 697"},"geometry":{"type":"LineString","coordinates":[[17.949988,59.435005],[17.949975,59.434627],[17.950019,59.434572],[17.95003,59.434542],[17.950017,59.434513],[17.949785,59.434257],[17.949386,59.433123],[17.949347,59.432661],[17.94942,59.432451],[17.949544,59.432285],[17.950745,59.431213],[17.95084,59.431098],[17.950887,59.430894],[17.950979,59.430782],[17.951113,59.430672],[17.951273,59.430629],[17.951319,59.430558],[17.951257,59.430482],[17.951137,59.43045],[17.950994,59.430464],[17.950936,59.430491],[17.950901,59.430502],[17.950861,59.430505],[17.950717,59.430501],[17.949798,59.430395]]}},{"type":"Feature","properties":{"mode":"bus","n":8,"arr":["520","525","527","592","607","627","687","697"],"lines":"520, 525, 527, 592, 607, 627, 687, 697"},"geometry":{"type":"LineString","coordinates":[[17.944258,59.445649],[17.944423,59.445645],[17.944657,59.445706],[17.944733,59.445813],[17.94468,59.445934],[17.944487,59.446019],[17.944277,59.446026],[17.94407,59.44596],[17.943997,59.445882]]}},{"type":"Feature","properties":{"mode":"bus","n":6,"arr":["524","530","608","612","615","695"],"lines":"524, 530, 608, 612, 615, 695"},"geometry":{"type":"LineString","coordinates":[[18.117922,59.472589],[18.117944,59.472536]]}},{"type":"Feature","properties":{"mode":"bus","n":6,"arr":["524","530","608","612","615","695"],"lines":"524, 530, 608, 612, 615, 695"},"geometry":{"type":"LineString","coordinates":[[18.117501,59.472692],[18.117665,59.472697]]}},{"type":"Feature","properties":{"mode":"bus","n":6,"arr":["524","530","608","612","615","695"],"lines":"524, 530, 608, 612, 615, 695"},"geometry":{"type":"LineString","coordinates":[[18.117273,59.472486],[18.117264,59.472537]]}},{"type":"Feature","properties":{"mode":"bus","n":6,"arr":["524","530","608","612","615","695"],"lines":"524, 530, 608, 612, 615, 695"},"geometry":{"type":"LineString","coordinates":[[18.117647,59.472356],[18.117556,59.472356]]}},{"type":"Feature","properties":{"mode":"bus","n":6,"arr":["524","610","611","616","687","690"],"lines":"524, 610, 611, 616, 687, 690"},"geometry":{"type":"LineString","coordinates":[[18.059276,59.491044],[18.059318,59.490849],[18.059425,59.490766]]}},{"type":"Feature","properties":{"mode":"bus","n":6,"arr":["524","610","611","616","687","690"],"lines":"524, 610, 611, 616, 687, 690"},"geometry":{"type":"LineString","coordinates":[[18.063699,59.498813],[18.063562,59.498772],[18.063268,59.498554]]}},{"type":"Feature","properties":{"mode":"bus","n":6,"arr":["524","610","611","616","687","690"],"lines":"524, 610, 611, 616, 687, 690"},"geometry":{"type":"LineString","coordinates":[[18.063867,59.49898],[18.063891,59.498914]]}},{"type":"Feature","properties":{"mode":"bus","n":6,"arr":["524","610","611","616","687","690"],"lines":"524, 610, 611, 616, 687, 690"},"geometry":{"type":"LineString","coordinates":[[18.059014,59.490685],[18.058977,59.49073],[18.059001,59.490809],[18.059112,59.490857],[18.059276,59.491044],[18.059641,59.492155],[18.060815,59.494267],[18.061256,59.495285],[18.06196,59.496754],[18.062309,59.497341],[18.062644,59.497809],[18.063268,59.498554],[18.063453,59.498951],[18.06355,59.499021],[18.063622,59.499036]]}},{"type":"Feature","properties":{"mode":"bus","n":6,"arr":["524","610","611","616","687","690"],"lines":"524, 610, 611, 616, 687, 690"},"geometry":{"type":"LineString","coordinates":[[18.059326,59.490655],[18.059207,59.490636]]}},{"type":"Feature","properties":{"mode":"bus","n":5,"arr":["524","610","664","687","690"],"lines":"524, 610, 664, 687, 690"},"geometry":{"type":"LineString","coordinates":[[18.064315,59.508866],[18.064396,59.508934],[18.064417,59.508966],[18.06441,59.508999],[18.064364,59.509071],[18.064333,59.509326]]}},{"type":"Feature","properties":{"mode":"bus","n":5,"arr":["524","610","664","687","690"],"lines":"524, 610, 664, 687, 690"},"geometry":{"type":"LineString","coordinates":[[18.065934,59.512184],[18.065158,59.510958],[18.064851,59.510406],[18.064333,59.509326],[18.06419,59.509173],[18.063934,59.509061]]}},{"type":"Feature","properties":{"mode":"bus","n":5,"arr":["524","610","664","687","690"],"lines":"524, 610, 664, 687, 690"},"geometry":{"type":"LineString","coordinates":[[18.063895,59.508938],[18.064041,59.508854]]}},{"type":"Feature","properties":{"mode":"bus","n":5,"arr":["524","610","664","687","690"],"lines":"524, 610, 664, 687, 690"},"geometry":{"type":"LineString","coordinates":[[18.065734,59.511866],[18.066135,59.512077]]}},{"type":"Feature","properties":{"mode":"bus","n":6,"arr":["524","608","610","664","687","690"],"lines":"524, 608, 610, 664, 687, 690"},"geometry":{"type":"LineString","coordinates":[[18.066135,59.512077],[18.066311,59.512102]]}},{"type":"Feature","properties":{"mode":"bus","n":6,"arr":["524","608","610","664","687","690"],"lines":"524, 608, 610, 664, 687, 690"},"geometry":{"type":"LineString","coordinates":[[18.066387,59.512228],[18.066345,59.512268]]}},{"type":"Feature","properties":{"mode":"bus","n":6,"arr":["524","608","610","664","687","690"],"lines":"524, 608, 610, 664, 687, 690"},"geometry":{"type":"LineString","coordinates":[[18.066008,59.512281],[18.065934,59.512184]]}},{"type":"Feature","properties":{"mode":"bus","n":10,"arr":["524","530","608","610","659","660","664","669Z","687","690"],"lines":"524, 530, 608, 610, 659, 660, 664, 669Z, 687, 690"},"geometry":{"type":"LineString","coordinates":[[18.078081,59.53114],[18.078314,59.531118],[18.078506,59.531143]]}},{"type":"Feature","properties":{"mode":"bus","n":10,"arr":["524","530","608","610","659","660","664","669Z","687","690"],"lines":"524, 530, 608, 610, 659, 660, 664, 669Z, 687, 690"},"geometry":{"type":"LineString","coordinates":[[18.079735,59.53441],[18.078949,59.533206],[18.078845,59.533105],[18.078768,59.533087],[18.078736,59.533075],[18.07872,59.533055],[18.078702,59.532994],[18.078232,59.532677],[18.078076,59.53252],[18.077989,59.53237],[18.077947,59.53214],[18.078071,59.531624],[18.07807,59.531611],[18.078059,59.531601],[18.078039,59.531593],[18.07797,59.531574],[18.07779,59.531457],[18.077755,59.531364],[18.077781,59.531305]]}},{"type":"Feature","properties":{"mode":"bus","n":6,"arr":["524","608","610","669Z","687","690"],"lines":"524, 608, 610, 669Z, 687, 690"},"geometry":{"type":"LineString","coordinates":[[18.078771,59.531448],[18.078798,59.531292],[18.078731,59.531216],[18.078506,59.531143]]}},{"type":"Feature","properties":{"mode":"bus","n":9,"arr":["524","530","608","610","659","664","669Z","687","690"],"lines":"524, 530, 608, 610, 659, 664, 669Z, 687, 690"},"geometry":{"type":"LineString","coordinates":[[18.078771,59.531448],[18.07868,59.531525],[18.078455,59.531617]]}},{"type":"Feature","properties":{"mode":"bus","n":9,"arr":["524","530","608","610","659","664","669Z","687","690"],"lines":"524, 530, 608, 610, 659, 664, 669Z, 687, 690"},"geometry":{"type":"LineString","coordinates":[[18.078801,59.532951],[18.078897,59.532968],[18.078933,59.532978],[18.078955,59.532996],[18.078984,59.533035]]}},{"type":"Feature","properties":{"mode":"bus","n":10,"arr":["524","530","608","610","659","660","663","664","669Z","690"],"lines":"524, 530, 608, 610, 659, 660, 663, 664, 669Z, 690"},"geometry":{"type":"LineString","coordinates":[[18.079864,59.534361],[18.080274,59.535002],[18.080334,59.535021],[18.08036,59.535033],[18.080373,59.53505],[18.080392,59.535107]]}},{"type":"Feature","properties":{"mode":"bus","n":10,"arr":["524","530","608","610","659","660","663","664","669Z","690"],"lines":"524, 530, 608, 610, 659, 660, 663, 664, 669Z, 690"},"geometry":{"type":"LineString","coordinates":[[18.080189,59.535156],[18.080106,59.535121],[18.080087,59.535068],[18.080121,59.535037],[18.080132,59.53502],[18.080128,59.535002],[18.079863,59.534595]]}},{"type":"Feature","properties":{"mode":"bus","n":9,"arr":["524","530","533","534","537","539","594","598","684"],"lines":"524, 530, 533, 534, 537, 539, 594, 598, 684"},"geometry":{"type":"LineString","coordinates":[[17.926362,59.514413],[17.925592,59.514467],[17.92517,59.514605],[17.925081,59.514726],[17.924753,59.514878],[17.924355,59.514954],[17.924106,59.514958],[17.923713,59.514895],[17.923513,59.514826],[17.923303,59.514687],[17.922984,59.514571],[17.922648,59.514519],[17.918942,59.514467]]}},{"type":"Feature","properties":{"mode":"bus","n":9,"arr":["524","530","533","534","537","539","594","598","684"],"lines":"524, 530, 533, 534, 537, 539, 594, 598, 684"},"geometry":{"type":"LineString","coordinates":[[17.926478,59.514307],[17.925665,59.514321],[17.925402,59.514299],[17.925226,59.514261],[17.9249,59.514085],[17.924709,59.514018],[17.924317,59.513968],[17.924094,59.513967],[17.92375,59.514013],[17.923631,59.514055],[17.923315,59.514259],[17.922997,59.514375],[17.922567,59.514421],[17.918958,59.514367]]}},{"type":"Feature","properties":{"mode":"bus","n":8,"arr":["524","538","539","545","562","568","592","598"],"lines":"524, 538, 539, 545, 562, 568, 592, 598"},"geometry":{"type":"LineString","coordinates":[[17.918025,59.518915],[17.91812,59.518886],[17.918182,59.518828],[17.918172,59.518766],[17.918107,59.518719]]}},{"type":"Feature","properties":{"mode":"bus","n":8,"arr":["524","538","539","545","562","568","592","598"],"lines":"524, 538, 539, 545, 562, 568, 592, 598"},"geometry":{"type":"LineString","coordinates":[[17.917746,59.518832],[17.917832,59.518897]]}},{"type":"Feature","properties":{"mode":"bus","n":8,"arr":["524","538","539","545","562","568","592","598"],"lines":"524, 538, 539, 545, 562, 568, 592, 598"},"geometry":{"type":"LineString","coordinates":[[17.917895,59.518698],[17.917794,59.518732]]}},{"type":"Feature","properties":{"mode":"bus","n":5,"arr":["530","659","660","664","669Z"],"lines":"530, 659, 660, 664, 669Z"},"geometry":{"type":"LineString","coordinates":[[18.077781,59.531305],[18.077957,59.531177],[18.078081,59.53114]]}},{"type":"Feature","properties":{"mode":"bus","n":5,"arr":["530","659","660","664","669Z"],"lines":"530, 659, 660, 664, 669Z"},"geometry":{"type":"LineString","coordinates":[[18.081998,59.531443],[18.081957,59.531493]]}},{"type":"Feature","properties":{"mode":"bus","n":5,"arr":["530","659","660","664","669Z"],"lines":"530, 659, 660, 664, 669Z"},"geometry":{"type":"LineString","coordinates":[[18.078506,59.531143],[18.079736,59.53124],[18.081106,59.531422],[18.081254,59.531424],[18.081381,59.531373],[18.081493,59.531281],[18.081605,59.531252],[18.081746,59.531249],[18.081916,59.531294]]}},{"type":"Feature","properties":{"mode":"bus","n":5,"arr":["532","535","536","560X","594"],"lines":"532, 535, 536, 560X, 594"},"geometry":{"type":"LineString","coordinates":[[17.886521,59.515501],[17.886608,59.515474],[17.886656,59.515465],[17.886708,59.515467],[17.886846,59.515488]]}},{"type":"Feature","properties":{"mode":"bus","n":5,"arr":["532","535","536","560X","594"],"lines":"532, 535, 536, 560X, 594"},"geometry":{"type":"LineString","coordinates":[[17.886875,59.515622],[17.886823,59.515648]]}},{"type":"Feature","properties":{"mode":"bus","n":5,"arr":["532","535","536","560X","594"],"lines":"532, 535, 536, 560X, 594"},"geometry":{"type":"LineString","coordinates":[[17.886584,59.515655],[17.886539,59.515639]]}},{"type":"Feature","properties":{"mode":"bus","n":7,"arr":["542","547","552V","560","567","590","591"],"lines":"542, 547, 552V, 560, 567, 590, 591"},"geometry":{"type":"LineString","coordinates":[[17.842514,59.425373],[17.84243,59.425405]]}},{"type":"Feature","properties":{"mode":"bus","n":7,"arr":["542","547","552V","560","567","590","591"],"lines":"542, 547, 552V, 560, 567, 590, 591"},"geometry":{"type":"LineString","coordinates":[[17.842169,59.42539],[17.842127,59.425368],[17.84178,59.425357],[17.835725,59.425441],[17.834743,59.425435],[17.831388,59.425252],[17.830277,59.425204],[17.829817,59.425213],[17.829475,59.425193],[17.829317,59.425159],[17.829231,59.42511]]}},{"type":"Feature","properties":{"mode":"bus","n":6,"arr":["542","552V","560","567","590","591"],"lines":"542, 552V, 560, 567, 590, 591"},"geometry":{"type":"LineString","coordinates":[[17.84243,59.425405],[17.84225,59.425411],[17.842169,59.42539]]}},{"type":"Feature","properties":{"mode":"bus","n":6,"arr":["542","552V","560","567","590","591"],"lines":"542, 552V, 560, 567, 590, 591"},"geometry":{"type":"LineString","coordinates":[[17.842514,59.425373],[17.842879,59.425358],[17.846631,59.425465]]}},{"type":"Feature","properties":{"mode":"bus","n":7,"arr":["542","544","547","552H","560","567","591"],"lines":"542, 544, 547, 552H, 560, 567, 591"},"geometry":{"type":"LineString","coordinates":[[17.829367,59.425105],[17.830177,59.425095],[17.831401,59.425135],[17.834744,59.425309],[17.835679,59.425321],[17.841803,59.425239],[17.842131,59.425207],[17.842254,59.425166],[17.842351,59.425162],[17.842521,59.425209]]}},{"type":"Feature","properties":{"mode":"bus","n":7,"arr":["542","544","550","552H","560","567","591"],"lines":"542, 544, 550, 552H, 560, 567, 591"},"geometry":{"type":"LineString","coordinates":[[17.84724,59.425262],[17.847039,59.425336]]}},{"type":"Feature","properties":{"mode":"bus","n":6,"arr":["542","550","552H","560","567","591"],"lines":"542, 550, 552H, 560, 567, 591"},"geometry":{"type":"LineString","coordinates":[[17.84724,59.425262],[17.84744,59.425271],[17.847599,59.425344]]}},{"type":"Feature","properties":{"mode":"bus","n":7,"arr":["542","550","552V","560","567","590","591"],"lines":"542, 550, 552V, 560, 567, 590, 591"},"geometry":{"type":"LineString","coordinates":[[17.847488,59.425563],[17.847528,59.425549]]}},{"type":"Feature","properties":{"mode":"bus","n":5,"arr":["545","562","568","592","598"],"lines":"545, 562, 568, 592, 598"},"geometry":{"type":"LineString","coordinates":[[17.918107,59.518719],[17.917895,59.518698]]}},{"type":"Feature","properties":{"mode":"bus","n":6,"arr":["552","552V","553V","564H","564Y","590"],"lines":"552, 552V, 553V, 564H, 564Y, 590"},"geometry":{"type":"LineString","coordinates":[[17.807138,59.416126],[17.80703,59.41617],[17.806976,59.416184],[17.806916,59.416183],[17.806798,59.416168]]}},{"type":"Feature","properties":{"mode":"bus","n":6,"arr":["552","552V","553V","564H","564V","590"],"lines":"552, 552V, 553V, 564H, 564V, 590"},"geometry":{"type":"LineString","coordinates":[[17.796683,59.409058],[17.796784,59.409199],[17.796704,59.409832],[17.796717,59.410135]]}},{"type":"Feature","properties":{"mode":"bus","n":5,"arr":["552","552V","564H","564V","590"],"lines":"552, 552V, 564H, 564V, 590"},"geometry":{"type":"LineString","coordinates":[[17.796819,59.4089],[17.796699,59.408969],[17.796683,59.409058]]}},{"type":"Feature","properties":{"mode":"bus","n":6,"arr":["552","552V","553H","564H","564V","590"],"lines":"552, 552V, 553H, 564H, 564V, 590"},"geometry":{"type":"LineString","coordinates":[[17.796819,59.4089],[17.796893,59.408881]]}},{"type":"Feature","properties":{"mode":"bus","n":5,"arr":["552","552V","553H","564V","590"],"lines":"552, 552V, 553H, 564V, 590"},"geometry":{"type":"LineString","coordinates":[[17.802843,59.402366],[17.802822,59.402387]]}},{"type":"Feature","properties":{"mode":"bus","n":5,"arr":["552","552V","553H","564V","590"],"lines":"552, 552V, 553H, 564V, 590"},"geometry":{"type":"LineString","coordinates":[[17.796893,59.408881],[17.796969,59.408805]]}},{"type":"Feature","properties":{"mode":"bus","n":5,"arr":["552","552V","553V","564V","590"],"lines":"552, 552V, 553V, 564V, 590"},"geometry":{"type":"LineString","coordinates":[[17.803114,59.402351],[17.803,59.402333],[17.802843,59.402366]]}},{"type":"Feature","properties":{"mode":"bus","n":5,"arr":["552","552H","553H","564H","564V"],"lines":"552, 552H, 553H, 564H, 564V"},"geometry":{"type":"LineString","coordinates":[[17.796717,59.410135],[17.796827,59.409839],[17.796912,59.409258],[17.796996,59.409191],[17.797113,59.409172]]}},{"type":"Feature","properties":{"mode":"bus","n":5,"arr":["552","552H","553H","564V","564Y"],"lines":"552, 552H, 553H, 564V, 564Y"},"geometry":{"type":"LineString","coordinates":[[17.807138,59.416126],[17.807154,59.416062],[17.807106,59.416009],[17.806901,59.415969],[17.806799,59.415991],[17.80672,59.416051],[17.806738,59.416134],[17.806798,59.416168]]}},{"type":"Feature","properties":{"mode":"bus","n":16,"arr":["601","602","604","604X","605","606","607","609","610","611","613","629","690","691","695","697"],"lines":"601, 602, 604, 604X, 605, 606, 607, 609, 610, 611, 613, 629, 690, 691, 695, 697"},"geometry":{"type":"LineString","coordinates":[[18.042332,59.391729],[18.042414,59.391635],[18.042391,59.391575]]}},{"type":"Feature","properties":{"mode":"bus","n":16,"arr":["601","602","604","604X","605","606","607","609","610","611","613","629","690","691","695","697"],"lines":"601, 602, 604, 604X, 605, 606, 607, 609, 610, 611, 613, 629, 690, 691, 695, 697"},"geometry":{"type":"LineString","coordinates":[[18.035623,59.398795],[18.035518,59.398776],[18.035471,59.398761],[18.035444,59.398737],[18.035394,59.398647],[18.035212,59.398555],[18.033903,59.398461],[18.033865,59.398454],[18.033845,59.398441],[18.033843,59.39842],[18.034061,59.397619],[18.034211,59.397195],[18.034348,59.39698],[18.034481,59.396875],[18.034751,59.396744],[18.035128,59.396657],[18.035589,59.396644],[18.036633,59.396717],[18.036828,59.396692],[18.037419,59.396333],[18.037665,59.396215],[18.038411,59.395961],[18.038907,59.395724],[18.040647,59.394586],[18.041508,59.393973],[18.041823,59.393569],[18.041946,59.393305],[18.042028,59.392957],[18.042104,59.391951],[18.042262,59.391754]]}},{"type":"Feature","properties":{"mode":"bus","n":5,"arr":["601","602","606","695","697"],"lines":"601, 602, 606, 695, 697"},"geometry":{"type":"LineString","coordinates":[[18.035569,59.399014],[18.035683,59.398959]]}},{"type":"Feature","properties":{"mode":"bus","n":7,"arr":["601","602","606","690","691","695","697"],"lines":"601, 602, 606, 690, 691, 695, 697"},"geometry":{"type":"LineString","coordinates":[[18.035209,59.398932],[18.0353,59.399002]]}},{"type":"Feature","properties":{"mode":"bus","n":7,"arr":["601","602","606","690","691","695","697"],"lines":"601, 602, 606, 690, 691, 695, 697"},"geometry":{"type":"LineString","coordinates":[[18.037419,59.396333],[18.03731,59.396356],[18.036824,59.396625],[18.036729,59.396652],[18.036493,59.396667],[18.035609,59.396587],[18.035239,59.396583],[18.0347,59.396693],[18.034389,59.396836],[18.034226,59.396969],[18.034105,59.397186],[18.033687,59.398447]]}},{"type":"Feature","properties":{"mode":"bus","n":7,"arr":["601","602","606","690","691","695","697"],"lines":"601, 602, 606, 690, 691, 695, 697"},"geometry":{"type":"LineString","coordinates":[[18.041926,59.392608],[18.041823,59.393569]]}},{"type":"Feature","properties":{"mode":"bus","n":6,"arr":["601","602","690","691","695","697"],"lines":"601, 602, 690, 691, 695, 697"},"geometry":{"type":"LineString","coordinates":[[18.033725,59.398964],[18.033889,59.398986],[18.033977,59.398973],[18.0341,59.398896],[18.034244,59.398876],[18.03497,59.398894],[18.035209,59.398932]]}},{"type":"Feature","properties":{"mode":"bus","n":6,"arr":["601","602","690","691","695","697"],"lines":"601, 602, 690, 691, 695, 697"},"geometry":{"type":"LineString","coordinates":[[18.033687,59.398447],[18.033646,59.398668],[18.033677,59.398778],[18.033645,59.398814]]}},{"type":"Feature","properties":{"mode":"bus","n":8,"arr":["602","604","607","611","613","627","691","698"],"lines":"602, 604, 607, 611, 613, 627, 691, 698"},"geometry":{"type":"LineString","coordinates":[[18.035376,59.409522],[18.035449,59.409497]]}},{"type":"Feature","properties":{"mode":"bus","n":6,"arr":["602","604","607","611","613","691"],"lines":"602, 604, 607, 611, 613, 691"},"geometry":{"type":"LineString","coordinates":[[18.032749,59.409919],[18.033349,59.409721],[18.033717,59.409665],[18.034555,59.409572],[18.035376,59.409522]]}},{"type":"Feature","properties":{"mode":"bus","n":7,"arr":["602","604","607","611","613","627","691"],"lines":"602, 604, 607, 611, 613, 627, 691"},"geometry":{"type":"LineString","coordinates":[[18.035506,59.40932],[18.035367,59.409227],[18.035194,59.409196]]}},{"type":"Feature","properties":{"mode":"bus","n":7,"arr":["602","604","607","611","613","627","691"],"lines":"602, 604, 607, 611, 613, 627, 691"},"geometry":{"type":"LineString","coordinates":[[18.032371,59.410089],[18.032749,59.409919]]}},{"type":"Feature","properties":{"mode":"bus","n":7,"arr":["602","604","607","611","613","627","691"],"lines":"602, 604, 607, 611, 613, 627, 691"},"geometry":{"type":"LineString","coordinates":[[18.032218,59.410044],[18.031909,59.410177]]}},{"type":"Feature","properties":{"mode":"bus","n":5,"arr":["604","604X","616","629","691"],"lines":"604, 604X, 616, 629, 691"},"geometry":{"type":"LineString","coordinates":[[18.120419,59.447095],[18.120592,59.447027]]}},{"type":"Feature","properties":{"mode":"bus","n":5,"arr":["604","604X","616","629","691"],"lines":"604, 604X, 616, 629, 691"},"geometry":{"type":"LineString","coordinates":[[18.11959,59.446909],[18.119706,59.446988],[18.120144,59.447079]]}},{"type":"Feature","properties":{"mode":"bus","n":8,"arr":["604","604X","609","610","610E","616","629","698"],"lines":"604, 604X, 609, 610, 610E, 616, 629, 698"},"geometry":{"type":"LineString","coordinates":[[18.096219,59.44518],[18.096353,59.445147]]}},{"type":"Feature","properties":{"mode":"bus","n":8,"arr":["604","604X","609","610","610E","616","629","698"],"lines":"604, 604X, 609, 610, 610E, 616, 629, 698"},"geometry":{"type":"LineString","coordinates":[[18.096028,59.444896],[18.095897,59.44496],[18.095866,59.445004],[18.095888,59.445096]]}},{"type":"Feature","properties":{"mode":"bus","n":8,"arr":["604","604X","609","610","610E","616","629","698"],"lines":"604, 604X, 609, 610, 610E, 616, 629, 698"},"geometry":{"type":"LineString","coordinates":[[18.09645,59.445005],[18.096424,59.444965]]}},{"type":"Feature","properties":{"mode":"bus","n":11,"arr":["604","605","609","610","610E","615","616","617H","617V","684","695"],"lines":"604, 605, 609, 610, 610E, 615, 616, 617H, 617V, 684, 695"},"geometry":{"type":"LineString","coordinates":[[18.090709,59.44914],[18.090843,59.449151],[18.090977,59.449133],[18.091123,59.449058],[18.091161,59.448964]]}},{"type":"Feature","properties":{"mode":"bus","n":7,"arr":["604","609","610","610E","616","617H","617V"],"lines":"604, 609, 610, 610E, 616, 617H, 617V"},"geometry":{"type":"LineString","coordinates":[[18.090524,59.448896],[18.09047,59.449003]]}},{"type":"Feature","properties":{"mode":"bus","n":7,"arr":["604","609","610","610E","616","617H","617V"],"lines":"604, 609, 610, 610E, 616, 617H, 617V"},"geometry":{"type":"LineString","coordinates":[[18.091161,59.448964],[18.091233,59.448879],[18.092434,59.448256],[18.092963,59.447942],[18.093467,59.447621],[18.094333,59.446974]]}},{"type":"Feature","properties":{"mode":"bus","n":11,"arr":["604","605","614","615","616","617H","617V","619","627","684","695"],"lines":"604, 605, 614, 615, 616, 617H, 617V, 619, 627, 684, 695"},"geometry":{"type":"LineString","coordinates":[[18.075604,59.445093],[18.075477,59.445115],[18.075416,59.445119],[18.075359,59.445109],[18.075307,59.445093],[18.075264,59.445073],[18.07524,59.445046],[18.075229,59.44502],[18.075227,59.44499],[18.075251,59.444963],[18.075334,59.444903],[18.07534,59.444857],[18.075079,59.444629]]}},{"type":"Feature","properties":{"mode":"bus","n":11,"arr":["604","605","614","615","616","617H","617V","619","627","684","695"],"lines":"604, 605, 614, 615, 616, 617H, 617V, 619, 627, 684, 695"},"geometry":{"type":"LineString","coordinates":[[18.072885,59.443802],[18.073506,59.444104],[18.073754,59.44419],[18.074006,59.444189]]}},{"type":"Feature","properties":{"mode":"bus","n":10,"arr":["604","605","614","615","616","617V","619","627","684","695"],"lines":"604, 605, 614, 615, 616, 617V, 619, 627, 684, 695"},"geometry":{"type":"LineString","coordinates":[[18.071198,59.443105],[18.071127,59.443061],[18.071084,59.443042],[18.071029,59.443035],[18.07089,59.443029],[18.07083,59.442997],[18.070797,59.44292]]}},{"type":"Feature","properties":{"mode":"bus","n":11,"arr":["604","605","614","615","616","617H","619","627","690","691","695"],"lines":"604, 605, 614, 615, 616, 617H, 619, 627, 690, 691, 695"},"geometry":{"type":"LineString","coordinates":[[18.069255,59.442117],[18.069173,59.442148],[18.069129,59.442159],[18.06908,59.442159],[18.068985,59.442149]]}},{"type":"Feature","properties":{"mode":"bus","n":6,"arr":["604","615","616","619","690","691"],"lines":"604, 615, 616, 619, 690, 691"},"geometry":{"type":"LineString","coordinates":[[18.062027,59.444973],[18.062325,59.444861],[18.063127,59.444757],[18.06383,59.444636],[18.064359,59.444516],[18.065025,59.444291]]}},{"type":"Feature","properties":{"mode":"bus","n":6,"arr":["604","615","616","619","690","691"],"lines":"604, 615, 616, 619, 690, 691"},"geometry":{"type":"LineString","coordinates":[[18.061769,59.444752],[18.061708,59.444833],[18.061698,59.444862],[18.061712,59.44489],[18.061761,59.444942],[18.061833,59.444968]]}},{"type":"Feature","properties":{"mode":"bus","n":5,"arr":["604","611","613","691","695"],"lines":"604, 611, 613, 691, 695"},"geometry":{"type":"LineString","coordinates":[[18.042374,59.425221],[18.042473,59.424988],[18.042421,59.424842],[18.042461,59.424796],[18.042962,59.424674]]}},{"type":"Feature","properties":{"mode":"bus","n":5,"arr":["604","611","613","691","695"],"lines":"604, 611, 613, 691, 695"},"geometry":{"type":"LineString","coordinates":[[18.043431,59.422523],[18.043396,59.422336],[18.043293,59.422285],[18.043274,59.42223],[18.043275,59.422202],[18.043299,59.422177],[18.043393,59.422111],[18.043496,59.421956]]}},{"type":"Feature","properties":{"mode":"bus","n":5,"arr":["604","611","613","691","695"],"lines":"604, 611, 613, 691, 695"},"geometry":{"type":"LineString","coordinates":[[18.040178,59.432396],[18.040883,59.431516],[18.040912,59.4312],[18.040747,59.430597],[18.040639,59.429573],[18.040544,59.429265],[18.040148,59.428588],[18.040046,59.428249],[18.040089,59.428076],[18.040309,59.427698],[18.040841,59.426998],[18.042058,59.425531],[18.042535,59.425102],[18.042649,59.424952],[18.042761,59.424907],[18.042785,59.424828],[18.043134,59.424509],[18.043256,59.424342],[18.043327,59.424168],[18.043331,59.423855],[18.043241,59.42362],[18.043198,59.42334],[18.043232,59.423097],[18.043431,59.422523],[18.043716,59.422284],[18.043746,59.422218],[18.043684,59.422138],[18.043592,59.422106],[18.043496,59.421956],[18.043524,59.421197],[18.043479,59.42081],[18.043376,59.42055],[18.043224,59.420334],[18.043029,59.420152],[18.042712,59.419951],[18.042201,59.419712],[18.041396,59.419434],[18.04081,59.419144],[18.037405,59.416403],[18.036881,59.415909],[18.036076,59.41508],[18.035538,59.41447],[18.033343,59.412279],[18.031881,59.410615]]}},{"type":"Feature","properties":{"mode":"bus","n":5,"arr":["604","611","613","691","695"],"lines":"604, 611, 613, 691, 695"},"geometry":{"type":"LineString","coordinates":[[18.038442,59.433993],[18.037906,59.434405],[18.037367,59.43468],[18.036722,59.434958],[18.036436,59.435151],[18.036235,59.435364],[18.036112,59.435724],[18.035472,59.437034],[18.034698,59.438009],[18.034325,59.43889],[18.03413,59.439468]]}},{"type":"Feature","properties":{"mode":"bus","n":5,"arr":["604","611","613","691","695"],"lines":"604, 611, 613, 691, 695"},"geometry":{"type":"LineString","coordinates":[[18.031525,59.410496],[18.033104,59.412203],[18.034531,59.413668],[18.035214,59.414322],[18.035435,59.414489],[18.036076,59.41508]]}},{"type":"Feature","properties":{"mode":"bus","n":5,"arr":["604","611","613","691","695"],"lines":"604, 611, 613, 691, 695"},"geometry":{"type":"LineString","coordinates":[[18.038442,59.433993],[18.038837,59.433716],[18.039528,59.433161],[18.039983,59.432667],[18.040154,59.43243],[18.04016,59.43242],[18.040163,59.432414],[18.040163,59.432412],[18.040159,59.432414],[18.040153,59.432419],[18.040142,59.432427],[18.039894,59.432644],[18.039293,59.433274],[18.038762,59.433692],[18.038442,59.433993]]}},{"type":"Feature","properties":{"mode":"bus","n":12,"arr":["604","604X","605","606","607","609","610","611","613","629","690","691"],"lines":"604, 604X, 605, 606, 607, 609, 610, 611, 613, 629, 690, 691"},"geometry":{"type":"LineString","coordinates":[[18.039489,59.398612],[18.03932,59.398578],[18.039208,59.398594],[18.038965,59.398711],[18.038793,59.398752],[18.038095,59.39884],[18.037683,59.398863],[18.036829,59.398864],[18.035623,59.398795]]}},{"type":"Feature","properties":{"mode":"bus","n":12,"arr":["604","604X","605","606","607","609","610","611","613","629","690","691"],"lines":"604, 604X, 605, 606, 607, 609, 610, 611, 613, 629, 690, 691"},"geometry":{"type":"LineString","coordinates":[[18.039557,59.39877],[18.039591,59.398721]]}},{"type":"Feature","properties":{"mode":"bus","n":11,"arr":["604","604X","605","607","609","610","611","613","629","690","691"],"lines":"604, 604X, 605, 607, 609, 610, 611, 613, 629, 690, 691"},"geometry":{"type":"LineString","coordinates":[[18.039591,59.398721],[18.039489,59.398612]]}},{"type":"Feature","properties":{"mode":"bus","n":11,"arr":["604","604X","605","607","609","610","611","613","629","690","691"],"lines":"604, 604X, 605, 607, 609, 610, 611, 613, 629, 690, 691"},"geometry":{"type":"LineString","coordinates":[[18.037277,59.401943],[18.037375,59.401816],[18.037519,59.400904],[18.03761,59.400594],[18.037771,59.400346],[18.03815,59.400054],[18.038451,59.399923],[18.039206,59.399665],[18.039498,59.399547],[18.039669,59.399442],[18.039763,59.399151],[18.039557,59.39877]]}},{"type":"Feature","properties":{"mode":"bus","n":6,"arr":["604","607","611","613","627","691"],"lines":"604, 607, 611, 613, 627, 691"},"geometry":{"type":"LineString","coordinates":[[18.035449,59.409497],[18.035523,59.409381],[18.035506,59.40932]]}},{"type":"Feature","properties":{"mode":"bus","n":6,"arr":["604","607","611","613","627","691"],"lines":"604, 607, 611, 613, 627, 691"},"geometry":{"type":"LineString","coordinates":[[18.031909,59.410177],[18.031418,59.410408]]}},{"type":"Feature","properties":{"mode":"bus","n":11,"arr":["604","605","615","616","617H","619","627","690","691","695","698"],"lines":"604, 605, 615, 616, 617H, 619, 627, 690, 691, 695, 698"},"geometry":{"type":"LineString","coordinates":[[18.069255,59.442117],[18.069245,59.442053],[18.069235,59.442032],[18.069212,59.442016],[18.069177,59.442005],[18.069122,59.441995],[18.069082,59.44199],[18.069044,59.441994],[18.069009,59.442006],[18.068916,59.44205],[18.068912,59.442087],[18.068985,59.442149]]}},{"type":"Feature","properties":{"mode":"bus","n":10,"arr":["604","605","615","616","617H","619","627","684","695","698"],"lines":"604, 605, 615, 616, 617H, 619, 627, 684, 695, 698"},"geometry":{"type":"LineString","coordinates":[[18.074006,59.444189],[18.071874,59.443185],[18.071544,59.44306],[18.071256,59.442991],[18.071228,59.442981],[18.071212,59.442968],[18.071206,59.442951],[18.071207,59.442898],[18.071123,59.442845],[18.070954,59.44283]]}},{"type":"Feature","properties":{"mode":"bus","n":10,"arr":["604","605","615","616","617H","619","627","684","695","698"],"lines":"604, 605, 615, 616, 617H, 619, 627, 684, 695, 698"},"geometry":{"type":"LineString","coordinates":[[18.075657,59.444964],[18.075591,59.444919]]}},{"type":"Feature","properties":{"mode":"bus","n":7,"arr":["604","605","615","616","617H","684","695"],"lines":"604, 605, 615, 616, 617H, 684, 695"},"geometry":{"type":"LineString","coordinates":[[18.075591,59.444919],[18.075438,59.444891],[18.075334,59.444903]]}},{"type":"Feature","properties":{"mode":"bus","n":6,"arr":["604","604X","616","629","691","698"],"lines":"604, 604X, 616, 629, 691, 698"},"geometry":{"type":"LineString","coordinates":[[18.120574,59.44683],[18.120489,59.446791],[18.120268,59.446767],[18.120115,59.446799],[18.120013,59.446889],[18.119975,59.446911],[18.119921,59.446922],[18.119808,59.446934],[18.11959,59.446909],[18.118212,59.446164],[18.11799,59.44609],[18.117735,59.446038],[18.115708,59.445864],[18.114888,59.445866],[18.114246,59.445907],[18.113782,59.445891],[18.112503,59.445705],[18.112038,59.445479],[18.111935,59.445454]]}},{"type":"Feature","properties":{"mode":"bus","n":5,"arr":["604","604X","629","691","698"],"lines":"604, 604X, 629, 691, 698"},"geometry":{"type":"LineString","coordinates":[[18.122087,59.445299],[18.122192,59.445379],[18.122202,59.445475],[18.122124,59.445929],[18.121979,59.446219],[18.121784,59.446464],[18.121598,59.446642],[18.121361,59.446761],[18.12103,59.446832],[18.120574,59.44683]]}},{"type":"Feature","properties":{"mode":"bus","n":5,"arr":["604X","609","610","610E","629"],"lines":"604X, 609, 610, 610E, 629"},"geometry":{"type":"LineString","coordinates":[[18.096424,59.444965],[18.096483,59.444802],[18.096875,59.444457],[18.097032,59.444361],[18.097367,59.444236],[18.097405,59.444201],[18.097396,59.444047],[18.098005,59.443416],[18.098056,59.443154],[18.098007,59.442913],[18.098027,59.442722],[18.097963,59.442635],[18.097885,59.442604],[18.097694,59.442592],[18.097535,59.442644],[18.097381,59.442662],[18.09663,59.442631],[18.095859,59.442664],[18.095343,59.442646],[18.094733,59.442562],[18.093393,59.442182],[18.09126,59.441416]]}},{"type":"Feature","properties":{"mode":"bus","n":5,"arr":["604X","609","610","610E","629"],"lines":"604X, 609, 610, 610E, 629"},"geometry":{"type":"LineString","coordinates":[[18.093692,59.442535],[18.094292,59.442908],[18.096635,59.443989],[18.096762,59.444117],[18.096782,59.444279],[18.096608,59.444497],[18.096276,59.444785],[18.096028,59.444896]]}},{"type":"Feature","properties":{"mode":"bus","n":7,"arr":["605","609","610","610E","615","684","695"],"lines":"605, 609, 610, 610E, 615, 684, 695"},"geometry":{"type":"LineString","coordinates":[[18.086803,59.453449],[18.086864,59.453421]]}},{"type":"Feature","properties":{"mode":"bus","n":7,"arr":["605","609","610","610E","615","684","695"],"lines":"605, 609, 610, 610E, 615, 684, 695"},"geometry":{"type":"LineString","coordinates":[[18.086425,59.453411],[18.086326,59.453242],[18.086421,59.453136]]}},{"type":"Feature","properties":{"mode":"bus","n":7,"arr":["605","609","610","610E","615","684","695"],"lines":"605, 609, 610, 610E, 615, 684, 695"},"geometry":{"type":"LineString","coordinates":[[18.086991,59.453295],[18.086993,59.453242],[18.086862,59.45311],[18.086807,59.45297],[18.08691,59.452275],[18.086998,59.451962],[18.087411,59.451245],[18.087713,59.450877],[18.088055,59.450547],[18.088903,59.449931],[18.089507,59.449611],[18.090544,59.449174]]}},{"type":"Feature","properties":{"mode":"bus","n":8,"arr":["605","609","610","610E","614","615","684","695"],"lines":"605, 609, 610, 610E, 614, 615, 684, 695"},"geometry":{"type":"LineString","coordinates":[[18.086421,59.453136],[18.086521,59.453092],[18.086604,59.45295],[18.086726,59.45216],[18.086825,59.451882],[18.087005,59.451509],[18.08725,59.45115],[18.087554,59.450796],[18.087908,59.450461],[18.088313,59.45014],[18.089113,59.449668]]}},{"type":"Feature","properties":{"mode":"bus","n":5,"arr":["605","617V","627","690","691"],"lines":"605, 617V, 627, 690, 691"},"geometry":{"type":"LineString","coordinates":[[18.070891,59.442886],[18.070975,59.442867],[18.071018,59.442863],[18.07106,59.442869],[18.071137,59.442889]]}},{"type":"Feature","properties":{"mode":"bus","n":5,"arr":["605","617V","627","690","691"],"lines":"605, 617V, 627, 690, 691"},"geometry":{"type":"LineString","coordinates":[[18.075407,59.437386],[18.07525,59.437423],[18.075136,59.437408],[18.075033,59.437343],[18.075029,59.437286]]}},{"type":"Feature","properties":{"mode":"bus","n":5,"arr":["605","617V","627","690","691"],"lines":"605, 617V, 627, 690, 691"},"geometry":{"type":"LineString","coordinates":[[18.070683,59.435908],[18.072001,59.436345]]}},{"type":"Feature","properties":{"mode":"bus","n":5,"arr":["605","617H","627","690","691"],"lines":"605, 617H, 627, 690, 691"},"geometry":{"type":"LineString","coordinates":[[18.075407,59.437386],[18.075443,59.437324],[18.075446,59.437292],[18.075419,59.437263],[18.075361,59.437227],[18.075323,59.437211],[18.075275,59.437205],[18.07523,59.437204],[18.075181,59.437208],[18.075141,59.437223],[18.075029,59.437286]]}},{"type":"Feature","properties":{"mode":"bus","n":5,"arr":["605","617H","627","690","691"],"lines":"605, 617H, 627, 690, 691"},"geometry":{"type":"LineString","coordinates":[[18.070891,59.442886],[18.070871,59.442933],[18.070869,59.442949],[18.070879,59.442964],[18.070899,59.442976],[18.070949,59.442996],[18.07098,59.443006],[18.071014,59.443008],[18.071049,59.443002],[18.071095,59.44299],[18.071124,59.442979],[18.07114,59.442964],[18.071144,59.442946],[18.071137,59.442889]]}},{"type":"Feature","properties":{"mode":"bus","n":5,"arr":["605","617H","627","690","691"],"lines":"605, 617H, 627, 690, 691"},"geometry":{"type":"LineString","coordinates":[[18.072001,59.436345],[18.070752,59.435862]]}},{"type":"Feature","properties":{"mode":"bus","n":8,"arr":["605","609","610","610E","615","617H","684","695"],"lines":"605, 609, 610, 610E, 615, 617H, 684, 695"},"geometry":{"type":"LineString","coordinates":[[18.090939,59.448822],[18.090731,59.448809]]}},{"type":"Feature","properties":{"mode":"bus","n":8,"arr":["605","609","610","610E","615","617H","684","695"],"lines":"605, 609, 610, 610E, 615, 617H, 684, 695"},"geometry":{"type":"LineString","coordinates":[[18.090544,59.449174],[18.090709,59.44914]]}},{"type":"Feature","properties":{"mode":"bus","n":5,"arr":["605","615","617H","684","695"],"lines":"605, 615, 617H, 684, 695"},"geometry":{"type":"LineString","coordinates":[[18.090939,59.448822],[18.091041,59.448849],[18.091161,59.448964]]}},{"type":"Feature","properties":{"mode":"bus","n":5,"arr":["605","615","617H","684","695"],"lines":"605, 615, 617H, 684, 695"},"geometry":{"type":"LineString","coordinates":[[18.090731,59.448809],[18.09043,59.448702],[18.090131,59.44853]]}},{"type":"Feature","properties":{"mode":"bus","n":5,"arr":["610","611","616","687","690"],"lines":"610, 611, 616, 687, 690"},"geometry":{"type":"LineString","coordinates":[[18.055108,59.483817],[18.054832,59.483554],[18.054868,59.483474],[18.054861,59.483196]]}},{"type":"Feature","properties":{"mode":"bus","n":5,"arr":["610","611","616","687","690"],"lines":"610, 611, 616, 687, 690"},"geometry":{"type":"LineString","coordinates":[[18.059207,59.490636],[18.058928,59.490441],[18.058554,59.489863],[18.05767,59.48809],[18.057104,59.487377],[18.055723,59.485279],[18.055521,59.484899],[18.055108,59.483817],[18.05521,59.48355],[18.055209,59.483517],[18.055181,59.483486],[18.055024,59.483378],[18.054861,59.483196],[18.054403,59.4817],[18.054193,59.480731],[18.053958,59.479204],[18.053848,59.478743],[18.053883,59.47864],[18.05385,59.478494],[18.05359,59.477858],[18.0529,59.476681]]}},{"type":"Feature","properties":{"mode":"bus","n":5,"arr":["610","611","616","687","690"],"lines":"610, 611, 616, 687, 690"},"geometry":{"type":"LineString","coordinates":[[18.059425,59.490766],[18.059383,59.490683],[18.059326,59.490655]]}},{"type":"Feature","properties":{"mode":"bus","n":5,"arr":["610","611","616","687","690"],"lines":"610, 611, 616, 687, 690"},"geometry":{"type":"LineString","coordinates":[[18.058928,59.490441],[18.059014,59.490685]]}},{"type":"Feature","properties":{"mode":"bus","n":5,"arr":["610","611","616","687","690"],"lines":"610, 611, 616, 687, 690"},"geometry":{"type":"LineString","coordinates":[[18.052921,59.477004],[18.053326,59.477688],[18.053756,59.478643],[18.053848,59.478743]]}},{"type":"Feature","properties":{"mode":"bus","n":5,"arr":["610","610E","615","684","695"],"lines":"610, 610E, 615, 684, 695"},"geometry":{"type":"LineString","coordinates":[[18.083879,59.456178],[18.08388,59.456093],[18.083933,59.456047],[18.084065,59.456003],[18.084157,59.455998],[18.084377,59.455914],[18.085035,59.455572],[18.085772,59.454978],[18.086243,59.454355],[18.086383,59.454061],[18.086499,59.45352],[18.086425,59.453411]]}},{"type":"Feature","properties":{"mode":"bus","n":5,"arr":["610","610E","615","684","695"],"lines":"610, 610E, 615, 684, 695"},"geometry":{"type":"LineString","coordinates":[[18.086864,59.453421],[18.086991,59.453295]]}},{"type":"Feature","properties":{"mode":"bus","n":5,"arr":["610","610E","615","684","695"],"lines":"610, 610E, 615, 684, 695"},"geometry":{"type":"LineString","coordinates":[[18.084177,59.456259],[18.084088,59.456262]]}},{"type":"Feature","properties":{"mode":"bus","n":5,"arr":["610","610E","615","684","695"],"lines":"610, 610E, 615, 684, 695"},"geometry":{"type":"LineString","coordinates":[[18.084963,59.455781],[18.085594,59.455351],[18.086078,59.454883],[18.08635,59.454532],[18.086511,59.454257],[18.086734,59.453539],[18.086803,59.453449]]}},{"type":"Feature","properties":{"mode":"bus","n":10,"arr":["622","622X","623","623H","624","628","633","635","683","685"],"lines":"622, 622X, 623, 623H, 624, 628, 633, 635, 683, 685"},"geometry":{"type":"LineString","coordinates":[[18.305514,59.479183],[18.305427,59.479221]]}},{"type":"Feature","properties":{"mode":"bus","n":9,"arr":["622","622X","623","623H","624","628","633","683","685"],"lines":"622, 622X, 623, 623H, 624, 628, 633, 683, 685"},"geometry":{"type":"LineString","coordinates":[[18.305427,59.479221],[18.30531,59.479244],[18.305122,59.479237]]}},{"type":"Feature","properties":{"mode":"bus","n":11,"arr":["622","622X","623","623H","623V","624","628","633","635","683","685"],"lines":"622, 622X, 623, 623H, 623V, 624, 628, 633, 635, 683, 685"},"geometry":{"type":"LineString","coordinates":[[18.305122,59.479237],[18.304971,59.479184]]}},{"type":"Feature","properties":{"mode":"bus","n":9,"arr":["622","622X","623","623H","623V","624","633","635","683"],"lines":"622, 622X, 623, 623H, 623V, 624, 633, 635, 683"},"geometry":{"type":"LineString","coordinates":[[18.304971,59.479184],[18.304886,59.479078],[18.304942,59.478967]]}},{"type":"Feature","properties":{"mode":"bus","n":12,"arr":["622","622X","623","623H","623V","624","628","633","635","683","685","698"],"lines":"622, 622X, 623, 623H, 623V, 624, 628, 633, 635, 683, 685, 698"},"geometry":{"type":"LineString","coordinates":[[18.305063,59.478909],[18.304942,59.478967]]}},{"type":"Feature","properties":{"mode":"bus","n":12,"arr":["622","622X","623","623H","623V","624","628","633","635","683","685","694"],"lines":"622, 622X, 623, 623H, 623V, 624, 628, 633, 635, 683, 685, 694"},"geometry":{"type":"LineString","coordinates":[[18.305522,59.478953],[18.305373,59.478897]]}},{"type":"Feature","properties":{"mode":"bus","n":5,"arr":["623","623H","635","683","685"],"lines":"623, 623H, 635, 683, 685"},"geometry":{"type":"LineString","coordinates":[[18.305514,59.479183],[18.305599,59.479069],[18.305522,59.478953]]}},{"type":"Feature","properties":{"mode":"bus","n":5,"arr":["623","623H","624","628","635"],"lines":"623, 623H, 624, 628, 635"},"geometry":{"type":"LineString","coordinates":[[18.279286,59.49449],[18.279267,59.494556]]}},{"type":"Feature","properties":{"mode":"bus","n":5,"arr":["623V","624","628","635","694"],"lines":"623V, 624, 628, 635, 694"},"geometry":{"type":"LineString","coordinates":[[18.279055,59.494604],[18.278966,59.494571],[18.278932,59.494551],[18.27892,59.494526],[18.278919,59.494473]]}},{"type":"Feature","properties":{"mode":"bus","n":5,"arr":["623V","624","628","635","694"],"lines":"623V, 624, 628, 635, 694"},"geometry":{"type":"LineString","coordinates":[[18.279063,59.494413],[18.279129,59.494413]]}},{"type":"Feature","properties":{"mode":"bus","n":7,"arr":["703","705","710","742","744","791","792"],"lines":"703, 705, 710, 742, 744, 791, 792"},"geometry":{"type":"LineString","coordinates":[[17.977651,59.233996],[17.978307,59.234252],[17.978488,59.234414],[17.978556,59.234559],[17.978674,59.235564],[17.978791,59.23581],[17.979008,59.236026],[17.979983,59.236606],[17.981052,59.237291],[17.981362,59.237457],[17.981872,59.237664],[17.983944,59.238406],[17.984823,59.238765],[17.985208,59.238885],[17.985489,59.238937],[17.989257,59.239362],[17.989962,59.239485],[17.990231,59.239554],[17.990551,59.239676],[17.991423,59.240181],[17.99201,59.240394],[17.993673,59.24085],[17.994196,59.240781],[17.994333,59.240719]]}},{"type":"Feature","properties":{"mode":"bus","n":7,"arr":["703","705","710","742","744","791","792"],"lines":"703, 705, 710, 742, 744, 791, 792"},"geometry":{"type":"LineString","coordinates":[[17.994601,59.240813],[17.994614,59.240845]]}},{"type":"Feature","properties":{"mode":"bus","n":7,"arr":["703","705","710","742","744","791","792"],"lines":"703, 705, 710, 742, 744, 791, 792"},"geometry":{"type":"LineString","coordinates":[[17.994366,59.240941],[17.994406,59.240936]]}},{"type":"Feature","properties":{"mode":"bus","n":6,"arr":["703","710","742","744","791","792"],"lines":"703, 710, 742, 744, 791, 792"},"geometry":{"type":"LineString","coordinates":[[17.994333,59.240719],[17.994438,59.240727],[17.994489,59.240737],[17.994527,59.240756],[17.994601,59.240813]]}},{"type":"Feature","properties":{"mode":"bus","n":6,"arr":["703","710","742","744","791","792"],"lines":"703, 710, 742, 744, 791, 792"},"geometry":{"type":"LineString","coordinates":[[17.994614,59.240845],[17.995174,59.241339],[17.995351,59.241426],[17.995375,59.241434],[17.995404,59.241436],[17.995461,59.241434],[17.995606,59.241477],[17.995648,59.241557],[17.995566,59.241632]]}},{"type":"Feature","properties":{"mode":"bus","n":6,"arr":["703","710","742","744","791","792"],"lines":"703, 710, 742, 744, 791, 792"},"geometry":{"type":"LineString","coordinates":[[17.994406,59.240936],[17.994593,59.241003],[17.995263,59.241612]]}},{"type":"Feature","properties":{"mode":"bus","n":5,"arr":["703","710","742","744","792"],"lines":"703, 710, 742, 744, 792"},"geometry":{"type":"LineString","coordinates":[[17.995263,59.241612],[17.995356,59.241639],[17.995407,59.241648],[17.995462,59.241646],[17.995566,59.241632]]}},{"type":"Feature","properties":{"mode":"bus","n":5,"arr":["703","710","742","744","792"],"lines":"703, 710, 742, 744, 792"},"geometry":{"type":"LineString","coordinates":[[17.999605,59.245528],[18.000653,59.244969],[18.000686,59.244941],[18.000685,59.244908],[18.000527,59.244579],[18.000088,59.243886],[17.999929,59.243394],[17.99983,59.242858],[17.999766,59.242707],[17.999645,59.242556],[17.999471,59.242429],[17.999149,59.242299],[17.997752,59.241952],[17.99631,59.241561],[17.996136,59.241521],[17.995772,59.24153],[17.995648,59.241557]]}},{"type":"Feature","properties":{"mode":"bus","n":6,"arr":["707","710","737","740","748","865"],"lines":"707, 710, 737, 740, 748, 865"},"geometry":{"type":"LineString","coordinates":[[17.919837,59.273182],[17.919796,59.273241],[17.919641,59.273324]]}},{"type":"Feature","properties":{"mode":"bus","n":6,"arr":["707","710","737","740","748","865"],"lines":"707, 710, 737, 740, 748, 865"},"geometry":{"type":"LineString","coordinates":[[17.919444,59.273339],[17.919174,59.273533]]}},{"type":"Feature","properties":{"mode":"bus","n":6,"arr":["707","708","737","738","743","795"],"lines":"707, 708, 737, 738, 743, 795"},"geometry":{"type":"LineString","coordinates":[[17.829624,59.214703],[17.829696,59.214723],[17.829768,59.214814],[17.829762,59.214894],[17.829586,59.215225],[17.829553,59.215413],[17.829575,59.215798],[17.829661,59.216103],[17.829664,59.216113],[17.829667,59.216119],[17.829669,59.216121],[17.82967,59.216119],[17.829671,59.216113],[17.829671,59.216103],[17.829679,59.215493],[17.829718,59.215258],[17.82987,59.214955],[17.83006,59.214722],[17.830197,59.214636]]}},{"type":"Feature","properties":{"mode":"bus","n":6,"arr":["707","708","737","738","743","795"],"lines":"707, 708, 737, 738, 743, 795"},"geometry":{"type":"LineString","coordinates":[[17.830151,59.214445],[17.829929,59.21438],[17.829815,59.214384],[17.829611,59.214427],[17.829526,59.21451]]}},{"type":"Feature","properties":{"mode":"bus","n":6,"arr":["707","708","737","738","743","795"],"lines":"707, 708, 737, 738, 743, 795"},"geometry":{"type":"LineString","coordinates":[[17.829671,59.216139],[17.829828,59.217024],[17.829993,59.217427],[17.830096,59.217585],[17.830406,59.217934],[17.831836,59.219057]]}},{"type":"Feature","properties":{"mode":"bus","n":5,"arr":["707","708","737","743","795"],"lines":"707, 708, 737, 743, 795"},"geometry":{"type":"LineString","coordinates":[[17.830197,59.214636],[17.830232,59.214535],[17.830151,59.214445]]}},{"type":"Feature","properties":{"mode":"bus","n":5,"arr":["707","708","737","743","795"],"lines":"707, 708, 737, 743, 795"},"geometry":{"type":"LineString","coordinates":[[17.828917,59.214578],[17.829031,59.214633],[17.829624,59.214703]]}},{"type":"Feature","properties":{"mode":"bus","n":5,"arr":["707","708","737","743","795"],"lines":"707, 708, 737, 743, 795"},"geometry":{"type":"LineString","coordinates":[[17.829526,59.21451],[17.829224,59.214579],[17.828917,59.214578],[17.828681,59.214507],[17.825442,59.213059],[17.824885,59.212785],[17.824509,59.212535],[17.824359,59.212418],[17.82392,59.211916],[17.823785,59.211464],[17.823765,59.211201],[17.82381,59.210923],[17.825333,59.207026],[17.825525,59.206449],[17.825558,59.206165],[17.825511,59.205843],[17.825357,59.205354]]}},{"type":"Feature","properties":{"mode":"bus","n":5,"arr":["707","710","737","740","792"],"lines":"707, 710, 737, 740, 792"},"geometry":{"type":"LineString","coordinates":[[17.919104,59.27319],[17.919133,59.2731],[17.919302,59.272999]]}},{"type":"Feature","properties":{"mode":"bus","n":6,"arr":["715H","715V","725","737","791","795"],"lines":"715H, 715V, 725, 737, 791, 795"},"geometry":{"type":"LineString","coordinates":[[17.826782,59.200461],[17.826776,59.200512],[17.826784,59.200537],[17.826814,59.200557],[17.826877,59.200584],[17.826914,59.200595],[17.826955,59.200596],[17.827036,59.20059],[17.827124,59.200534]]}},{"type":"Feature","properties":{"mode":"bus","n":6,"arr":["715H","715V","725","737","791","795"],"lines":"715H, 715V, 725, 737, 791, 795"},"geometry":{"type":"LineString","coordinates":[[17.827694,59.200366],[17.831526,59.200106],[17.832776,59.200078]]}},{"type":"Feature","properties":{"mode":"bus","n":5,"arr":["715H","725","737","791","795"],"lines":"715H, 725, 737, 791, 795"},"geometry":{"type":"LineString","coordinates":[[17.826977,59.200408],[17.827694,59.200366]]}},{"type":"Feature","properties":{"mode":"bus","n":5,"arr":["715H","725","737","791","795"],"lines":"715H, 725, 737, 791, 795"},"geometry":{"type":"LineString","coordinates":[[17.832776,59.200078],[17.83429,59.200109]]}},{"type":"Feature","properties":{"mode":"bus","n":7,"arr":["804","805","815C","819","824","875","890"],"lines":"804, 805, 815C, 819, 824, 875, 890"},"geometry":{"type":"LineString","coordinates":[[18.27373,59.245619],[18.273792,59.245627]]}},{"type":"Feature","properties":{"mode":"bus","n":7,"arr":["804","805","815C","819","824","875","890"],"lines":"804, 805, 815C, 819, 824, 875, 890"},"geometry":{"type":"LineString","coordinates":[[18.250811,59.24669],[18.250394,59.246816],[18.24815,59.247305],[18.24788,59.247474],[18.247484,59.247514],[18.246528,59.247728]]}},{"type":"Feature","properties":{"mode":"bus","n":7,"arr":["804","805","815C","819","824","875","890"],"lines":"804, 805, 815C, 819, 824, 875, 890"},"geometry":{"type":"LineString","coordinates":[[18.273877,59.245418],[18.273725,59.245422],[18.273383,59.24561],[18.272783,59.245778],[18.269594,59.246383],[18.267794,59.246778],[18.267295,59.246861],[18.266442,59.24693],[18.262061,59.246953],[18.261344,59.246984],[18.260243,59.247091],[18.259484,59.24711],[18.258833,59.247074],[18.258373,59.247015],[18.255366,59.246342],[18.254782,59.246255],[18.254217,59.246224],[18.253353,59.246239],[18.252826,59.246299],[18.251848,59.24646],[18.24878,59.24711],[18.248368,59.247178],[18.248075,59.247194],[18.247624,59.247175],[18.247477,59.24723],[18.247431,59.247329],[18.247188,59.247488],[18.246528,59.247728],[18.245866,59.247899],[18.243403,59.248654],[18.242867,59.248786],[18.241986,59.248937],[18.23711,59.249446],[18.2363,59.249564],[18.235409,59.249664],[18.235368,59.249672],[18.235339,59.249687],[18.23532,59.249707],[18.235296,59.249749],[18.235267,59.249775],[18.235215,59.249791],[18.235099,59.24981],[18.234569,59.249727],[18.232538,59.249766],[18.231474,59.249736],[18.22997,59.249632]]}},{"type":"Feature","properties":{"mode":"bus","n":7,"arr":["804","805","815C","819","824","875","890"],"lines":"804, 805, 815C, 819, 824, 875, 890"},"geometry":{"type":"LineString","coordinates":[[18.23484,59.24954],[18.235036,59.249481],[18.235192,59.24949],[18.235267,59.249522]]}},{"type":"Feature","properties":{"mode":"bus","n":7,"arr":["804","805","815C","819","824","875","890"],"lines":"804, 805, 815C, 819, 824, 875, 890"},"geometry":{"type":"LineString","coordinates":[[18.274014,59.245545],[18.274017,59.245505]]}},{"type":"Feature","properties":{"mode":"bus","n":5,"arr":["804","805","813C","815C","840"],"lines":"804, 805, 813C, 815C, 840"},"geometry":{"type":"LineString","coordinates":[[18.22997,59.249632],[18.228336,59.249479],[18.223026,59.249089],[18.222496,59.249031],[18.222223,59.249036],[18.222,59.24911],[18.221821,59.249117],[18.220865,59.248958],[18.219131,59.24883],[18.218399,59.2488],[18.217644,59.248801],[18.216688,59.248836],[18.21589,59.248901],[18.214867,59.24904],[18.214233,59.249149],[18.213441,59.249325]]}},{"type":"Feature","properties":{"mode":"bus","n":5,"arr":["804","805","813C","815C","840"],"lines":"804, 805, 813C, 815C, 840"},"geometry":{"type":"LineString","coordinates":[[18.214673,59.248934],[18.215228,59.24885],[18.216223,59.248742],[18.217212,59.248684],[18.217861,59.248675],[18.218416,59.248674],[18.219324,59.248711],[18.220295,59.248782],[18.221345,59.2489],[18.221614,59.248886],[18.221721,59.248826],[18.221833,59.248803],[18.22203,59.248817],[18.22214,59.248862]]}},{"type":"Feature","properties":{"mode":"bus","n":6,"arr":["804","805","815C","819","824","875"],"lines":"804, 805, 815C, 819, 824, 875"},"geometry":{"type":"LineString","coordinates":[[18.235267,59.249522],[18.235327,59.249562],[18.23534,59.249672]]}},{"type":"Feature","properties":{"mode":"bus","n":6,"arr":["805","815C","817","819","875","890"],"lines":"805, 815C, 817, 819, 875, 890"},"geometry":{"type":"LineString","coordinates":[[18.295581,59.23959],[18.295652,59.23962],[18.295708,59.239689],[18.295676,59.239768],[18.2956,59.239809],[18.295457,59.239828],[18.295283,59.23979],[18.294791,59.239789]]}},{"type":"Feature","properties":{"mode":"bus","n":6,"arr":["805","815C","817","819","875","890"],"lines":"805, 815C, 817, 819, 875, 890"},"geometry":{"type":"LineString","coordinates":[[18.292312,59.240104],[18.292314,59.240259],[18.292302,59.240292],[18.292264,59.24032],[18.292156,59.240374],[18.291586,59.240438],[18.291545,59.240439],[18.291514,59.24043],[18.291494,59.240412],[18.291387,59.240258],[18.291381,59.240243],[18.291387,59.24023],[18.291404,59.240221],[18.291432,59.240215],[18.294791,59.239789],[18.295214,59.239691],[18.295296,59.239606]]}},{"type":"Feature","properties":{"mode":"bus","n":5,"arr":["805","815C","819","875","890"],"lines":"805, 815C, 819, 875, 890"},"geometry":{"type":"LineString","coordinates":[[18.283242,59.241169],[18.283375,59.241232],[18.283389,59.241313],[18.283351,59.241356],[18.283235,59.2414],[18.282622,59.241511]]}},{"type":"Feature","properties":{"mode":"bus","n":5,"arr":["805","815C","819","875","890"],"lines":"805, 815C, 819, 875, 890"},"geometry":{"type":"LineString","coordinates":[[18.273792,59.245627],[18.27393,59.245608],[18.274014,59.245545]]}},{"type":"Feature","properties":{"mode":"bus","n":5,"arr":["805","815C","819","875","890"],"lines":"805, 815C, 819, 875, 890"},"geometry":{"type":"LineString","coordinates":[[18.291364,59.240224],[18.288239,59.240488],[18.285104,59.240799],[18.284466,59.240905],[18.283242,59.241169],[18.283024,59.241181],[18.282936,59.241233],[18.282927,59.241322],[18.282622,59.241511],[18.280055,59.242362],[18.27889,59.242816],[18.278265,59.24309],[18.276834,59.244027],[18.276157,59.244421],[18.274775,59.245103],[18.274148,59.245357],[18.273877,59.245418]]}},{"type":"Feature","properties":{"mode":"bus","n":5,"arr":["805","815C","819","875","890"],"lines":"805, 815C, 819, 875, 890"},"geometry":{"type":"LineString","coordinates":[[18.274017,59.245505],[18.274775,59.245103]]}},{"type":"Feature","properties":{"mode":"bus","n":6,"arr":["806","807","818C","824","840","892"],"lines":"806, 807, 818C, 824, 840, 892"},"geometry":{"type":"LineString","coordinates":[[18.190152,59.19996],[18.190141,59.199921]]}},{"type":"Feature","properties":{"mode":"bus","n":6,"arr":["806","807","818C","824","840","892"],"lines":"806, 807, 818C, 824, 840, 892"},"geometry":{"type":"LineString","coordinates":[[18.200446,59.20426],[18.200668,59.204237],[18.20075,59.204257],[18.20085,59.204332]]}},{"type":"Feature","properties":{"mode":"bus","n":6,"arr":["806","807","818C","824","840","892"],"lines":"806, 807, 818C, 824, 840, 892"},"geometry":{"type":"LineString","coordinates":[[18.201995,59.223126],[18.201942,59.223056],[18.201963,59.222985]]}},{"type":"Feature","properties":{"mode":"bus","n":6,"arr":["806","807","818C","824","840","892"],"lines":"806, 807, 818C, 824, 840, 892"},"geometry":{"type":"LineString","coordinates":[[18.202016,59.222945],[18.202081,59.222811],[18.202098,59.222316],[18.202173,59.222065],[18.203926,59.218244],[18.204301,59.217709],[18.204878,59.217127],[18.207867,59.214274],[18.20851,59.213168],[18.208596,59.212587],[18.208535,59.211163],[18.208323,59.210325],[18.207991,59.209473],[18.20768,59.208839],[18.207212,59.208215],[18.206713,59.207651],[18.206138,59.207108],[18.205467,59.206573],[18.20473,59.206059],[18.204033,59.205658],[18.202691,59.205045],[18.202081,59.204829],[18.20143,59.204612],[18.200875,59.204496],[18.200721,59.204482],[18.200636,59.204496]]}},{"type":"Feature","properties":{"mode":"bus","n":6,"arr":["806","807","818C","824","840","892"],"lines":"806, 807, 818C, 824, 840, 892"},"geometry":{"type":"LineString","coordinates":[[18.200387,59.204441],[18.200349,59.204399]]}},{"type":"Feature","properties":{"mode":"bus","n":6,"arr":["806","807","818C","824","840","892"],"lines":"806, 807, 818C, 824, 840, 892"},"geometry":{"type":"LineString","coordinates":[[18.190004,59.200095],[18.1898,59.200108]]}},{"type":"Feature","properties":{"mode":"bus","n":6,"arr":["806","807","818C","824","840","892"],"lines":"806, 807, 818C, 824, 840, 892"},"geometry":{"type":"LineString","coordinates":[[18.189627,59.200043],[18.189595,59.199929]]}},{"type":"Feature","properties":{"mode":"bus","n":6,"arr":["806","807","818C","824","840","892"],"lines":"806, 807, 818C, 824, 840, 892"},"geometry":{"type":"LineString","coordinates":[[18.189968,59.199831],[18.189737,59.199838]]}},{"type":"Feature","properties":{"mode":"bus","n":6,"arr":["806","807","818C","824","840","892"],"lines":"806, 807, 818C, 824, 840, 892"},"geometry":{"type":"LineString","coordinates":[[18.208059,59.214184],[18.208369,59.213672],[18.208592,59.213178],[18.208659,59.21288],[18.208714,59.212557],[18.208624,59.211242],[18.208535,59.210592],[18.208401,59.210221],[18.208074,59.209453],[18.20768,59.208839]]}},{"type":"Feature","properties":{"mode":"bus","n":6,"arr":["806","807","818C","824","840","892"],"lines":"806, 807, 818C, 824, 840, 892"},"geometry":{"type":"LineString","coordinates":[[18.202332,59.222915],[18.202238,59.222802],[18.202195,59.222314],[18.202383,59.221577]]}},{"type":"Feature","properties":{"mode":"bus","n":9,"arr":["806","807","818C","819","822","823","824","840","892"],"lines":"806, 807, 818C, 819, 822, 823, 824, 840, 892"},"geometry":{"type":"LineString","coordinates":[[18.202443,59.222967],[18.202332,59.222915]]}},{"type":"Feature","properties":{"mode":"bus","n":9,"arr":["806","807","818C","819","822","823","824","840","892"],"lines":"806, 807, 818C, 819, 822, 823, 824, 840, 892"},"geometry":{"type":"LineString","coordinates":[[18.202418,59.223136],[18.202469,59.223094]]}},{"type":"Feature","properties":{"mode":"bus","n":9,"arr":["806","807","818C","819","822","823","824","840","892"],"lines":"806, 807, 818C, 819, 822, 823, 824, 840, 892"},"geometry":{"type":"LineString","coordinates":[[18.201963,59.222985],[18.202016,59.222945]]}},{"type":"Feature","properties":{"mode":"bus","n":7,"arr":["806","807","818C","822","824","840","892"],"lines":"806, 807, 818C, 822, 824, 840, 892"},"geometry":{"type":"LineString","coordinates":[[18.202469,59.223094],[18.202484,59.223014],[18.202443,59.222967]]}},{"type":"Feature","properties":{"mode":"bus","n":7,"arr":["806","807","818C","822","824","840","892"],"lines":"806, 807, 818C, 822, 824, 840, 892"},"geometry":{"type":"LineString","coordinates":[[18.202245,59.223809],[18.202228,59.223466],[18.202065,59.223159]]}},{"type":"Feature","properties":{"mode":"bus","n":8,"arr":["806","807","818C","819","822","824","840","892"],"lines":"806, 807, 818C, 819, 822, 824, 840, 892"},"geometry":{"type":"LineString","coordinates":[[18.202065,59.223159],[18.201995,59.223126]]}},{"type":"Feature","properties":{"mode":"bus","n":5,"arr":["806","807","818C","840","892"],"lines":"806, 807, 818C, 840, 892"},"geometry":{"type":"LineString","coordinates":[[18.200636,59.204496],[18.200532,59.204493],[18.200387,59.204441]]}},{"type":"Feature","properties":{"mode":"bus","n":5,"arr":["806","807","818C","840","892"],"lines":"806, 807, 818C, 840, 892"},"geometry":{"type":"LineString","coordinates":[[18.1898,59.200108],[18.189627,59.200043]]}},{"type":"Feature","properties":{"mode":"bus","n":5,"arr":["806","807","818C","840","892"],"lines":"806, 807, 818C, 840, 892"},"geometry":{"type":"LineString","coordinates":[[18.200446,59.20426],[18.199786,59.204123],[18.196799,59.203185],[18.195137,59.202534],[18.193541,59.201838],[18.190591,59.20035],[18.190004,59.200095]]}},{"type":"Feature","properties":{"mode":"bus","n":5,"arr":["806","807","824","840","892"],"lines":"806, 807, 824, 840, 892"},"geometry":{"type":"LineString","coordinates":[[18.200349,59.204399],[18.200368,59.204305],[18.200446,59.20426]]}},{"type":"Feature","properties":{"mode":"bus","n":5,"arr":["806","807","818C","824","892"],"lines":"806, 807, 818C, 824, 892"},"geometry":{"type":"LineString","coordinates":[[18.189595,59.199929],[18.189737,59.199838]]}},{"type":"Feature","properties":{"mode":"bus","n":5,"arr":["806","807","818C","824","892"],"lines":"806, 807, 818C, 824, 892"},"geometry":{"type":"LineString","coordinates":[[18.190317,59.199345],[18.190341,59.199749]]}},{"type":"Feature","properties":{"mode":"bus","n":5,"arr":["806","807","818C","824","892"],"lines":"806, 807, 818C, 824, 892"},"geometry":{"type":"LineString","coordinates":[[18.190141,59.199921],[18.190305,59.19978],[18.190315,59.199769],[18.190318,59.199762],[18.190312,59.199759],[18.190298,59.199759],[18.190276,59.199763],[18.189968,59.199831]]}},{"type":"Feature","properties":{"mode":"bus","n":6,"arr":["807","818C","824","832","842","892"],"lines":"807, 818C, 824, 832, 842, 892"},"geometry":{"type":"LineString","coordinates":[[18.180733,59.18091],[18.180612,59.180651],[18.180601,59.180466],[18.180519,59.180396],[18.180333,59.180349],[18.178899,59.179638],[18.177258,59.178929],[18.175029,59.178266],[18.171954,59.17752],[18.171351,59.177335],[18.170781,59.177116],[18.170192,59.176831],[18.169388,59.176336],[18.168919,59.176104],[18.168418,59.175981]]}},{"type":"Feature","properties":{"mode":"bus","n":6,"arr":["807","818C","824","832","842","892"],"lines":"807, 818C, 824, 832, 842, 892"},"geometry":{"type":"LineString","coordinates":[[18.180214,59.190031],[18.181453,59.189505],[18.182656,59.188832],[18.183645,59.188017],[18.184103,59.18754],[18.184307,59.187275],[18.184396,59.186976],[18.184403,59.186796],[18.184261,59.186439],[18.18396,59.186107],[18.182046,59.1847],[18.18157,59.184277],[18.181157,59.183574],[18.181047,59.183198],[18.180733,59.18091],[18.180479,59.180685],[18.180232,59.180563],[18.180201,59.18046]]}},{"type":"Feature","properties":{"mode":"bus","n":9,"arr":["810","826","835","837","838","842","865","892","893"],"lines":"810, 826, 835, 837, 838, 842, 865, 892, 893"},"geometry":{"type":"LineString","coordinates":[[18.136805,59.153217],[18.136646,59.153182]]}},{"type":"Feature","properties":{"mode":"bus","n":9,"arr":["810","826","835","837","838","842","865","892","893"],"lines":"810, 826, 835, 837, 838, 842, 865, 892, 893"},"geometry":{"type":"LineString","coordinates":[[18.136838,59.153541],[18.136962,59.153415]]}},{"type":"Feature","properties":{"mode":"bus","n":9,"arr":["810","826","835","837","838","842","865","892","893"],"lines":"810, 826, 835, 837, 838, 842, 865, 892, 893"},"geometry":{"type":"LineString","coordinates":[[18.136865,59.160165],[18.137082,59.160186],[18.137169,59.160221],[18.137259,59.160323],[18.137177,59.160465],[18.137205,59.160579],[18.137403,59.161046],[18.137607,59.161358],[18.138084,59.162307],[18.138544,59.163906]]}},{"type":"Feature","properties":{"mode":"bus","n":9,"arr":["810","826","835","837","838","842","865","892","893"],"lines":"810, 826, 835, 837, 838, 842, 865, 892, 893"},"geometry":{"type":"LineString","coordinates":[[18.136311,59.153554],[18.136473,59.153638],[18.136495,59.153714],[18.136455,59.153795],[18.136275,59.154003],[18.136086,59.154152],[18.135107,59.154793],[18.134708,59.15523],[18.134561,59.155601],[18.134559,59.155614],[18.134567,59.155623],[18.134584,59.155629],[18.134609,59.155631],[18.134661,59.155631],[18.134687,59.155633],[18.134706,59.155639],[18.134717,59.155648],[18.13472,59.155662],[18.134713,59.15598],[18.134767,59.156229],[18.135801,59.157759],[18.136747,59.160071],[18.136845,59.160149],[18.136852,59.160156],[18.136851,59.160162],[18.136844,59.160167],[18.136829,59.16017],[18.136763,59.160179],[18.136616,59.160248],[18.136576,59.160291],[18.136577,59.160392],[18.136682,59.160477],[18.136933,59.160516]]}},{"type":"Feature","properties":{"mode":"bus","n":9,"arr":["810","826","835","837","838","842","865","892","893"],"lines":"810, 826, 835, 837, 838, 842, 865, 892, 893"},"geometry":{"type":"LineString","coordinates":[[18.136247,59.15325],[18.136159,59.15334]]}},{"type":"Feature","properties":{"mode":"bus","n":8,"arr":["810","835","837","838","842","865","892","893"],"lines":"810, 835, 837, 838, 842, 865, 892, 893"},"geometry":{"type":"LineString","coordinates":[[18.136962,59.153415],[18.13693,59.153298],[18.136805,59.153217]]}},{"type":"Feature","properties":{"mode":"bus","n":6,"arr":["810","830","835","837","838","893"],"lines":"810, 830, 835, 837, 838, 893"},"geometry":{"type":"LineString","coordinates":[[18.141813,59.175569],[18.141738,59.17556]]}},{"type":"Feature","properties":{"mode":"bus","n":6,"arr":["810","830","835","837","838","893"],"lines":"810, 830, 835, 837, 838, 893"},"geometry":{"type":"LineString","coordinates":[[18.142133,59.175735],[18.14216,59.175784]]}},{"type":"Feature","properties":{"mode":"bus","n":6,"arr":["810","830","835","837","838","893"],"lines":"810, 830, 835, 837, 838, 893"},"geometry":{"type":"LineString","coordinates":[[18.141994,59.175969],[18.141713,59.175977],[18.141461,59.175905],[18.141369,59.175802],[18.141368,59.175691]]}},{"type":"Feature","properties":{"mode":"bus","n":7,"arr":["810","829","830","832","835","836","893"],"lines":"810, 829, 830, 832, 835, 836, 893"},"geometry":{"type":"LineString","coordinates":[[18.145345,59.186256],[18.145401,59.186281]]}},{"type":"Feature","properties":{"mode":"bus","n":7,"arr":["810","829","830","832","835","836","893"],"lines":"810, 829, 830, 832, 835, 836, 893"},"geometry":{"type":"LineString","coordinates":[[18.145363,59.186438],[18.145414,59.186409]]}},{"type":"Feature","properties":{"mode":"bus","n":7,"arr":["810","829","830","832","835","836","893"],"lines":"810, 829, 830, 832, 835, 836, 893"},"geometry":{"type":"LineString","coordinates":[[18.145067,59.186423],[18.145125,59.186447]]}},{"type":"Feature","properties":{"mode":"bus","n":7,"arr":["810","829","830","832","835","836","893"],"lines":"810, 829, 830, 832, 835, 836, 893"},"geometry":{"type":"LineString","coordinates":[[18.145059,59.186282],[18.145115,59.186256]]}},{"type":"Feature","properties":{"mode":"bus","n":6,"arr":["810","829","830","831","835","893"],"lines":"810, 829, 830, 831, 835, 893"},"geometry":{"type":"LineString","coordinates":[[18.138261,59.199214],[18.138283,59.199259]]}},{"type":"Feature","properties":{"mode":"bus","n":6,"arr":["810","829","830","831","835","893"],"lines":"810, 829, 830, 831, 835, 893"},"geometry":{"type":"LineString","coordinates":[[18.13815,59.199383],[18.138065,59.199398]]}},{"type":"Feature","properties":{"mode":"bus","n":6,"arr":["810","829","830","831","835","893"],"lines":"810, 829, 830, 831, 835, 893"},"geometry":{"type":"LineString","coordinates":[[18.137798,59.19933],[18.137773,59.199239],[18.137808,59.199196],[18.138012,59.199135]]}},{"type":"Feature","properties":{"mode":"bus","n":6,"arr":["810","829","830","835","836","893"],"lines":"810, 829, 830, 835, 836, 893"},"geometry":{"type":"LineString","coordinates":[[18.145125,59.186447],[18.145222,59.186461],[18.145363,59.186438]]}},{"type":"Feature","properties":{"mode":"bus","n":5,"arr":["810","830","832","835","836"],"lines":"810, 830, 832, 835, 836"},"geometry":{"type":"LineString","coordinates":[[18.145067,59.186423],[18.145013,59.186352],[18.145059,59.186282]]}},{"type":"Feature","properties":{"mode":"bus","n":7,"arr":["810","835","837","838","842","892","893"],"lines":"810, 835, 837, 838, 842, 892, 893"},"geometry":{"type":"LineString","coordinates":[[18.136933,59.160516],[18.13706,59.160505],[18.137177,59.160465]]}},{"type":"Feature","properties":{"mode":"bus","n":8,"arr":["810","826","835","837","838","842","892","893"],"lines":"810, 826, 835, 837, 838, 842, 892, 893"},"geometry":{"type":"LineString","coordinates":[[18.136311,59.153554],[18.136198,59.153482],[18.136159,59.15334]]}},{"type":"Feature","properties":{"mode":"bus","n":6,"arr":["816","819","821","823","840","890"],"lines":"816, 819, 821, 823, 840, 890"},"geometry":{"type":"LineString","coordinates":[[18.199072,59.242782],[18.199016,59.242822]]}},{"type":"Feature","properties":{"mode":"bus","n":6,"arr":["816","819","821","823","840","890"],"lines":"816, 819, 821, 823, 840, 890"},"geometry":{"type":"LineString","coordinates":[[18.198849,59.242853],[18.198689,59.242835],[18.198584,59.242775],[18.198563,59.242729]]}},{"type":"Feature","properties":{"mode":"bus","n":6,"arr":["816","819","821","823","840","890"],"lines":"816, 819, 821, 823, 840, 890"},"geometry":{"type":"LineString","coordinates":[[18.198677,59.242594],[18.198804,59.242578],[18.199268,59.242678],[18.200279,59.242785],[18.206381,59.24302],[18.207546,59.243032],[18.213717,59.242987],[18.214876,59.243021]]}},{"type":"Feature","properties":{"mode":"bus","n":5,"arr":["816","821","823","840","890"],"lines":"816, 821, 823, 840, 890"},"geometry":{"type":"LineString","coordinates":[[18.198563,59.242729],[18.198576,59.242663],[18.198677,59.242594]]}},{"type":"Feature","properties":{"mode":"bus","n":5,"arr":["829","830","832","836","893"],"lines":"829, 830, 832, 836, 893"},"geometry":{"type":"LineString","coordinates":[[18.145115,59.186256],[18.14526,59.18624],[18.145345,59.186256]]}},{"type":"Feature","properties":{"mode":"bus","n":5,"arr":["830","835","837","838","893"],"lines":"830, 835, 837, 838, 893"},"geometry":{"type":"LineString","coordinates":[[18.141738,59.17556],[18.141496,59.175595],[18.141368,59.175691]]}},{"type":"Feature","properties":{"mode":"bus","n":5,"arr":["830","835","837","838","893"],"lines":"830, 835, 837, 838, 893"},"geometry":{"type":"LineString","coordinates":[[18.143496,59.174952],[18.142439,59.175462],[18.14229,59.175556],[18.142133,59.175735]]}},{"type":"Feature","properties":{"mode":"bus","n":11,"arr":["1","4","5","54","56","61","74","91","94","405","726"],"lines":"1, 4, 5, 54, 56, 61, 74, 91, 94, 405, 726"},"geometry":{"type":"LineString","coordinates":[[18.022217,59.328237],[18.022056,59.32834],[18.021917,59.328479],[18.02184,59.32864],[18.021854,59.32878],[18.021965,59.328977],[18.023936,59.33162],[18.023956,59.331759]]}},{"type":"Feature","properties":{"mode":"bus","n":11,"arr":["1","4","5","54","56","61","74","91","94","405","726"],"lines":"1, 4, 5, 54, 56, 61, 74, 91, 94, 405, 726"},"geometry":{"type":"LineString","coordinates":[[18.023773,59.331756],[18.023739,59.331539],[18.021845,59.328995],[18.021407,59.328535]]}},{"type":"Feature","properties":{"mode":"bus","n":13,"arr":["1","4","5","54","56","61","91","94","196","197","198","405","726"],"lines":"1, 4, 5, 54, 56, 61, 91, 94, 196, 197, 198, 405, 726"},"geometry":{"type":"LineString","coordinates":[[18.026087,59.331801],[18.023956,59.331759]]}},{"type":"Feature","properties":{"mode":"bus","n":13,"arr":["1","4","5","54","56","61","91","94","196","197","198","405","726"],"lines":"1, 4, 5, 54, 56, 61, 91, 94, 196, 197, 198, 405, 726"},"geometry":{"type":"LineString","coordinates":[[18.02775,59.332127],[18.028538,59.332104]]}},{"type":"Feature","properties":{"mode":"bus","n":13,"arr":["1","4","5","54","56","61","91","94","196","197","198","405","726"],"lines":"1, 4, 5, 54, 56, 61, 91, 94, 196, 197, 198, 405, 726"},"geometry":{"type":"LineString","coordinates":[[18.026991,59.3321],[18.023891,59.331938]]}},{"type":"Feature","properties":{"mode":"bus","n":12,"arr":["1","4","5","54","56","61","91","94","196","197","198","405"],"lines":"1, 4, 5, 54, 56, 61, 91, 94, 196, 197, 198, 405"},"geometry":{"type":"LineString","coordinates":[[18.028547,59.331988],[18.028244,59.33193],[18.02747,59.33188],[18.027084,59.331831],[18.026281,59.331792],[18.026087,59.331801]]}},{"type":"Feature","properties":{"mode":"bus","n":9,"arr":["1","54","56","91","196","197","198","405","726"],"lines":"1, 54, 56, 91, 196, 197, 198, 405, 726"},"geometry":{"type":"LineString","coordinates":[[18.028547,59.331988],[18.028538,59.332104]]}},{"type":"Feature","properties":{"mode":"bus","n":6,"arr":["1","56","91","196","197","198"],"lines":"1, 56, 91, 196, 197, 198"},"geometry":{"type":"LineString","coordinates":[[18.028538,59.332104],[18.029718,59.333366],[18.029855,59.33355],[18.030853,59.334575],[18.030906,59.334674]]}},{"type":"Feature","properties":{"mode":"bus","n":5,"arr":["1","91","196","197","198"],"lines":"1, 91, 196, 197, 198"},"geometry":{"type":"LineString","coordinates":[[18.030906,59.334674],[18.031245,59.334664],[18.035605,59.3341]]}},{"type":"Feature","properties":{"mode":"bus","n":5,"arr":["1","91","196","197","198"],"lines":"1, 91, 196, 197, 198"},"geometry":{"type":"LineString","coordinates":[[18.045256,59.332791],[18.049061,59.332288],[18.049208,59.332248],[18.049393,59.332116]]}},{"type":"Feature","properties":{"mode":"bus","n":5,"arr":["1","91","196","197","198"],"lines":"1, 91, 196, 197, 198"},"geometry":{"type":"LineString","coordinates":[[18.046821,59.332631],[18.049273,59.332309],[18.049575,59.332276],[18.04985,59.332281]]}},{"type":"Feature","properties":{"mode":"bus","n":5,"arr":["1","91","196","197","198"],"lines":"1, 91, 196, 197, 198"},"geometry":{"type":"LineString","coordinates":[[18.05122,59.332288],[18.051742,59.332478],[18.05245,59.332673]]}},{"type":"Feature","properties":{"mode":"bus","n":5,"arr":["1","91","196","197","198"],"lines":"1, 91, 196, 197, 198"},"geometry":{"type":"LineString","coordinates":[[18.050911,59.332457],[18.051901,59.33266],[18.053875,59.333131]]}},{"type":"Feature","properties":{"mode":"bus","n":8,"arr":["1","3","4","5","91","94","196","198"],"lines":"1, 3, 4, 5, 91, 94, 196, 198"},"geometry":{"type":"LineString","coordinates":[[18.032419,59.334458],[18.032449,59.334516]]}},{"type":"Feature","properties":{"mode":"bus","n":6,"arr":["1","65","91","196","197","198"],"lines":"1, 65, 91, 196, 197, 198"},"geometry":{"type":"LineString","coordinates":[[18.035605,59.3341],[18.045267,59.332839]]}},{"type":"Feature","properties":{"mode":"bus","n":6,"arr":["1","61","65","91","197","198"],"lines":"1, 61, 65, 91, 197, 198"},"geometry":{"type":"LineString","coordinates":[[18.045267,59.332839],[18.045256,59.332791]]}},{"type":"Feature","properties":{"mode":"bus","n":6,"arr":["1","91","196","197","198","491"],"lines":"1, 91, 196, 197, 198, 491"},"geometry":{"type":"LineString","coordinates":[[18.049393,59.332116],[18.049382,59.332011],[18.049478,59.331908],[18.049675,59.331843],[18.049836,59.331838],[18.049982,59.331868],[18.05122,59.332288]]}},{"type":"Feature","properties":{"mode":"bus","n":6,"arr":["1","91","196","197","198","491"],"lines":"1, 91, 196, 197, 198, 491"},"geometry":{"type":"LineString","coordinates":[[18.04985,59.332281],[18.050911,59.332457]]}},{"type":"Feature","properties":{"mode":"bus","n":14,"arr":["1","91","196","197","198","411C","435C","442C","443C","445C","446C","448C","480C","892"],"lines":"1, 91, 196, 197, 198, 411C, 435C, 442C, 443C, 445C, 446C, 448C, 480C, 892"},"geometry":{"type":"LineString","coordinates":[[18.05245,59.332673],[18.053716,59.332987]]}},{"type":"Feature","properties":{"mode":"bus","n":6,"arr":["1","91","196","197","198","892"],"lines":"1, 91, 196, 197, 198, 892"},"geometry":{"type":"LineString","coordinates":[[18.053716,59.332987],[18.053961,59.333052]]}},{"type":"Feature","properties":{"mode":"bus","n":7,"arr":["1","75","91","196","197","198","892"],"lines":"1, 75, 91, 196, 197, 198, 892"},"geometry":{"type":"LineString","coordinates":[[18.053961,59.333052],[18.055115,59.333352]]}},{"type":"Feature","properties":{"mode":"bus","n":11,"arr":["1","75","91","196","197","198","291","591","592","697","892"],"lines":"1, 75, 91, 196, 197, 198, 291, 591, 592, 697, 892"},"geometry":{"type":"LineString","coordinates":[[18.055115,59.333352],[18.056489,59.333709]]}},{"type":"Feature","properties":{"mode":"bus","n":10,"arr":["1","53","75","91","198","291","591","592","595","697"],"lines":"1, 53, 75, 91, 198, 291, 591, 592, 595, 697"},"geometry":{"type":"LineString","coordinates":[[18.056489,59.333709],[18.056583,59.333774]]}},{"type":"Feature","properties":{"mode":"bus","n":6,"arr":["1","2","75","91","96","291"],"lines":"1, 2, 75, 91, 96, 291"},"geometry":{"type":"LineString","coordinates":[[18.072168,59.33622],[18.072342,59.336236]]}},{"type":"Feature","properties":{"mode":"bus","n":5,"arr":["1","75","91","291","608"],"lines":"1, 75, 91, 291, 608"},"geometry":{"type":"LineString","coordinates":[[18.076485,59.340599],[18.074095,59.337621],[18.073636,59.33708],[18.073625,59.337072],[18.073609,59.337069],[18.073589,59.33707],[18.073529,59.337082]]}},{"type":"Feature","properties":{"mode":"bus","n":6,"arr":["1","4","57","72","91","94"],"lines":"1, 4, 57, 72, 91, 94"},"geometry":{"type":"LineString","coordinates":[[18.090313,59.340614],[18.084846,59.341974]]}},{"type":"Feature","properties":{"mode":"bus","n":6,"arr":["1","4","57","72","91","94"],"lines":"1, 4, 57, 72, 91, 94"},"geometry":{"type":"LineString","coordinates":[[18.085187,59.342329],[18.090378,59.341035]]}},{"type":"Feature","properties":{"mode":"bus","n":5,"arr":["1","4","72","91","94"],"lines":"1, 4, 72, 91, 94"},"geometry":{"type":"LineString","coordinates":[[18.094346,59.339633],[18.090313,59.340614]]}},{"type":"Feature","properties":{"mode":"bus","n":5,"arr":["1","4","72","91","94"],"lines":"1, 4, 72, 91, 94"},"geometry":{"type":"LineString","coordinates":[[18.090378,59.341035],[18.094414,59.340036]]}},{"type":"Feature","properties":{"mode":"bus","n":8,"arr":["1","75","91","196","197","198","291","697"],"lines":"1, 75, 91, 196, 197, 198, 291, 697"},"geometry":{"type":"LineString","coordinates":[[18.056583,59.333774],[18.056425,59.333777]]}},{"type":"Feature","properties":{"mode":"bus","n":10,"arr":["1","75","91","196","197","198","291","591","592","697"],"lines":"1, 75, 91, 196, 197, 198, 291, 591, 592, 697"},"geometry":{"type":"LineString","coordinates":[[18.056425,59.333777],[18.053875,59.333131]]}},{"type":"Feature","properties":{"mode":"bus","n":11,"arr":["1","4","5","54","56","61","91","94","196","197","198"],"lines":"1, 4, 5, 54, 56, 61, 91, 94, 196, 197, 198"},"geometry":{"type":"LineString","coordinates":[[18.02775,59.332127],[18.026991,59.3321]]}},{"type":"Feature","properties":{"mode":"bus","n":13,"arr":["1","4","54","56","61","74","91","94","196","197","198","405","726"],"lines":"1, 4, 54, 56, 61, 74, 91, 94, 196, 197, 198, 405, 726"},"geometry":{"type":"LineString","coordinates":[[18.023891,59.331938],[18.023745,59.331929]]}},{"type":"Feature","properties":{"mode":"bus","n":10,"arr":["1","4","54","56","61","74","91","94","405","726"],"lines":"1, 4, 54, 56, 61, 74, 91, 94, 405, 726"},"geometry":{"type":"LineString","coordinates":[[18.023745,59.331929],[18.023773,59.331756]]}},{"type":"Feature","properties":{"mode":"bus","n":11,"arr":["2","53","55","93","402","423","446","449","491","492","496"],"lines":"2, 53, 55, 93, 402, 423, 446, 449, 491, 492, 496"},"geometry":{"type":"LineString","coordinates":[[18.089999,59.315634],[18.083786,59.315548]]}},{"type":"Feature","properties":{"mode":"bus","n":11,"arr":["2","3","53","55","76","93","96","193","194","195","791"],"lines":"2, 3, 53, 55, 76, 93, 96, 193, 194, 195, 791"},"geometry":{"type":"LineString","coordinates":[[18.083786,59.315548],[18.083822,59.315476]]}},{"type":"Feature","properties":{"mode":"bus","n":17,"arr":["2","3","53","55","93","96","193","194","195","402","423","446","449","491","492","496","791"],"lines":"2, 3, 53, 55, 93, 96, 193, 194, 195, 402, 423, 446, 449, 491, 492, 496, 791"},"geometry":{"type":"LineString","coordinates":[[18.083786,59.315548],[18.082824,59.317533],[18.08273,59.317627],[18.082596,59.317679],[18.079019,59.318497]]}},{"type":"Feature","properties":{"mode":"bus","n":14,"arr":["2","3","53","55","93","96","193","194","195","402","491","492","496","791"],"lines":"2, 3, 53, 55, 93, 96, 193, 194, 195, 402, 491, 492, 496, 791"},"geometry":{"type":"LineString","coordinates":[[18.079019,59.318497],[18.078067,59.318694],[18.077796,59.318727],[18.073857,59.319081],[18.073122,59.319216],[18.072788,59.319302],[18.072642,59.319408],[18.072521,59.31964]]}},{"type":"Feature","properties":{"mode":"bus","n":13,"arr":["2","3","53","55","96","193","194","195","402","491","492","496","791"],"lines":"2, 3, 53, 55, 96, 193, 194, 195, 402, 491, 492, 496, 791"},"geometry":{"type":"LineString","coordinates":[[18.072521,59.31964],[18.072262,59.32019]]}},{"type":"Feature","properties":{"mode":"bus","n":14,"arr":["2","3","53","55","57","76","96","191","192","193","194","195","491","791"],"lines":"2, 3, 53, 55, 57, 76, 96, 191, 192, 193, 194, 195, 491, 791"},"geometry":{"type":"LineString","coordinates":[[18.072262,59.32019],[18.072193,59.320234]]}},{"type":"Feature","properties":{"mode":"bus","n":13,"arr":["2","3","53","57","76","96","191","192","193","194","195","491","791"],"lines":"2, 3, 53, 57, 76, 96, 191, 192, 193, 194, 195, 491, 791"},"geometry":{"type":"LineString","coordinates":[[18.072193,59.320234],[18.072845,59.320394],[18.07297,59.32046]]}},{"type":"Feature","properties":{"mode":"bus","n":15,"arr":["2","3","53","57","76","96","191","192","193","194","195","491","492","496","791"],"lines":"2, 3, 53, 57, 76, 96, 191, 192, 193, 194, 195, 491, 492, 496, 791"},"geometry":{"type":"LineString","coordinates":[[18.07297,59.32046],[18.07401,59.32161],[18.074083,59.321763]]}},{"type":"Feature","properties":{"mode":"bus","n":11,"arr":["2","57","76","96","191","192","193","194","195","491","791"],"lines":"2, 57, 76, 96, 191, 192, 193, 194, 195, 491, 791"},"geometry":{"type":"LineString","coordinates":[[18.074102,59.321803],[18.074239,59.322039],[18.075026,59.323102],[18.075496,59.324363],[18.075627,59.32488],[18.075551,59.325588],[18.075476,59.32571],[18.075037,59.32616],[18.074768,59.326309],[18.074455,59.326557]]}},{"type":"Feature","properties":{"mode":"bus","n":11,"arr":["2","57","76","96","191","192","193","194","195","491","791"],"lines":"2, 57, 76, 96, 191, 192, 193, 194, 195, 491, 791"},"geometry":{"type":"LineString","coordinates":[[18.074645,59.32662],[18.073002,59.328037],[18.072994,59.32819],[18.0733,59.329503],[18.073324,59.329845],[18.072969,59.330405],[18.072839,59.330715],[18.072001,59.332172],[18.071689,59.332684],[18.071543,59.332823]]}},{"type":"Feature","properties":{"mode":"bus","n":10,"arr":["2","57","76","96","191","192","193","194","195","491"],"lines":"2, 57, 76, 96, 191, 192, 193, 194, 195, 491"},"geometry":{"type":"LineString","coordinates":[[18.074083,59.321763],[18.074102,59.321803]]}},{"type":"Feature","properties":{"mode":"bus","n":10,"arr":["2","57","76","96","191","192","193","194","195","491"],"lines":"2, 57, 76, 96, 191, 192, 193, 194, 195, 491"},"geometry":{"type":"LineString","coordinates":[[18.074455,59.326557],[18.072948,59.327807],[18.072866,59.327935]]}},{"type":"Feature","properties":{"mode":"bus","n":7,"arr":["2","96","193","194","195","491","791"],"lines":"2, 96, 193, 194, 195, 491, 791"},"geometry":{"type":"LineString","coordinates":[[18.074455,59.326557],[18.074567,59.326593]]}},{"type":"Feature","properties":{"mode":"bus","n":9,"arr":["2","96","191","192","193","194","195","491","791"],"lines":"2, 96, 191, 192, 193, 194, 195, 491, 791"},"geometry":{"type":"LineString","coordinates":[[18.074645,59.32662],[18.074567,59.326593]]}},{"type":"Feature","properties":{"mode":"bus","n":12,"arr":["2","4","6","50","61","67","72","94","96","690","691","697"],"lines":"2, 4, 6, 50, 61, 67, 72, 94, 96, 690, 691, 697"},"geometry":{"type":"LineString","coordinates":[[18.060929,59.345345],[18.055599,59.344025]]}},{"type":"Feature","properties":{"mode":"bus","n":13,"arr":["2","4","6","50","61","67","72","94","96","595","690","691","697"],"lines":"2, 4, 6, 50, 61, 67, 72, 94, 96, 595, 690, 691, 697"},"geometry":{"type":"LineString","coordinates":[[18.055599,59.344025],[18.055477,59.343998]]}},{"type":"Feature","properties":{"mode":"bus","n":14,"arr":["2","4","6","50","61","67","72","94","96","515","595","690","691","697"],"lines":"2, 4, 6, 50, 61, 67, 72, 94, 96, 515, 595, 690, 691, 697"},"geometry":{"type":"LineString","coordinates":[[18.055477,59.343998],[18.052475,59.343256],[18.052059,59.343161],[18.051614,59.343097],[18.050089,59.342705]]}},{"type":"Feature","properties":{"mode":"bus","n":10,"arr":["2","4","6","61","67","72","94","515","595","697"],"lines":"2, 4, 6, 61, 67, 72, 94, 515, 595, 697"},"geometry":{"type":"LineString","coordinates":[[18.050089,59.342705],[18.049059,59.342451]]}},{"type":"Feature","properties":{"mode":"bus","n":9,"arr":["2","4","6","61","67","72","94","595","697"],"lines":"2, 4, 6, 61, 67, 72, 94, 595, 697"},"geometry":{"type":"LineString","coordinates":[[18.049059,59.342451],[18.048795,59.342384]]}},{"type":"Feature","properties":{"mode":"bus","n":5,"arr":["2","53","72","595","697"],"lines":"2, 53, 72, 595, 697"},"geometry":{"type":"LineString","coordinates":[[18.048201,59.34298],[18.048795,59.342384]]}},{"type":"Feature","properties":{"mode":"bus","n":8,"arr":["2","76","96","191","192","193","194","195"],"lines":"2, 76, 96, 191, 192, 193, 194, 195"},"geometry":{"type":"LineString","coordinates":[[18.072866,59.327935],[18.072868,59.328025],[18.072871,59.328035],[18.07288,59.328042],[18.072894,59.328045],[18.072915,59.328045],[18.073002,59.328037]]}},{"type":"Feature","properties":{"mode":"bus","n":5,"arr":["3","4","74","94","168"],"lines":"3, 4, 74, 94, 168"},"geometry":{"type":"LineString","coordinates":[[18.067045,59.307951],[18.066259,59.30811],[18.06506,59.30839],[18.061615,59.309438]]}},{"type":"Feature","properties":{"mode":"bus","n":5,"arr":["3","4","74","94","168"],"lines":"3, 4, 74, 94, 168"},"geometry":{"type":"LineString","coordinates":[[18.067099,59.308027],[18.065706,59.308311],[18.065261,59.308423],[18.061704,59.309514]]}},{"type":"Feature","properties":{"mode":"bus","n":6,"arr":["3","4","66","74","94","168"],"lines":"3, 4, 66, 74, 94, 168"},"geometry":{"type":"LineString","coordinates":[[18.071667,59.307409],[18.070587,59.307465],[18.069477,59.307569],[18.067045,59.307951]]}},{"type":"Feature","properties":{"mode":"bus","n":7,"arr":["3","4","57","66","74","94","168"],"lines":"3, 4, 57, 66, 74, 94, 168"},"geometry":{"type":"LineString","coordinates":[[18.075329,59.30757],[18.074517,59.307471],[18.074249,59.307459],[18.072885,59.307417],[18.071667,59.307409]]}},{"type":"Feature","properties":{"mode":"bus","n":7,"arr":["3","4","57","66","74","94","168"],"lines":"3, 4, 57, 66, 74, 94, 168"},"geometry":{"type":"LineString","coordinates":[[18.07453,59.307572],[18.072888,59.307491],[18.072159,59.307478],[18.071683,59.307482],[18.070584,59.307541],[18.069399,59.30765],[18.067099,59.308027]]}},{"type":"Feature","properties":{"mode":"bus","n":8,"arr":["3","4","57","66","74","94","96","168"],"lines":"3, 4, 57, 66, 74, 94, 96, 168"},"geometry":{"type":"LineString","coordinates":[[18.076526,59.307706],[18.075329,59.30757]]}},{"type":"Feature","properties":{"mode":"bus","n":8,"arr":["3","4","57","66","74","94","96","168"],"lines":"3, 4, 57, 66, 74, 94, 96, 168"},"geometry":{"type":"LineString","coordinates":[[18.076486,59.307801],[18.07453,59.307572]]}},{"type":"Feature","properties":{"mode":"bus","n":5,"arr":["3","57","66","74","96"],"lines":"3, 57, 66, 74, 96"},"geometry":{"type":"LineString","coordinates":[[18.076654,59.307716],[18.076526,59.307706]]}},{"type":"Feature","properties":{"mode":"bus","n":9,"arr":["3","57","66","74","96","193","194","195","791"],"lines":"3, 57, 66, 74, 96, 193, 194, 195, 791"},"geometry":{"type":"LineString","coordinates":[[18.078941,59.308006],[18.076654,59.307716]]}},{"type":"Feature","properties":{"mode":"bus","n":9,"arr":["3","57","66","74","96","193","194","195","791"],"lines":"3, 57, 66, 74, 96, 193, 194, 195, 791"},"geometry":{"type":"LineString","coordinates":[[18.076604,59.307811],[18.078911,59.308099]]}},{"type":"Feature","properties":{"mode":"bus","n":8,"arr":["3","57","66","96","193","194","195","791"],"lines":"3, 57, 66, 96, 193, 194, 195, 791"},"geometry":{"type":"LineString","coordinates":[[18.079682,59.308107],[18.078941,59.308006]]}},{"type":"Feature","properties":{"mode":"bus","n":8,"arr":["3","57","66","96","193","194","195","791"],"lines":"3, 57, 66, 96, 193, 194, 195, 791"},"geometry":{"type":"LineString","coordinates":[[18.078911,59.308099],[18.079641,59.308194]]}},{"type":"Feature","properties":{"mode":"bus","n":7,"arr":["3","66","96","193","194","195","791"],"lines":"3, 66, 96, 193, 194, 195, 791"},"geometry":{"type":"LineString","coordinates":[[18.085689,59.309738],[18.082822,59.308861],[18.079682,59.308107]]}},{"type":"Feature","properties":{"mode":"bus","n":7,"arr":["3","66","96","193","194","195","791"],"lines":"3, 66, 96, 193, 194, 195, 791"},"geometry":{"type":"LineString","coordinates":[[18.079641,59.308194],[18.082775,59.30894]]}},{"type":"Feature","properties":{"mode":"bus","n":8,"arr":["3","66","76","96","193","194","195","791"],"lines":"3, 66, 76, 96, 193, 194, 195, 791"},"geometry":{"type":"LineString","coordinates":[[18.084696,59.313601],[18.08596,59.310898],[18.086416,59.31005],[18.086408,59.309997],[18.0863,59.30992],[18.085689,59.309738]]}},{"type":"Feature","properties":{"mode":"bus","n":7,"arr":["3","76","96","193","194","195","791"],"lines":"3, 76, 96, 193, 194, 195, 791"},"geometry":{"type":"LineString","coordinates":[[18.083822,59.315476],[18.084696,59.313601]]}},{"type":"Feature","properties":{"mode":"bus","n":9,"arr":["3","53","57","76","191","192","492","496","791"],"lines":"3, 53, 57, 76, 191, 192, 492, 496, 791"},"geometry":{"type":"LineString","coordinates":[[18.072262,59.32019],[18.073068,59.320289],[18.07329,59.320381],[18.074332,59.321538],[18.074443,59.321746]]}},{"type":"Feature","properties":{"mode":"bus","n":5,"arr":["3","53","492","496","791"],"lines":"3, 53, 492, 496, 791"},"geometry":{"type":"LineString","coordinates":[[18.074443,59.321746],[18.074102,59.321803]]}},{"type":"Feature","properties":{"mode":"bus","n":5,"arr":["3","53","492","496","791"],"lines":"3, 53, 492, 496, 791"},"geometry":{"type":"LineString","coordinates":[[18.074083,59.321763],[18.073801,59.3218],[18.072577,59.322059],[18.07201,59.322288],[18.071487,59.322452],[18.070969,59.322521],[18.070688,59.322533],[18.069594,59.32249],[18.069084,59.322614],[18.068395,59.322869],[18.067558,59.323303],[18.067194,59.323576],[18.066885,59.323865],[18.066674,59.324219]]}},{"type":"Feature","properties":{"mode":"bus","n":5,"arr":["3","53","492","496","791"],"lines":"3, 53, 492, 496, 791"},"geometry":{"type":"LineString","coordinates":[[18.065999,59.325452],[18.066065,59.325547],[18.066542,59.325758],[18.066591,59.325805],[18.066601,59.325822],[18.066599,59.325838],[18.066582,59.325854],[18.065286,59.326703],[18.062979,59.328139],[18.062856,59.32823],[18.06252,59.328741],[18.0625,59.328759],[18.06247,59.328767],[18.062429,59.328766],[18.061604,59.328664],[18.061314,59.328537]]}},{"type":"Feature","properties":{"mode":"bus","n":6,"arr":["3","5","6","591","592","595"],"lines":"3, 5, 6, 591, 592, 595"},"geometry":{"type":"LineString","coordinates":[[18.038845,59.33991],[18.037638,59.341303]]}},{"type":"Feature","properties":{"mode":"bus","n":5,"arr":["3","5","6","67","592"],"lines":"3, 5, 6, 67, 592"},"geometry":{"type":"LineString","coordinates":[[18.036645,59.342453],[18.033963,59.345541],[18.03376,59.345717],[18.033171,59.346088],[18.030648,59.347511],[18.028602,59.348591],[18.027134,59.349254],[18.02475,59.350272]]}},{"type":"Feature","properties":{"mode":"bus","n":5,"arr":["3","5","6","67","592"],"lines":"3, 5, 6, 67, 592"},"geometry":{"type":"LineString","coordinates":[[18.031522,59.347161],[18.033779,59.34587],[18.035427,59.344018],[18.035435,59.344003],[18.035429,59.34399],[18.035409,59.343979],[18.035338,59.343949]]}},{"type":"Feature","properties":{"mode":"bus","n":7,"arr":["3","5","6","67","122","508","592"],"lines":"3, 5, 6, 67, 122, 508, 592"},"geometry":{"type":"LineString","coordinates":[[18.026123,59.349809],[18.027535,59.349203],[18.030018,59.348014],[18.030815,59.347587],[18.031522,59.347161]]}},{"type":"Feature","properties":{"mode":"bus","n":6,"arr":["3","5","67","122","508","592"],"lines":"3, 5, 67, 122, 508, 592"},"geometry":{"type":"LineString","coordinates":[[18.024621,59.350469],[18.026123,59.349809]]}},{"type":"Feature","properties":{"mode":"bus","n":6,"arr":["3","5","72","506","508","592"],"lines":"3, 5, 72, 506, 508, 592"},"geometry":{"type":"LineString","coordinates":[[18.024621,59.350469],[18.025281,59.350639],[18.025789,59.350807],[18.027976,59.351572],[18.029039,59.351973],[18.02934,59.352113],[18.029722,59.352488],[18.030025,59.352667],[18.031131,59.353126]]}},{"type":"Feature","properties":{"mode":"bus","n":5,"arr":["3","72","506","508","526"],"lines":"3, 72, 506, 508, 526"},"geometry":{"type":"LineString","coordinates":[[18.031131,59.353126],[18.031454,59.352884]]}},{"type":"Feature","properties":{"mode":"bus","n":6,"arr":["3","5","72","508","526","592"],"lines":"3, 5, 72, 508, 526, 592"},"geometry":{"type":"LineString","coordinates":[[18.031131,59.353126],[18.031401,59.353187],[18.032613,59.353337]]}},{"type":"Feature","properties":{"mode":"bus","n":6,"arr":["3","4","94","591","592","595"],"lines":"3, 4, 94, 591, 592, 595"},"geometry":{"type":"LineString","coordinates":[[18.038902,59.339855],[18.038845,59.33991]]}},{"type":"Feature","properties":{"mode":"bus","n":6,"arr":["3","96","193","194","195","791"],"lines":"3, 96, 193, 194, 195, 791"},"geometry":{"type":"LineString","coordinates":[[18.082775,59.30894],[18.082822,59.308861]]}},{"type":"Feature","properties":{"mode":"bus","n":12,"arr":["3","4","57","66","74","94","96","168","193","194","195","791"],"lines":"3, 4, 57, 66, 74, 94, 96, 168, 193, 194, 195, 791"},"geometry":{"type":"LineString","coordinates":[[18.076486,59.307801],[18.076604,59.307811]]}},{"type":"Feature","properties":{"mode":"bus","n":7,"arr":["4","94","168","193","194","195","791"],"lines":"4, 94, 168, 193, 194, 195, 791"},"geometry":{"type":"LineString","coordinates":[[18.076654,59.307716],[18.077291,59.306525],[18.080314,59.301785],[18.081228,59.30055],[18.081834,59.2996],[18.081921,59.299513]]}},{"type":"Feature","properties":{"mode":"bus","n":7,"arr":["4","94","168","193","194","195","791"],"lines":"4, 94, 168, 193, 194, 195, 791"},"geometry":{"type":"LineString","coordinates":[[18.080027,59.301949],[18.077392,59.306139],[18.077125,59.306509],[18.076526,59.307706]]}},{"type":"Feature","properties":{"mode":"bus","n":5,"arr":["4","74","94","191","192"],"lines":"4, 74, 94, 191, 192"},"geometry":{"type":"LineString","coordinates":[[18.055142,59.317993],[18.034278,59.315341]]}},{"type":"Feature","properties":{"mode":"bus","n":5,"arr":["4","74","94","191","192"],"lines":"4, 74, 94, 191, 192"},"geometry":{"type":"LineString","coordinates":[[18.036816,59.315586],[18.040801,59.316105]]}},{"type":"Feature","properties":{"mode":"bus","n":5,"arr":["4","5","74","94","726"],"lines":"4, 5, 74, 94, 726"},"geometry":{"type":"LineString","coordinates":[[18.034278,59.315341],[18.033863,59.315937]]}},{"type":"Feature","properties":{"mode":"bus","n":5,"arr":["4","5","74","94","726"],"lines":"4, 5, 74, 94, 726"},"geometry":{"type":"LineString","coordinates":[[18.033646,59.315911],[18.033784,59.315731],[18.033998,59.315319]]}},{"type":"Feature","properties":{"mode":"bus","n":7,"arr":["4","5","54","66","74","94","726"],"lines":"4, 5, 54, 66, 74, 94, 726"},"geometry":{"type":"LineString","coordinates":[[18.033863,59.315937],[18.033283,59.316726],[18.032593,59.31793]]}},{"type":"Feature","properties":{"mode":"bus","n":7,"arr":["4","5","54","66","74","94","726"],"lines":"4, 5, 54, 66, 74, 94, 726"},"geometry":{"type":"LineString","coordinates":[[18.032459,59.317903],[18.032618,59.317699],[18.033152,59.316706],[18.033646,59.315911]]}},{"type":"Feature","properties":{"mode":"bus","n":6,"arr":["4","5","54","74","94","726"],"lines":"4, 5, 54, 74, 94, 726"},"geometry":{"type":"LineString","coordinates":[[18.032593,59.31793],[18.032383,59.318231],[18.032164,59.31864],[18.032062,59.318968]]}},{"type":"Feature","properties":{"mode":"bus","n":6,"arr":["4","5","54","74","94","726"],"lines":"4, 5, 54, 74, 94, 726"},"geometry":{"type":"LineString","coordinates":[[18.032191,59.318326],[18.032459,59.317903]]}},{"type":"Feature","properties":{"mode":"bus","n":7,"arr":["4","5","54","74","94","405","726"],"lines":"4, 5, 54, 74, 94, 405, 726"},"geometry":{"type":"LineString","coordinates":[[18.032062,59.318968],[18.030823,59.321306],[18.030609,59.321618],[18.030225,59.322046],[18.024548,59.326752],[18.023869,59.327272],[18.022734,59.327897],[18.022217,59.328237]]}},{"type":"Feature","properties":{"mode":"bus","n":7,"arr":["4","5","54","74","94","405","726"],"lines":"4, 5, 54, 74, 94, 405, 726"},"geometry":{"type":"LineString","coordinates":[[18.021407,59.328535],[18.021234,59.328332],[18.021236,59.328226],[18.021299,59.328151],[18.021695,59.327999],[18.022672,59.327748],[18.023264,59.327487],[18.023614,59.327297],[18.023858,59.327129],[18.027991,59.323769],[18.030078,59.322009],[18.030452,59.321586],[18.030673,59.321274],[18.031813,59.31915],[18.032191,59.318326]]}},{"type":"Feature","properties":{"mode":"bus","n":5,"arr":["4","6","67","94","697"],"lines":"4, 6, 67, 94, 697"},"geometry":{"type":"LineString","coordinates":[[18.039012,59.33988],[18.042325,59.340722],[18.04234,59.340728],[18.042346,59.340736],[18.042341,59.340746],[18.042327,59.34076],[18.042322,59.34077],[18.042328,59.340778],[18.042344,59.340784],[18.047387,59.34204]]}},{"type":"Feature","properties":{"mode":"bus","n":8,"arr":["4","6","53","61","67","72","94","595"],"lines":"4, 6, 53, 61, 67, 72, 94, 595"},"geometry":{"type":"LineString","coordinates":[[18.048059,59.342975],[18.046795,59.342917],[18.046572,59.342864]]}},{"type":"Feature","properties":{"mode":"bus","n":9,"arr":["4","6","53","61","67","72","94","515","595"],"lines":"4, 6, 53, 61, 67, 72, 94, 515, 595"},"geometry":{"type":"LineString","coordinates":[[18.048201,59.34298],[18.048059,59.342975]]}},{"type":"Feature","properties":{"mode":"bus","n":8,"arr":["4","6","67","72","94","515","595","697"],"lines":"4, 6, 67, 72, 94, 515, 595, 697"},"geometry":{"type":"LineString","coordinates":[[18.048394,59.342988],[18.048201,59.34298]]}},{"type":"Feature","properties":{"mode":"bus","n":12,"arr":["4","6","50","67","72","94","96","515","595","690","691","697"],"lines":"4, 6, 50, 67, 72, 94, 96, 515, 595, 690, 691, 697"},"geometry":{"type":"LineString","coordinates":[[18.051614,59.343097],[18.048394,59.342988]]}},{"type":"Feature","properties":{"mode":"bus","n":10,"arr":["4","6","61","67","72","94","608","690","691","697"],"lines":"4, 6, 61, 67, 72, 94, 608, 690, 691, 697"},"geometry":{"type":"LineString","coordinates":[[18.06261,59.345762],[18.066194,59.346636],[18.066383,59.346716],[18.066905,59.347047],[18.067152,59.347128]]}},{"type":"Feature","properties":{"mode":"bus","n":9,"arr":["4","6","61","67","72","94","690","691","697"],"lines":"4, 6, 61, 67, 72, 94, 690, 691, 697"},"geometry":{"type":"LineString","coordinates":[[18.06261,59.345762],[18.060929,59.345345]]}},{"type":"Feature","properties":{"mode":"bus","n":10,"arr":["4","6","67","72","94","519","608","670","680","699"],"lines":"4, 6, 67, 72, 94, 519, 608, 670, 680, 699"},"geometry":{"type":"LineString","coordinates":[[18.066755,59.346788],[18.0671,59.346666]]}},{"type":"Feature","properties":{"mode":"bus","n":6,"arr":["4","6","67","72","94","608"],"lines":"4, 6, 67, 72, 94, 608"},"geometry":{"type":"LineString","coordinates":[[18.0671,59.346666],[18.069541,59.345803],[18.073326,59.344855]]}},{"type":"Feature","properties":{"mode":"bus","n":5,"arr":["4","6","72","94","608"],"lines":"4, 6, 72, 94, 608"},"geometry":{"type":"LineString","coordinates":[[18.073326,59.344855],[18.076701,59.344015]]}},{"type":"Feature","properties":{"mode":"bus","n":5,"arr":["4","6","67","72","94"],"lines":"4, 6, 67, 72, 94"},"geometry":{"type":"LineString","coordinates":[[18.067152,59.347128],[18.070161,59.346099],[18.073543,59.345271]]}},{"type":"Feature","properties":{"mode":"bus","n":6,"arr":["4","6","61","67","94","697"],"lines":"4, 6, 61, 67, 94, 697"},"geometry":{"type":"LineString","coordinates":[[18.048795,59.342384],[18.047387,59.34204]]}},{"type":"Feature","properties":{"mode":"bus","n":5,"arr":["4","5","61","94","405"],"lines":"4, 5, 61, 94, 405"},"geometry":{"type":"LineString","coordinates":[[18.028538,59.332104],[18.028787,59.332101]]}},{"type":"Feature","properties":{"mode":"bus","n":7,"arr":["4","5","74","94","191","192","726"],"lines":"4, 5, 74, 94, 191, 192, 726"},"geometry":{"type":"LineString","coordinates":[[18.033998,59.315319],[18.034019,59.31525]]}},{"type":"Feature","properties":{"mode":"bus","n":6,"arr":["4","74","94","190","191","192"],"lines":"4, 74, 94, 190, 191, 192"},"geometry":{"type":"LineString","coordinates":[[18.034336,59.315257],[18.034577,59.315263],[18.035234,59.315385],[18.036816,59.315586]]}},{"type":"Feature","properties":{"mode":"bus","n":6,"arr":["4","94","168","193","194","791"],"lines":"4, 94, 168, 193, 194, 791"},"geometry":{"type":"LineString","coordinates":[[18.081437,59.29944],[18.081353,59.299648],[18.080822,59.300471],[18.080027,59.301949]]}},{"type":"Feature","properties":{"mode":"bus","n":8,"arr":["4","94","144","168","193","194","791","890"],"lines":"4, 94, 144, 168, 193, 194, 791, 890"},"geometry":{"type":"LineString","coordinates":[[18.081403,59.299389],[18.081256,59.299343],[18.081025,59.299367]]}},{"type":"Feature","properties":{"mode":"bus","n":8,"arr":["4","94","144","168","193","194","791","893"],"lines":"4, 94, 144, 168, 193, 194, 791, 893"},"geometry":{"type":"LineString","coordinates":[[18.081025,59.299367],[18.079387,59.299229]]}},{"type":"Feature","properties":{"mode":"bus","n":5,"arr":["134","165","743","745","748"],"lines":"134, 165, 743, 745, 748"},"geometry":{"type":"LineString","coordinates":[[18.023045,59.310338],[18.024107,59.310721]]}},{"type":"Feature","properties":{"mode":"bus","n":5,"arr":["5","190","191","192","726"],"lines":"5, 190, 191, 192, 726"},"geometry":{"type":"LineString","coordinates":[[18.028736,59.311374],[18.029208,59.311717],[18.03424,59.314473],[18.034375,59.314586],[18.034459,59.314764],[18.034403,59.31516],[18.034336,59.315257]]}},{"type":"Feature","properties":{"mode":"bus","n":5,"arr":["5","190","191","192","726"],"lines":"5, 190, 191, 192, 726"},"geometry":{"type":"LineString","coordinates":[[18.034139,59.314953],[18.034186,59.314727],[18.03404,59.314577],[18.029773,59.312273],[18.029383,59.312032],[18.026919,59.310248],[18.025906,59.309459]]}},{"type":"Feature","properties":{"mode":"bus","n":6,"arr":["5","147","165","743","745","748"],"lines":"5, 147, 165, 743, 745, 748"},"geometry":{"type":"LineString","coordinates":[[18.024482,59.309322],[18.025343,59.309948]]}},{"type":"Feature","properties":{"mode":"bus","n":6,"arr":["5","134","147","165","743","745"],"lines":"5, 134, 147, 165, 743, 745"},"geometry":{"type":"LineString","coordinates":[[18.025328,59.310125],[18.025126,59.31018],[18.025056,59.310257],[18.024647,59.31052],[18.024603,59.310538],[18.024548,59.310543],[18.024435,59.310542],[18.024026,59.310397]]}},{"type":"Feature","properties":{"mode":"bus","n":5,"arr":["6","75","76","205","291"],"lines":"6, 75, 76, 205, 291"},"geometry":{"type":"LineString","coordinates":[[18.103515,59.357639],[18.102588,59.357794],[18.101864,59.358193]]}},{"type":"Feature","properties":{"mode":"bus","n":6,"arr":["6","53","67","72","591","595"],"lines":"6, 53, 67, 72, 591, 595"},"geometry":{"type":"LineString","coordinates":[[18.038687,59.342509],[18.0385,59.342498]]}},{"type":"Feature","properties":{"mode":"bus","n":5,"arr":["6","53","67","72","595"],"lines":"6, 53, 67, 72, 595"},"geometry":{"type":"LineString","coordinates":[[18.046572,59.342864],[18.046508,59.342907],[18.046428,59.342916],[18.044494,59.34283]]}},{"type":"Feature","properties":{"mode":"bus","n":8,"arr":["6","67","94","519","608","670","680","699"],"lines":"6, 67, 94, 519, 608, 670, 680, 699"},"geometry":{"type":"LineString","coordinates":[[18.066584,59.346844],[18.066755,59.346788]]}},{"type":"Feature","properties":{"mode":"bus","n":6,"arr":["6","75","201","203","291","293"],"lines":"6, 75, 201, 203, 291, 293"},"geometry":{"type":"LineString","coordinates":[[18.104305,59.357221],[18.103725,59.357327]]}},{"type":"Feature","properties":{"mode":"bus","n":8,"arr":["6","75","201","203","205","225","291","293"],"lines":"6, 75, 201, 203, 205, 225, 291, 293"},"geometry":{"type":"LineString","coordinates":[[18.104669,59.35719],[18.104305,59.357221]]}},{"type":"Feature","properties":{"mode":"bus","n":13,"arr":["6","75","201","203","204","205","206","211","212","222","225","291","293"],"lines":"6, 75, 201, 203, 204, 205, 206, 211, 212, 222, 225, 291, 293"},"geometry":{"type":"LineString","coordinates":[[18.104992,59.357221],[18.104892,59.357178],[18.104857,59.357168],[18.104821,59.357164],[18.104781,59.357169],[18.104669,59.35719]]}},{"type":"Feature","properties":{"mode":"bus","n":8,"arr":["50","205","670","680","690","691","697","699"],"lines":"50, 205, 670, 680, 690, 691, 697, 699"},"geometry":{"type":"LineString","coordinates":[[18.056201,59.36114],[18.056334,59.361254]]}},{"type":"Feature","properties":{"mode":"bus","n":8,"arr":["50","205","670","680","690","691","697","699"],"lines":"50, 205, 670, 680, 690, 691, 697, 699"},"geometry":{"type":"LineString","coordinates":[[18.055266,59.351331],[18.054505,59.352343],[18.054271,59.352549],[18.053636,59.353014],[18.053301,59.353315],[18.053123,59.353567],[18.053037,59.353879],[18.053107,59.354047],[18.053242,59.35423],[18.055917,59.356815]]}},{"type":"Feature","properties":{"mode":"bus","n":8,"arr":["50","519","670","680","690","691","697","699"],"lines":"50, 519, 670, 680, 690, 691, 697, 699"},"geometry":{"type":"LineString","coordinates":[[18.055888,59.351124],[18.056502,59.351049],[18.05713,59.350926],[18.057691,59.3507]]}},{"type":"Feature","properties":{"mode":"bus","n":8,"arr":["50","608","670","680","690","691","697","699"],"lines":"50, 608, 670, 680, 690, 691, 697, 699"},"geometry":{"type":"LineString","coordinates":[[18.059355,59.349962],[18.059641,59.349852]]}},{"type":"Feature","properties":{"mode":"bus","n":43,"arr":["53","55","93","401","405","409","410","411C","413","414","420","422","423","425","428X","429X","430X","435","435C","436","437","438","439","441","442","442C","443","443C","444","445","445C","446","446C","447","448C","449","471","474","480C","491","492","496","497"],"lines":"53, 55, 93, 401, 405, 409, 410, 411C, 413, 414, 420, 422, 423, 425, 428X, 429X, 430X, 435, 435C, 436, 437, 438, 439, 441, 442, 442C, 443, 443C, 444, 445, 445C, 446, 446C, 447, 448C, 449, 471, 474, 480C, 491, 492, 496, 497"},"geometry":{"type":"LineString","coordinates":[[18.107844,59.311668],[18.107823,59.311936],[18.107746,59.312142],[18.107365,59.312616],[18.10664,59.313018],[18.105977,59.313334]]}},{"type":"Feature","properties":{"mode":"bus","n":44,"arr":["53","55","93","401","402","405","409","410","411C","413","414","420","422","423","425","428X","429X","430X","435","435C","436","437","438","439","441","442","442C","443","443C","444","445","445C","446","446C","447","448C","449","471","474","480C","491","492","496","497"],"lines":"53, 55, 93, 401, 402, 405, 409, 410, 411C, 413, 414, 420, 422, 423, 425, 428X, 429X, 430X, 435, 435C, 436, 437, 438, 439, 441, 442, 442C, 443, 443C, 444, 445, 445C, 446, 446C, 447, 448C, 449, 471, 474, 480C, 491, 492, 496, 497"},"geometry":{"type":"LineString","coordinates":[[18.105977,59.313334],[18.105535,59.313494],[18.104994,59.313653],[18.104127,59.313878],[18.10347,59.314005],[18.102162,59.314091],[18.100233,59.314099],[18.099814,59.314121]]}},{"type":"Feature","properties":{"mode":"bus","n":43,"arr":["53","55","401","402","405","409","410","411C","413","414","420","422","423","425","428X","429X","430X","435","435C","436","437","438","439","441","442","442C","443","443C","444","445","445C","446","446C","447","448C","449","471","474","480C","491","492","496","497"],"lines":"53, 55, 401, 402, 405, 409, 410, 411C, 413, 414, 420, 422, 423, 425, 428X, 429X, 430X, 435, 435C, 436, 437, 438, 439, 441, 442, 442C, 443, 443C, 444, 445, 445C, 446, 446C, 447, 448C, 449, 471, 474, 480C, 491, 492, 496, 497"},"geometry":{"type":"LineString","coordinates":[[18.099814,59.314121],[18.098968,59.31426],[18.096119,59.315031],[18.095725,59.31517]]}},{"type":"Feature","properties":{"mode":"bus","n":9,"arr":["53","55","402","423","446","449","491","492","496"],"lines":"53, 55, 402, 423, 446, 449, 491, 492, 496"},"geometry":{"type":"LineString","coordinates":[[18.095725,59.31517],[18.095303,59.315355],[18.095068,59.315404],[18.093924,59.315428],[18.091752,59.315645],[18.089999,59.315634]]}},{"type":"Feature","properties":{"mode":"bus","n":5,"arr":["53","492","496","595","791"],"lines":"53, 492, 496, 595, 791"},"geometry":{"type":"LineString","coordinates":[[18.058204,59.331908],[18.05769,59.332473]]}},{"type":"Feature","properties":{"mode":"bus","n":7,"arr":["53","196","197","198","492","496","595"],"lines":"53, 196, 197, 198, 492, 496, 595"},"geometry":{"type":"LineString","coordinates":[[18.05769,59.332473],[18.057632,59.332535]]}},{"type":"Feature","properties":{"mode":"bus","n":6,"arr":["53","196","197","198","595","892"],"lines":"53, 196, 197, 198, 595, 892"},"geometry":{"type":"LineString","coordinates":[[18.057143,59.333042],[18.057632,59.332535]]}},{"type":"Feature","properties":{"mode":"bus","n":6,"arr":["53","196","197","198","595","892"],"lines":"53, 196, 197, 198, 595, 892"},"geometry":{"type":"LineString","coordinates":[[18.056489,59.333709],[18.056937,59.333218],[18.056967,59.333121]]}},{"type":"Feature","properties":{"mode":"bus","n":5,"arr":["53","196","197","198","595"],"lines":"53, 196, 197, 198, 595"},"geometry":{"type":"LineString","coordinates":[[18.056583,59.333774],[18.057053,59.33324],[18.057143,59.333042]]}},{"type":"Feature","properties":{"mode":"bus","n":5,"arr":["53","196","197","198","595"],"lines":"53, 196, 197, 198, 595"},"geometry":{"type":"LineString","coordinates":[[18.056967,59.333121],[18.057032,59.332968],[18.057342,59.332642]]}},{"type":"Feature","properties":{"mode":"bus","n":5,"arr":["53","591","592","595","697"],"lines":"53, 591, 592, 595, 697"},"geometry":{"type":"LineString","coordinates":[[18.056583,59.333774],[18.055736,59.334704],[18.055211,59.335492],[18.055029,59.335568],[18.054686,59.335615]]}},{"type":"Feature","properties":{"mode":"bus","n":5,"arr":["53","492","496","791","892"],"lines":"53, 492, 496, 791, 892"},"geometry":{"type":"LineString","coordinates":[[18.059109,59.330709],[18.060308,59.329385]]}},{"type":"Feature","properties":{"mode":"bus","n":40,"arr":["53","55","401","402","402X","405","409","410","413","414","420","422","423","425","428X","429X","430X","435","435C","436","437","438","439","441","442","442C","443","444","445","445C","446","446C","449","471","474","480C","491","492","496","497"],"lines":"53, 55, 401, 402, 402X, 405, 409, 410, 413, 414, 420, 422, 423, 425, 428X, 429X, 430X, 435, 435C, 436, 437, 438, 439, 441, 442, 442C, 443, 444, 445, 445C, 446, 446C, 449, 471, 474, 480C, 491, 492, 496, 497"},"geometry":{"type":"LineString","coordinates":[[18.095333,59.315197],[18.095852,59.314979],[18.096057,59.314917],[18.099003,59.314127],[18.099331,59.31405],[18.099763,59.313988]]}},{"type":"Feature","properties":{"mode":"bus","n":41,"arr":["53","55","93","401","402","402X","405","409","410","413","414","420","422","423","425","428X","429X","430X","435","435C","436","437","438","439","441","442","442C","443","444","445","445C","446","446C","449","471","474","480C","491","492","496","497"],"lines":"53, 55, 93, 401, 402, 402X, 405, 409, 410, 413, 414, 420, 422, 423, 425, 428X, 429X, 430X, 435, 435C, 436, 437, 438, 439, 441, 442, 442C, 443, 444, 445, 445C, 446, 446C, 449, 471, 474, 480C, 491, 492, 496, 497"},"geometry":{"type":"LineString","coordinates":[[18.099763,59.313988],[18.10012,59.313964],[18.101409,59.313982],[18.1024,59.313969],[18.103545,59.313905],[18.104061,59.313816],[18.104898,59.313592],[18.105451,59.313424],[18.105869,59.313267],[18.106505,59.312961],[18.107062,59.312648],[18.107294,59.31245]]}},{"type":"Feature","properties":{"mode":"bus","n":40,"arr":["53","93","401","402","402X","405","409","410","413","414","420","422","423","425","428X","429X","430X","435","435C","436","437","438","439","441","442","442C","443","444","445","445C","446","446C","449","471","474","480C","491","492","496","497"],"lines":"53, 93, 401, 402, 402X, 405, 409, 410, 413, 414, 420, 422, 423, 425, 428X, 429X, 430X, 435, 435C, 436, 437, 438, 439, 441, 442, 442C, 443, 444, 445, 445C, 446, 446C, 449, 471, 474, 480C, 491, 492, 496, 497"},"geometry":{"type":"LineString","coordinates":[[18.107294,59.31245],[18.107412,59.31233],[18.107544,59.312081],[18.107599,59.311769],[18.107584,59.311587]]}},{"type":"Feature","properties":{"mode":"bus","n":6,"arr":["53","55","71","93","402","469"],"lines":"53, 55, 71, 93, 402, 469"},"geometry":{"type":"LineString","coordinates":[[18.107584,59.311587],[18.107827,59.31158]]}},{"type":"Feature","properties":{"mode":"bus","n":5,"arr":["53","71","93","402","469"],"lines":"53, 71, 93, 402, 469"},"geometry":{"type":"LineString","coordinates":[[18.107827,59.31158],[18.108264,59.311569],[18.108601,59.31159],[18.109422,59.311843]]}},{"type":"Feature","properties":{"mode":"bus","n":5,"arr":["55","57","76","191","192"],"lines":"55, 57, 76, 191, 192"},"geometry":{"type":"LineString","coordinates":[[18.069299,59.319682],[18.070339,59.31984],[18.070442,59.319898]]}},{"type":"Feature","properties":{"mode":"bus","n":6,"arr":["55","57","76","191","192","402"],"lines":"55, 57, 76, 191, 192, 402"},"geometry":{"type":"LineString","coordinates":[[18.072262,59.32019],[18.070718,59.320008],[18.070442,59.319898]]}},{"type":"Feature","properties":{"mode":"bus","n":41,"arr":["55","401","405","409","410","411C","413","414","420","422","423","425","428X","429X","430X","435","435C","436","437","438","439","441","442","442C","443","443C","444","445","445C","446","446C","447","448C","449","471","474","480C","491","492","496","497"],"lines":"55, 401, 405, 409, 410, 411C, 413, 414, 420, 422, 423, 425, 428X, 429X, 430X, 435, 435C, 436, 437, 438, 439, 441, 442, 442C, 443, 443C, 444, 445, 445C, 446, 446C, 447, 448C, 449, 471, 474, 480C, 491, 492, 496, 497"},"geometry":{"type":"LineString","coordinates":[[18.107827,59.31158],[18.107844,59.311668]]}},{"type":"Feature","properties":{"mode":"bus","n":9,"arr":["61","519","608","670","680","690","691","697","699"],"lines":"61, 519, 608, 670, 680, 690, 691, 697, 699"},"geometry":{"type":"LineString","coordinates":[[18.067152,59.347128],[18.06697,59.347181],[18.065989,59.347588]]}},{"type":"Feature","properties":{"mode":"bus","n":9,"arr":["61","519","608","670","680","690","691","697","699"],"lines":"61, 519, 608, 670, 680, 690, 691, 697, 699"},"geometry":{"type":"LineString","coordinates":[[18.065559,59.347588],[18.065484,59.347576]]}},{"type":"Feature","properties":{"mode":"bus","n":9,"arr":["61","519","608","670","680","690","691","697","699"],"lines":"61, 519, 608, 670, 680, 690, 691, 697, 699"},"geometry":{"type":"LineString","coordinates":[[18.065346,59.34735],[18.065926,59.347091],[18.066584,59.346844]]}},{"type":"Feature","properties":{"mode":"bus","n":8,"arr":["65","69","191","192","193","194","195","491"],"lines":"65, 69, 191, 192, 193, 194, 195, 491"},"geometry":{"type":"LineString","coordinates":[[18.068071,59.332646],[18.068078,59.332598],[18.068074,59.332583],[18.068058,59.332574],[18.06803,59.33257],[18.0659,59.332481],[18.065299,59.332359],[18.065104,59.332341],[18.064907,59.332369],[18.064624,59.332495],[18.064421,59.332552],[18.064265,59.332567],[18.064061,59.332552],[18.060912,59.331791],[18.060647,59.33168],[18.05754,59.330933]]}},{"type":"Feature","properties":{"mode":"bus","n":8,"arr":["65","69","191","192","193","194","195","491"],"lines":"65, 69, 191, 192, 193, 194, 195, 491"},"geometry":{"type":"LineString","coordinates":[[18.060556,59.331783],[18.059267,59.331461],[18.058871,59.331332],[18.056659,59.330784]]}},{"type":"Feature","properties":{"mode":"bus","n":9,"arr":["65","69","191","192","193","194","195","491","791"],"lines":"65, 69, 191, 192, 193, 194, 195, 491, 791"},"geometry":{"type":"LineString","coordinates":[[18.068071,59.332646],[18.066071,59.332565],[18.065791,59.332616],[18.065429,59.332777],[18.065224,59.332805],[18.065053,59.332798],[18.06409,59.332612],[18.060882,59.331823],[18.060556,59.331783]]}},{"type":"Feature","properties":{"mode":"bus","n":7,"arr":["65","435C","442C","443C","445C","446C","480C"],"lines":"65, 435C, 442C, 443C, 445C, 446C, 480C"},"geometry":{"type":"LineString","coordinates":[[18.056386,59.330716],[18.054315,59.330207]]}},{"type":"Feature","properties":{"mode":"bus","n":10,"arr":["65","435C","442C","443C","445C","446C","480C","491","890","893"],"lines":"65, 435C, 442C, 443C, 445C, 446C, 480C, 491, 890, 893"},"geometry":{"type":"LineString","coordinates":[[18.054315,59.330207],[18.053388,59.329976]]}},{"type":"Feature","properties":{"mode":"bus","n":5,"arr":["65","491","890","892","893"],"lines":"65, 491, 890, 892, 893"},"geometry":{"type":"LineString","coordinates":[[18.054383,59.330135],[18.056691,59.330714]]}},{"type":"Feature","properties":{"mode":"bus","n":11,"arr":["65","69","191","192","193","194","195","491","890","892","893"],"lines":"65, 69, 191, 192, 193, 194, 195, 491, 890, 892, 893"},"geometry":{"type":"LineString","coordinates":[[18.056691,59.330714],[18.05754,59.330933]]}},{"type":"Feature","properties":{"mode":"bus","n":6,"arr":["67","176","176X","177","177E","501"],"lines":"67, 176, 176X, 177, 177E, 501"},"geometry":{"type":"LineString","coordinates":[[18.009121,59.364414],[18.008977,59.364375],[18.007417,59.36366],[18.006801,59.363294],[18.005742,59.362575],[18.005292,59.362345],[18.004899,59.3622],[18.004466,59.362077],[18.004075,59.362],[18.003522,59.36193],[18.001761,59.361846],[18.000137,59.361713]]}},{"type":"Feature","properties":{"mode":"bus","n":9,"arr":["67","156","176","176X","177","501","509","515","595"],"lines":"67, 156, 176, 176X, 177, 501, 509, 515, 595"},"geometry":{"type":"LineString","coordinates":[[18.015892,59.363747],[18.015178,59.363742],[18.014638,59.363782],[18.012345,59.364202]]}},{"type":"Feature","properties":{"mode":"bus","n":6,"arr":["156","176","176X","177","515","595"],"lines":"156, 176, 176X, 177, 515, 595"},"geometry":{"type":"LineString","coordinates":[[18.021981,59.364115],[18.020287,59.364116],[18.019777,59.364096],[18.018299,59.364027],[18.015936,59.363862]]}},{"type":"Feature","properties":{"mode":"bus","n":6,"arr":["156","176","176X","177","515","595"],"lines":"156, 176, 176X, 177, 515, 595"},"geometry":{"type":"LineString","coordinates":[[18.020255,59.364009],[18.021777,59.364005],[18.022166,59.364029]]}},{"type":"Feature","properties":{"mode":"bus","n":8,"arr":["67","156","176","176X","177","509","515","595"],"lines":"67, 156, 176, 176X, 177, 509, 515, 595"},"geometry":{"type":"LineString","coordinates":[[18.015936,59.363862],[18.015223,59.363844],[18.014406,59.363896],[18.010789,59.364563]]}},{"type":"Feature","properties":{"mode":"bus","n":9,"arr":["67","156","176","176E","176X","177","509","515","595"],"lines":"67, 156, 176, 176E, 176X, 177, 509, 515, 595"},"geometry":{"type":"LineString","coordinates":[[18.010789,59.364563],[18.010374,59.364598],[18.009781,59.364604],[18.009489,59.364639]]}},{"type":"Feature","properties":{"mode":"bus","n":5,"arr":["67","176","176E","176X","177"],"lines":"67, 176, 176E, 176X, 177"},"geometry":{"type":"LineString","coordinates":[[18.00662,59.363361],[18.007416,59.363825],[18.008539,59.364315],[18.008857,59.364561]]}},{"type":"Feature","properties":{"mode":"bus","n":8,"arr":["69","191","192","193","194","195","491","791"],"lines":"69, 191, 192, 193, 194, 195, 491, 791"},"geometry":{"type":"LineString","coordinates":[[18.071543,59.332823],[18.070545,59.332754],[18.068071,59.332646]]}},{"type":"Feature","properties":{"mode":"bus","n":5,"arr":["76","201","205","225","291"],"lines":"76, 201, 205, 225, 291"},"geometry":{"type":"LineString","coordinates":[[18.105491,59.356743],[18.105478,59.356757]]}},{"type":"Feature","properties":{"mode":"bus","n":12,"arr":["76","201","203","204","205","206","211","212","222","225","291","293"],"lines":"76, 201, 203, 204, 205, 206, 211, 212, 222, 225, 291, 293"},"geometry":{"type":"LineString","coordinates":[[18.105478,59.356757],[18.105307,59.356949],[18.104992,59.357221]]}},{"type":"Feature","properties":{"mode":"bus","n":7,"arr":["93","442","443","443C","465","471","840"],"lines":"93, 442, 443, 443C, 465, 471, 840"},"geometry":{"type":"LineString","coordinates":[[18.162505,59.311061],[18.162484,59.311196],[18.162586,59.312025]]}},{"type":"Feature","properties":{"mode":"bus","n":8,"arr":["94","144","168","193","194","195","791","893"],"lines":"94, 144, 168, 193, 194, 195, 791, 893"},"geometry":{"type":"LineString","coordinates":[[18.079645,59.299011],[18.079823,59.299085],[18.080206,59.299174]]}},{"type":"Feature","properties":{"mode":"bus","n":8,"arr":["94","144","168","193","194","195","791","893"],"lines":"94, 144, 168, 193, 194, 195, 791, 893"},"geometry":{"type":"LineString","coordinates":[[18.081092,59.299264],[18.080717,59.299247]]}},{"type":"Feature","properties":{"mode":"bus","n":7,"arr":["94","168","193","194","195","791","893"],"lines":"94, 168, 193, 194, 195, 791, 893"},"geometry":{"type":"LineString","coordinates":[[18.080717,59.299247],[18.080206,59.299174]]}},{"type":"Feature","properties":{"mode":"bus","n":9,"arr":["112","129","155","155X","176","176E","176X","177","177E"],"lines":"112, 129, 155, 155X, 176, 176E, 176X, 177, 177E"},"geometry":{"type":"LineString","coordinates":[[17.95948,59.344346],[17.959996,59.344551],[17.960261,59.344729],[17.961193,59.345486],[17.961752,59.345801],[17.962286,59.34601],[17.963832,59.346483]]}},{"type":"Feature","properties":{"mode":"bus","n":10,"arr":["112","118","122","157","179","199","512","514","514X","591"],"lines":"112, 118, 122, 157, 179, 199, 512, 514, 514X, 591"},"geometry":{"type":"LineString","coordinates":[[17.900472,59.381968],[17.900862,59.381838],[17.901609,59.381524]]}},{"type":"Feature","properties":{"mode":"bus","n":7,"arr":["112","122","199","512","514","514X","591"],"lines":"112, 122, 199, 512, 514, 514X, 591"},"geometry":{"type":"LineString","coordinates":[[17.900683,59.382067],[17.900862,59.381838]]}},{"type":"Feature","properties":{"mode":"bus","n":13,"arr":["112","116","117","119","122","158","159","179","199","512","514","514X","517"],"lines":"112, 116, 117, 119, 122, 158, 159, 179, 199, 512, 514, 514X, 517"},"geometry":{"type":"LineString","coordinates":[[17.899346,59.382728],[17.900549,59.382203],[17.900683,59.382067]]}},{"type":"Feature","properties":{"mode":"bus","n":14,"arr":["116","117","118","119","157","158","159","179","199","512","514","514X","517","591"],"lines":"116, 117, 118, 119, 157, 158, 159, 179, 199, 512, 514, 514X, 517, 591"},"geometry":{"type":"LineString","coordinates":[[17.898446,59.382913],[17.899125,59.382596]]}},{"type":"Feature","properties":{"mode":"bus","n":16,"arr":["112","116","117","118","119","122","157","158","159","179","199","512","514","514X","517","591"],"lines":"112, 116, 117, 118, 119, 122, 157, 158, 159, 179, 199, 512, 514, 514X, 517, 591"},"geometry":{"type":"LineString","coordinates":[[17.899125,59.382596],[17.899517,59.382383],[17.900472,59.381968]]}},{"type":"Feature","properties":{"mode":"bus","n":5,"arr":["113","129","501","505","512"],"lines":"113, 129, 501, 505, 512"},"geometry":{"type":"LineString","coordinates":[[17.99736,59.35847],[17.997369,59.358412],[17.997365,59.358394],[17.997347,59.358381],[17.997315,59.358373],[17.997011,59.358329]]}},{"type":"Feature","properties":{"mode":"bus","n":6,"arr":["113","152","197","505","506","512"],"lines":"113, 152, 197, 505, 506, 512"},"geometry":{"type":"LineString","coordinates":[[17.996758,59.358597],[17.996847,59.358506]]}},{"type":"Feature","properties":{"mode":"bus","n":5,"arr":["113","152","197","505","506"],"lines":"113, 152, 197, 505, 506"},"geometry":{"type":"LineString","coordinates":[[17.996676,59.358754],[17.996758,59.358597]]}},{"type":"Feature","properties":{"mode":"bus","n":6,"arr":["113","152","197","501","505","506"],"lines":"113, 152, 197, 501, 505, 506"},"geometry":{"type":"LineString","coordinates":[[17.99505,59.360841],[17.996676,59.358754]]}},{"type":"Feature","properties":{"mode":"bus","n":9,"arr":["113","176","176E","176X","177","197","501","505","506"],"lines":"113, 176, 176E, 176X, 177, 197, 501, 505, 506"},"geometry":{"type":"LineString","coordinates":[[17.994816,59.360898],[17.99497,59.360929]]}},{"type":"Feature","properties":{"mode":"bus","n":7,"arr":["113","176","176E","176X","177","197","506"],"lines":"113, 176, 176E, 176X, 177, 197, 506"},"geometry":{"type":"LineString","coordinates":[[17.986399,59.358671],[17.987313,59.359083],[17.988152,59.359413],[17.989034,59.359698],[17.990232,59.359978],[17.994816,59.360898]]}},{"type":"Feature","properties":{"mode":"bus","n":5,"arr":["113","176","176E","176X","177"],"lines":"113, 176, 176E, 176X, 177"},"geometry":{"type":"LineString","coordinates":[[17.986247,59.358607],[17.986399,59.358671]]}},{"type":"Feature","properties":{"mode":"bus","n":6,"arr":["113","122","129","156","196","512"],"lines":"113, 122, 129, 156, 196, 512"},"geometry":{"type":"LineString","coordinates":[[17.980161,59.355751],[17.979645,59.355747],[17.978817,59.355778],[17.978139,59.355832],[17.977217,59.355956],[17.976183,59.356141],[17.97615,59.356152],[17.976135,59.356166],[17.976138,59.356186],[17.976155,59.356215],[17.976167,59.356229],[17.976185,59.356237],[17.976209,59.356239],[17.976238,59.356236],[17.977231,59.356051],[17.978161,59.355947],[17.978832,59.355894],[17.980294,59.355861]]}},{"type":"Feature","properties":{"mode":"bus","n":5,"arr":["113","122","129","196","512"],"lines":"113, 122, 129, 196, 512"},"geometry":{"type":"LineString","coordinates":[[17.965323,59.361297],[17.96395,59.360965],[17.963648,59.360979],[17.963323,59.361055]]}},{"type":"Feature","properties":{"mode":"bus","n":8,"arr":["113","156","176","176X","177","177E","197","506"],"lines":"113, 156, 176, 176X, 177, 177E, 197, 506"},"geometry":{"type":"LineString","coordinates":[[17.98656,59.358587],[17.986419,59.35853]]}},{"type":"Feature","properties":{"mode":"bus","n":7,"arr":["113","176","176X","177","177E","197","506"],"lines":"113, 176, 176X, 177, 177E, 197, 506"},"geometry":{"type":"LineString","coordinates":[[17.994897,59.360809],[17.990319,59.359925],[17.989145,59.359645],[17.98824,59.359348],[17.987681,59.35912],[17.98656,59.358587]]}},{"type":"Feature","properties":{"mode":"bus","n":5,"arr":["113","197","501","505","506"],"lines":"113, 197, 501, 505, 506"},"geometry":{"type":"LineString","coordinates":[[17.996633,59.358485],[17.996618,59.358617],[17.996544,59.35872],[17.994897,59.360809]]}},{"type":"Feature","properties":{"mode":"bus","n":10,"arr":["115","116","118","158","179","198","199","518","541","543"],"lines":"115, 116, 118, 158, 179, 198, 199, 518, 541, 543"},"geometry":{"type":"LineString","coordinates":[[17.870807,59.363173],[17.87105,59.36316]]}},{"type":"Feature","properties":{"mode":"bus","n":9,"arr":["115","116","158","179","198","199","518","541","543"],"lines":"115, 116, 158, 179, 198, 199, 518, 541, 543"},"geometry":{"type":"LineString","coordinates":[[17.871678,59.363866],[17.871798,59.363794],[17.871874,59.363662],[17.87189,59.36353],[17.871828,59.363492]]}},{"type":"Feature","properties":{"mode":"bus","n":9,"arr":["115","116","118","179","198","199","518","541","543"],"lines":"115, 116, 118, 179, 198, 199, 518, 541, 543"},"geometry":{"type":"LineString","coordinates":[[17.871678,59.363866],[17.870581,59.363302],[17.870563,59.363289],[17.870558,59.363277],[17.870566,59.363266],[17.870588,59.363255],[17.870807,59.363173]]}},{"type":"Feature","properties":{"mode":"bus","n":7,"arr":["115","116","118","158","179","198","199"],"lines":"115, 116, 118, 158, 179, 198, 199"},"geometry":{"type":"LineString","coordinates":[[17.872588,59.364337],[17.871678,59.363866]]}},{"type":"Feature","properties":{"mode":"bus","n":6,"arr":["116","118","119","158","179","199"],"lines":"116, 118, 119, 158, 179, 199"},"geometry":{"type":"LineString","coordinates":[[17.891409,59.380365],[17.889577,59.380377],[17.888303,59.380454],[17.886364,59.380661],[17.882783,59.381177]]}},{"type":"Feature","properties":{"mode":"bus","n":7,"arr":["116","117","118","119","158","179","199"],"lines":"116, 117, 118, 119, 158, 179, 199"},"geometry":{"type":"LineString","coordinates":[[17.898446,59.382913],[17.895817,59.381414],[17.895772,59.381351],[17.895738,59.381322],[17.895682,59.381304],[17.894186,59.381001],[17.892165,59.380444],[17.891842,59.380391],[17.891409,59.380365]]}},{"type":"Feature","properties":{"mode":"bus","n":7,"arr":["116","117","119","158","159","179","517"],"lines":"116, 117, 119, 158, 159, 179, 517"},"geometry":{"type":"LineString","coordinates":[[17.900683,59.382067],[17.900472,59.381968]]}},{"type":"Feature","properties":{"mode":"bus","n":9,"arr":["116","117","118","119","158","179","199","514","514X"],"lines":"116, 117, 118, 119, 158, 179, 199, 514, 514X"},"geometry":{"type":"LineString","coordinates":[[17.898446,59.382913],[17.898521,59.382952]]}},{"type":"Feature","properties":{"mode":"bus","n":6,"arr":["117","119","179","199","514","514X"],"lines":"117, 119, 179, 199, 514, 514X"},"geometry":{"type":"LineString","coordinates":[[17.898567,59.382978],[17.898649,59.383022]]}},{"type":"Feature","properties":{"mode":"bus","n":8,"arr":["117","118","119","179","199","514","514X","591"],"lines":"117, 118, 119, 179, 199, 514, 514X, 591"},"geometry":{"type":"LineString","coordinates":[[17.898521,59.382952],[17.898567,59.382978]]}},{"type":"Feature","properties":{"mode":"bus","n":22,"arr":["117","127","129","155","155X","176","176E","176X","177","177E","198","301","302","304","305","309","311","316","317","318","323","396"],"lines":"117, 127, 129, 155, 155X, 176, 176E, 176X, 177, 177E, 198, 301, 302, 304, 305, 309, 311, 316, 317, 318, 323, 396"},"geometry":{"type":"LineString","coordinates":[[17.936194,59.338217],[17.936428,59.338112]]}},{"type":"Feature","properties":{"mode":"bus","n":21,"arr":["117","127","129","155","155X","176","176E","176X","177","177E","301","302","304","305","309","311","316","317","318","323","396"],"lines":"117, 127, 129, 155, 155X, 176, 176E, 176X, 177, 177E, 301, 302, 304, 305, 309, 311, 316, 317, 318, 323, 396"},"geometry":{"type":"LineString","coordinates":[[17.936428,59.338112],[17.936868,59.337976],[17.936926,59.337966],[17.936988,59.33797],[17.937104,59.337991]]}},{"type":"Feature","properties":{"mode":"bus","n":20,"arr":["117","127","129","155","155X","176","176E","176X","177","177E","301","302","304","309","311","316","317","318","323","396"],"lines":"117, 127, 129, 155, 155X, 176, 176E, 176X, 177, 177E, 301, 302, 304, 309, 311, 316, 317, 318, 323, 396"},"geometry":{"type":"LineString","coordinates":[[17.937104,59.337991],[17.938041,59.33847]]}},{"type":"Feature","properties":{"mode":"bus","n":5,"arr":["118","159","199","517","591"],"lines":"118, 159, 199, 517, 591"},"geometry":{"type":"LineString","coordinates":[[17.897867,59.383281],[17.897977,59.383254]]}},{"type":"Feature","properties":{"mode":"bus","n":6,"arr":["118","159","199","512","517","591"],"lines":"118, 159, 199, 512, 517, 591"},"geometry":{"type":"LineString","coordinates":[[17.897785,59.383257],[17.897867,59.383281]]}},{"type":"Feature","properties":{"mode":"bus","n":8,"arr":["118","157","159","179","199","512","517","591"],"lines":"118, 157, 159, 179, 199, 512, 517, 591"},"geometry":{"type":"LineString","coordinates":[[17.897785,59.383257],[17.898446,59.382913]]}},{"type":"Feature","properties":{"mode":"bus","n":6,"arr":["118","179","199","512","514","514X"],"lines":"118, 179, 199, 512, 514, 514X"},"geometry":{"type":"LineString","coordinates":[[17.901609,59.381524],[17.90094,59.38099],[17.900695,59.380868],[17.900591,59.380856],[17.900538,59.380856],[17.900489,59.380868],[17.900223,59.380969],[17.900133,59.381064],[17.900163,59.381113],[17.903037,59.382788],[17.90408,59.383437],[17.904324,59.383611],[17.905176,59.384437],[17.906542,59.385547]]}},{"type":"Feature","properties":{"mode":"bus","n":7,"arr":["118","155","155X","157","196","199","512"],"lines":"118, 155, 155X, 157, 196, 199, 512"},"geometry":{"type":"LineString","coordinates":[[17.939582,59.375453],[17.939245,59.375401],[17.939212,59.375393],[17.939191,59.37538],[17.93918,59.375362],[17.939166,59.375306],[17.93936,59.374537],[17.939334,59.37432],[17.939226,59.374123],[17.938933,59.373814],[17.93812,59.373168],[17.937878,59.37285],[17.937743,59.3725],[17.937743,59.37248],[17.937761,59.372464],[17.937797,59.372455],[17.938101,59.372408]]}},{"type":"Feature","properties":{"mode":"bus","n":8,"arr":["118","155","155X","157","196","199","504","512"],"lines":"118, 155, 155X, 157, 196, 199, 504, 512"},"geometry":{"type":"LineString","coordinates":[[17.940155,59.377539],[17.940349,59.377504],[17.940587,59.377502],[17.941044,59.377444],[17.941518,59.377313],[17.941715,59.377209],[17.941861,59.37708],[17.941923,59.376962],[17.94192,59.37676],[17.941737,59.376463],[17.940989,59.375648],[17.940893,59.37558],[17.940648,59.375526],[17.939582,59.375453]]}},{"type":"Feature","properties":{"mode":"bus","n":8,"arr":["118","155","155X","157","196","199","504","512"],"lines":"118, 155, 155X, 157, 196, 199, 504, 512"},"geometry":{"type":"LineString","coordinates":[[17.940587,59.377502],[17.940389,59.377587],[17.940311,59.37768],[17.940019,59.37818],[17.940043,59.378578],[17.940121,59.37881],[17.940329,59.379149],[17.940357,59.379318]]}},{"type":"Feature","properties":{"mode":"bus","n":9,"arr":["118","155","155X","157","196","197","199","504","540"],"lines":"118, 155, 155X, 157, 196, 197, 199, 504, 540"},"geometry":{"type":"LineString","coordinates":[[17.940872,59.379181],[17.940357,59.379318]]}},{"type":"Feature","properties":{"mode":"bus","n":6,"arr":["118","197","504","504Y","506","540"],"lines":"118, 197, 504, 504Y, 506, 540"},"geometry":{"type":"LineString","coordinates":[[17.970726,59.375816],[17.970747,59.375746]]}},{"type":"Feature","properties":{"mode":"bus","n":6,"arr":["118","199","501","504","506","540"],"lines":"118, 199, 501, 504, 506, 540"},"geometry":{"type":"LineString","coordinates":[[17.970782,59.37647],[17.970869,59.375782],[17.970866,59.375769],[17.970852,59.37576],[17.970828,59.375754],[17.970747,59.375746]]}},{"type":"Feature","properties":{"mode":"bus","n":6,"arr":["122","129","152","197","506","509"],"lines":"122, 129, 152, 197, 506, 509"},"geometry":{"type":"LineString","coordinates":[[17.99739,59.355407],[17.997392,59.355487]]}},{"type":"Feature","properties":{"mode":"bus","n":5,"arr":["122","129","152","197","509"],"lines":"122, 129, 152, 197, 509"},"geometry":{"type":"LineString","coordinates":[[17.997515,59.355408],[17.997491,59.355045],[17.997277,59.354033],[17.997211,59.353971],[17.997198,59.353961],[17.997185,59.353956],[17.997174,59.353956],[17.997164,59.353962],[17.997154,59.353973],[17.997108,59.354041],[17.99739,59.355407]]}},{"type":"Feature","properties":{"mode":"bus","n":5,"arr":["122","129","152","197","509"],"lines":"122, 129, 152, 197, 509"},"geometry":{"type":"LineString","coordinates":[[17.997177,59.353939],[18.001689,59.353733],[18.002166,59.353663],[18.00258,59.35355],[18.002919,59.353423],[18.00338,59.353131],[18.004115,59.352348],[18.004657,59.351647]]}},{"type":"Feature","properties":{"mode":"bus","n":5,"arr":["122","129","152","197","509"],"lines":"122, 129, 152, 197, 509"},"geometry":{"type":"LineString","coordinates":[[18.004682,59.350951],[18.004728,59.351204],[18.004663,59.351611],[18.004662,59.351621],[18.004663,59.351628],[18.004667,59.35163],[18.004672,59.351629],[18.00468,59.351624],[18.00469,59.351615],[18.004786,59.351523],[18.004867,59.351179],[18.004797,59.350868]]}},{"type":"Feature","properties":{"mode":"bus","n":6,"arr":["122","129","152","196","197","509"],"lines":"122, 129, 152, 196, 197, 509"},"geometry":{"type":"LineString","coordinates":[[18.004661,59.350882],[18.004682,59.350951]]}},{"type":"Feature","properties":{"mode":"bus","n":15,"arr":["127","176","176X","177","301","302","304","305","309","311","316","317","318","323","396"],"lines":"127, 176, 176X, 177, 301, 302, 304, 305, 309, 311, 316, 317, 318, 323, 396"},"geometry":{"type":"LineString","coordinates":[[17.919313,59.330758],[17.930104,59.335581],[17.930122,59.335587],[17.930141,59.335589],[17.930158,59.335586],[17.930175,59.335578],[17.930236,59.335541]]}},{"type":"Feature","properties":{"mode":"bus","n":16,"arr":["127","176","176X","177","177E","301","302","304","305","309","311","316","317","318","323","396"],"lines":"127, 176, 176X, 177, 177E, 301, 302, 304, 305, 309, 311, 316, 317, 318, 323, 396"},"geometry":{"type":"LineString","coordinates":[[17.930236,59.335541],[17.936194,59.338217]]}},{"type":"Feature","properties":{"mode":"bus","n":5,"arr":["127","176","176X","316","317"],"lines":"127, 176, 176X, 316, 317"},"geometry":{"type":"LineString","coordinates":[[17.93679,59.337986],[17.937896,59.338532]]}},{"type":"Feature","properties":{"mode":"bus","n":8,"arr":["129","155","155X","176","176E","176X","177","177E"],"lines":"129, 155, 155X, 176, 176E, 176X, 177, 177E"},"geometry":{"type":"LineString","coordinates":[[17.940093,59.339864],[17.940174,59.339955],[17.94071,59.340171],[17.940765,59.340217],[17.941274,59.340372],[17.942217,59.340568],[17.950563,59.342115],[17.951896,59.342386],[17.952514,59.34257],[17.952995,59.342749],[17.954059,59.343226],[17.954709,59.343415],[17.955115,59.343489],[17.957204,59.343673],[17.957989,59.343804],[17.958529,59.343944],[17.95948,59.344346]]}},{"type":"Feature","properties":{"mode":"bus","n":5,"arr":["129","155","155X","176E","198"],"lines":"129, 155, 155X, 176E, 198"},"geometry":{"type":"LineString","coordinates":[[17.93816,59.33909],[17.938105,59.33912],[17.938094,59.339128],[17.93809,59.339136],[17.938095,59.339143],[17.938107,59.339151],[17.93881,59.339476],[17.938982,59.339661]]}},{"type":"Feature","properties":{"mode":"bus","n":5,"arr":["129","155","155X","177","198"],"lines":"129, 155, 155X, 177, 198"},"geometry":{"type":"LineString","coordinates":[[17.937906,59.338736],[17.93831,59.338784]]}},{"type":"Feature","properties":{"mode":"bus","n":8,"arr":["134","147","165","190","191","192","743","745"],"lines":"134, 147, 165, 190, 191, 192, 743, 745"},"geometry":{"type":"LineString","coordinates":[[18.025424,59.308559],[18.026173,59.309079],[18.02703,59.309728]]}},{"type":"Feature","properties":{"mode":"bus","n":5,"arr":["134","147","165","743","745"],"lines":"134, 147, 165, 743, 745"},"geometry":{"type":"LineString","coordinates":[[18.02703,59.309728],[18.027027,59.309824]]}},{"type":"Feature","properties":{"mode":"bus","n":6,"arr":["134","147","165","743","745","748"],"lines":"134, 147, 165, 743, 745, 748"},"geometry":{"type":"LineString","coordinates":[[18.027027,59.309824],[18.026929,59.309893],[18.026246,59.31012],[18.025784,59.310139],[18.025657,59.310108]]}},{"type":"Feature","properties":{"mode":"bus","n":5,"arr":["135","173","191","707","740"],"lines":"135, 173, 191, 707, 740"},"geometry":{"type":"LineString","coordinates":[[17.911109,59.276875],[17.911305,59.275978],[17.911546,59.274508],[17.911472,59.273636],[17.911236,59.27262]]}},{"type":"Feature","properties":{"mode":"bus","n":5,"arr":["135","173","191","707","740"],"lines":"135, 173, 191, 707, 740"},"geometry":{"type":"LineString","coordinates":[[17.911173,59.273106],[17.911271,59.273556],[17.911371,59.274419],[17.911245,59.275263],[17.910928,59.276796]]}},{"type":"Feature","properties":{"mode":"bus","n":9,"arr":["135","173","191","707","710","737","740","792","865"],"lines":"135, 173, 191, 707, 710, 737, 740, 792, 865"},"geometry":{"type":"LineString","coordinates":[[17.911109,59.276875],[17.909433,59.276795]]}},{"type":"Feature","properties":{"mode":"bus","n":9,"arr":["135","173","191","707","710","737","740","792","865"],"lines":"135, 173, 191, 707, 710, 737, 740, 792, 865"},"geometry":{"type":"LineString","coordinates":[[17.910352,59.276785],[17.910928,59.276796]]}},{"type":"Feature","properties":{"mode":"bus","n":5,"arr":["135","191","707","737","865"],"lines":"135, 191, 707, 737, 865"},"geometry":{"type":"LineString","coordinates":[[17.910007,59.276765],[17.90979,59.276742]]}},{"type":"Feature","properties":{"mode":"bus","n":7,"arr":["135","191","707","737","740","792","865"],"lines":"135, 191, 707, 737, 740, 792, 865"},"geometry":{"type":"LineString","coordinates":[[17.910007,59.276765],[17.910164,59.276776]]}},{"type":"Feature","properties":{"mode":"bus","n":8,"arr":["135","191","707","710","737","740","792","865"],"lines":"135, 191, 707, 710, 737, 740, 792, 865"},"geometry":{"type":"LineString","coordinates":[[17.910164,59.276776],[17.910352,59.276785]]}},{"type":"Feature","properties":{"mode":"bus","n":8,"arr":["135","191","707","710","737","740","792","865"],"lines":"135, 191, 707, 710, 737, 740, 792, 865"},"geometry":{"type":"LineString","coordinates":[[17.910928,59.276796],[17.911127,59.276798]]}},{"type":"Feature","properties":{"mode":"bus","n":5,"arr":["142","144","190","726","803"],"lines":"142, 144, 190, 726, 803"},"geometry":{"type":"LineString","coordinates":[[18.014651,59.282089],[18.014582,59.28187],[18.014596,59.281748],[18.01491,59.281211],[18.014901,59.281073],[18.014775,59.280921],[18.014488,59.280802],[18.01154,59.279948],[18.01151,59.279934],[18.011501,59.279918],[18.011512,59.279898],[18.011933,59.279501],[18.011945,59.279481],[18.011937,59.279463],[18.011909,59.279448],[18.010934,59.279087]]}},{"type":"Feature","properties":{"mode":"bus","n":7,"arr":["142","161","163","173","190","726","803"],"lines":"142, 161, 163, 173, 190, 726, 803"},"geometry":{"type":"LineString","coordinates":[[18.009915,59.278672],[18.010934,59.279087]]}},{"type":"Feature","properties":{"mode":"bus","n":5,"arr":["143","172","173","193","803"],"lines":"143, 172, 173, 193, 803"},"geometry":{"type":"LineString","coordinates":[[18.100941,59.260974],[18.094834,59.260054],[18.093571,59.259825],[18.090684,59.259382],[18.083371,59.258329]]}},{"type":"Feature","properties":{"mode":"bus","n":5,"arr":["143","172","173","193","803"],"lines":"143, 172, 173, 193, 803"},"geometry":{"type":"LineString","coordinates":[[18.083363,59.258284],[18.083355,59.258237],[18.083356,59.258226],[18.083363,59.258219],[18.083377,59.258217],[18.083398,59.258218],[18.087208,59.258778],[18.090592,59.259314],[18.097824,59.260395]]}},{"type":"Feature","properties":{"mode":"bus","n":5,"arr":["143","165","167","172","190"],"lines":"143, 165, 167, 172, 190"},"geometry":{"type":"LineString","coordinates":[[18.045666,59.259647],[18.044486,59.260182],[18.043569,59.260658],[18.0434,59.260778],[18.043029,59.261153],[18.042797,59.261588],[18.042773,59.261909],[18.042879,59.262251],[18.042973,59.262397],[18.043368,59.262774],[18.043379,59.262794],[18.04337,59.26281],[18.04334,59.262824],[18.042614,59.263035]]}},{"type":"Feature","properties":{"mode":"bus","n":6,"arr":["143","165","167","172","190","195"],"lines":"143, 165, 167, 172, 190, 195"},"geometry":{"type":"LineString","coordinates":[[18.042614,59.263035],[18.042685,59.263134]]}},{"type":"Feature","properties":{"mode":"bus","n":7,"arr":["143","165","167","172","190","195","744"],"lines":"143, 165, 167, 172, 190, 195, 744"},"geometry":{"type":"LineString","coordinates":[[18.041941,59.263314],[18.0418,59.263215]]}},{"type":"Feature","properties":{"mode":"bus","n":7,"arr":["143","165","167","172","190","195","744"],"lines":"143, 165, 167, 172, 190, 195, 744"},"geometry":{"type":"LineString","coordinates":[[18.042614,59.263035],[18.0418,59.263215],[18.041574,59.263182],[18.041099,59.263013]]}},{"type":"Feature","properties":{"mode":"bus","n":5,"arr":["143","167","172","195","744"],"lines":"143, 167, 172, 195, 744"},"geometry":{"type":"LineString","coordinates":[[18.041099,59.263013],[18.04064,59.262708],[18.040625,59.262694],[18.040624,59.262682],[18.040635,59.262672],[18.04066,59.262663],[18.041347,59.26249],[18.041372,59.262481],[18.041386,59.26247],[18.041387,59.262457],[18.041377,59.262442],[18.040628,59.261722],[18.040125,59.26132],[18.039478,59.260912],[18.038827,59.26059],[18.038072,59.260294]]}},{"type":"Feature","properties":{"mode":"bus","n":8,"arr":["143","161","163","167","173","190","726","803"],"lines":"143, 161, 163, 167, 173, 190, 726, 803"},"geometry":{"type":"LineString","coordinates":[[18.010921,59.274831],[18.008169,59.276835],[18.006517,59.277955],[18.0065,59.277974],[18.006503,59.277992],[18.006527,59.278008],[18.007218,59.278325],[18.007605,59.278465],[18.007642,59.278474],[18.007677,59.278471],[18.007708,59.278458],[18.00808,59.278233],[18.008331,59.278177],[18.008788,59.278216],[18.009354,59.278431]]}},{"type":"Feature","properties":{"mode":"bus","n":6,"arr":["161","163","173","190","726","803"],"lines":"161, 163, 173, 190, 726, 803"},"geometry":{"type":"LineString","coordinates":[[18.009354,59.278431],[18.009915,59.278672]]}},{"type":"Feature","properties":{"mode":"bus","n":22,"arr":["143","172","173","188","193","801","802","803","804","805","806","807","812C","813C","814","815C","818C","822","823","873","875","892"],"lines":"143, 172, 173, 188, 193, 801, 802, 803, 804, 805, 806, 807, 812C, 813C, 814, 815C, 818C, 822, 823, 873, 875, 892"},"geometry":{"type":"LineString","coordinates":[[18.097824,59.260395],[18.101071,59.260891]]}},{"type":"Feature","properties":{"mode":"bus","n":7,"arr":["144","168","193","194","195","791","893"],"lines":"144, 168, 193, 194, 195, 791, 893"},"geometry":{"type":"LineString","coordinates":[[18.08149,59.299251],[18.081092,59.299264]]}},{"type":"Feature","properties":{"mode":"bus","n":5,"arr":["144","163","173","791","803"],"lines":"144, 163, 173, 791, 803"},"geometry":{"type":"LineString","coordinates":[[18.036793,59.280522],[18.035674,59.280158],[18.034773,59.279792]]}},{"type":"Feature","properties":{"mode":"bus","n":5,"arr":["144","163","173","791","803"],"lines":"144, 163, 173, 791, 803"},"geometry":{"type":"LineString","coordinates":[[18.034922,59.27972],[18.036007,59.280125],[18.0371,59.280466]]}},{"type":"Feature","properties":{"mode":"bus","n":6,"arr":["144","192","703","704","707","792"],"lines":"144, 192, 703, 704, 707, 792"},"geometry":{"type":"LineString","coordinates":[[17.96605,59.284983],[17.966094,59.285795],[17.966087,59.285815],[17.966064,59.285828],[17.966026,59.285832],[17.965835,59.285836]]}},{"type":"Feature","properties":{"mode":"bus","n":5,"arr":["144","192","703","707","792"],"lines":"144, 192, 703, 707, 792"},"geometry":{"type":"LineString","coordinates":[[17.9657,59.28636],[17.966045,59.286387],[17.966076,59.286387],[17.966097,59.286382],[17.96611,59.286371],[17.966114,59.286356],[17.966096,59.285831]]}},{"type":"Feature","properties":{"mode":"bus","n":5,"arr":["144","192","704","707","792"],"lines":"144, 192, 704, 707, 792"},"geometry":{"type":"LineString","coordinates":[[17.965835,59.285836],[17.965708,59.285841]]}},{"type":"Feature","properties":{"mode":"bus","n":5,"arr":["147","165","743","745","748"],"lines":"147, 165, 743, 745, 748"},"geometry":{"type":"LineString","coordinates":[[18.024482,59.309322],[18.024588,59.309247],[18.024908,59.309123],[18.025042,59.309002],[18.025013,59.308918],[18.024739,59.3087],[18.02455,59.308471]]}},{"type":"Feature","properties":{"mode":"bus","n":9,"arr":["147","165","190","191","192","726","743","745","748"],"lines":"147, 165, 190, 191, 192, 726, 743, 745, 748"},"geometry":{"type":"LineString","coordinates":[[18.02455,59.308471],[18.023264,59.307485]]}},{"type":"Feature","properties":{"mode":"bus","n":7,"arr":["147","165","190","191","192","743","745"],"lines":"147, 165, 190, 191, 192, 743, 745"},"geometry":{"type":"LineString","coordinates":[[18.024201,59.307704],[18.024564,59.307965]]}},{"type":"Feature","properties":{"mode":"bus","n":7,"arr":["147","165","190","191","192","743","745"],"lines":"147, 165, 190, 191, 192, 743, 745"},"geometry":{"type":"LineString","coordinates":[[18.025248,59.308457],[18.025424,59.308559]]}},{"type":"Feature","properties":{"mode":"bus","n":8,"arr":["147","165","190","191","192","743","745","748"],"lines":"147, 165, 190, 191, 192, 743, 745, 748"},"geometry":{"type":"LineString","coordinates":[[18.024564,59.307965],[18.025248,59.308457]]}},{"type":"Feature","properties":{"mode":"bus","n":7,"arr":["152","176","176X","177","177E","501","505"],"lines":"152, 176, 176X, 177, 177E, 501, 505"},"geometry":{"type":"LineString","coordinates":[[17.99983,59.361683],[17.997577,59.361387],[17.996589,59.361191],[17.995782,59.360983],[17.99505,59.360841]]}},{"type":"Feature","properties":{"mode":"bus","n":8,"arr":["155","155X","175","178","197","517","518","567"],"lines":"155, 155X, 175, 178, 197, 517, 518, 567"},"geometry":{"type":"LineString","coordinates":[[17.913406,59.41583],[17.913472,59.415697],[17.913538,59.415639],[17.913558,59.415608],[17.913545,59.415575],[17.913205,59.415196]]}},{"type":"Feature","properties":{"mode":"bus","n":6,"arr":["175","178","197","517","518","567"],"lines":"175, 178, 197, 517, 518, 567"},"geometry":{"type":"LineString","coordinates":[[17.913205,59.415196],[17.912823,59.415119],[17.91248,59.415176]]}},{"type":"Feature","properties":{"mode":"bus","n":6,"arr":["175","178","197","517","518","567"],"lines":"175, 178, 197, 517, 518, 567"},"geometry":{"type":"LineString","coordinates":[[17.913406,59.41583],[17.913109,59.415762],[17.912967,59.415701],[17.912391,59.415082]]}},{"type":"Feature","properties":{"mode":"bus","n":7,"arr":["155","155X","178","197","517","518","567"],"lines":"155, 155X, 178, 197, 517, 518, 567"},"geometry":{"type":"LineString","coordinates":[[17.915061,59.417685],[17.913854,59.41633]]}},{"type":"Feature","properties":{"mode":"bus","n":6,"arr":["155","197","514","514X","518","567"],"lines":"155, 197, 514, 514X, 518, 567"},"geometry":{"type":"LineString","coordinates":[[17.91991,59.421853],[17.919738,59.421801],[17.919016,59.421445],[17.916561,59.419436],[17.916158,59.419022],[17.91509,59.41778],[17.915061,59.417685]]}},{"type":"Feature","properties":{"mode":"bus","n":6,"arr":["155","537","612","613","685","687"],"lines":"155, 537, 612, 613, 685, 687"},"geometry":{"type":"LineString","coordinates":[[17.937832,59.40741],[17.937709,59.407485]]}},{"type":"Feature","properties":{"mode":"bus","n":6,"arr":["155","179","514","514X","537","613"],"lines":"155, 179, 514, 514X, 537, 613"},"geometry":{"type":"LineString","coordinates":[[17.938003,59.407506],[17.937832,59.40741]]}},{"type":"Feature","properties":{"mode":"bus","n":5,"arr":["155","514","514X","537","613"],"lines":"155, 514, 514X, 537, 613"},"geometry":{"type":"LineString","coordinates":[[17.940012,59.408674],[17.938003,59.407506]]}},{"type":"Feature","properties":{"mode":"bus","n":5,"arr":["155","514","514X","537","613"],"lines":"155, 514, 514X, 537, 613"},"geometry":{"type":"LineString","coordinates":[[17.937872,59.40758],[17.939841,59.408707],[17.939873,59.40872],[17.939907,59.408721],[17.939943,59.408711],[17.94049,59.408482]]}},{"type":"Feature","properties":{"mode":"bus","n":6,"arr":["155","514","514X","518","537","613"],"lines":"155, 514, 514X, 518, 537, 613"},"geometry":{"type":"LineString","coordinates":[[17.94049,59.408482],[17.941121,59.408273],[17.942002,59.40809],[17.943456,59.407929],[17.946996,59.407662],[17.947334,59.407574],[17.947621,59.407432]]}},{"type":"Feature","properties":{"mode":"bus","n":5,"arr":["155","514","518","537","613"],"lines":"155, 514, 518, 537, 613"},"geometry":{"type":"LineString","coordinates":[[17.947621,59.407432],[17.948057,59.407651],[17.949352,59.408484],[17.949375,59.408495],[17.949399,59.408499],[17.949424,59.408497],[17.94945,59.408489],[17.950175,59.408185],[17.950845,59.407944],[17.954876,59.406269],[17.955323,59.406044],[17.955876,59.405626]]}},{"type":"Feature","properties":{"mode":"bus","n":5,"arr":["155","514","518","537","613"],"lines":"155, 514, 518, 537, 613"},"geometry":{"type":"LineString","coordinates":[[17.957782,59.404055],[17.955957,59.405487],[17.955896,59.405591],[17.955891,59.405603],[17.955892,59.40561],[17.9559,59.405613],[17.955913,59.405611],[17.955933,59.405605],[17.956142,59.405527],[17.956467,59.405303],[17.957978,59.404122]]}},{"type":"Feature","properties":{"mode":"bus","n":7,"arr":["155","178","514","518","523","537","613"],"lines":"155, 178, 514, 518, 523, 537, 613"},"geometry":{"type":"LineString","coordinates":[[17.957782,59.404055],[17.959493,59.402706],[17.959506,59.402692],[17.959507,59.402679],[17.959495,59.402667],[17.959472,59.402656],[17.955254,59.401266]]}},{"type":"Feature","properties":{"mode":"bus","n":7,"arr":["155","178","514","518","523","537","613"],"lines":"155, 178, 514, 518, 523, 537, 613"},"geometry":{"type":"LineString","coordinates":[[17.955384,59.401165],[17.953287,59.400472],[17.95325,59.400464],[17.953217,59.400467],[17.953188,59.400482],[17.953096,59.400551]]}},{"type":"Feature","properties":{"mode":"bus","n":6,"arr":["155","178","514","518","523","537"],"lines":"155, 178, 514, 518, 523, 537"},"geometry":{"type":"LineString","coordinates":[[17.945518,59.401499],[17.94577,59.401665],[17.949866,59.403016],[17.949903,59.403024],[17.949936,59.40302],[17.949963,59.403006],[17.953058,59.400581],[17.953085,59.400567],[17.953118,59.400563],[17.953155,59.400571],[17.955254,59.401266]]}},{"type":"Feature","properties":{"mode":"bus","n":6,"arr":["155","178","514","518","523","537"],"lines":"155, 178, 514, 518, 523, 537"},"geometry":{"type":"LineString","coordinates":[[17.957978,59.404122],[17.959822,59.402665],[17.959835,59.402651],[17.959836,59.402638],[17.959824,59.402626],[17.959801,59.402616],[17.955384,59.401165]]}},{"type":"Feature","properties":{"mode":"bus","n":5,"arr":["155","178","514","518","523"],"lines":"155, 178, 514, 518, 523"},"geometry":{"type":"LineString","coordinates":[[17.94577,59.401665],[17.945419,59.401619]]}},{"type":"Feature","properties":{"mode":"bus","n":9,"arr":["155","155X","157","196","197","504","512","540","591"],"lines":"155, 155X, 157, 196, 197, 504, 512, 540, 591"},"geometry":{"type":"LineString","coordinates":[[17.938542,59.38067],[17.938649,59.380548]]}},{"type":"Feature","properties":{"mode":"bus","n":8,"arr":["155","155X","157","196","197","504","512","540"],"lines":"155, 155X, 157, 196, 197, 504, 512, 540"},"geometry":{"type":"LineString","coordinates":[[17.938649,59.380548],[17.939711,59.379859],[17.93984,59.379748],[17.940057,59.379338]]}},{"type":"Feature","properties":{"mode":"bus","n":6,"arr":["155","155X","176","176X","177","177E"],"lines":"155, 155X, 176, 176X, 177, 177E"},"geometry":{"type":"LineString","coordinates":[[17.963832,59.346483],[17.963912,59.346434]]}},{"type":"Feature","properties":{"mode":"bus","n":5,"arr":["155","179","537","613","687"],"lines":"155, 179, 537, 613, 687"},"geometry":{"type":"LineString","coordinates":[[17.93086,59.414256],[17.931066,59.414074],[17.931504,59.413852]]}},{"type":"Feature","properties":{"mode":"bus","n":6,"arr":["155","178","197","517","518","567"],"lines":"155, 178, 197, 517, 518, 567"},"geometry":{"type":"LineString","coordinates":[[17.913854,59.41633],[17.9136,59.415905],[17.913535,59.415859],[17.913406,59.41583]]}},{"type":"Feature","properties":{"mode":"bus","n":6,"arr":["155X","178","197","514","514X","517"],"lines":"155X, 178, 197, 514, 514X, 517"},"geometry":{"type":"LineString","coordinates":[[17.915061,59.417685],[17.919987,59.416526],[17.920422,59.41635],[17.921463,59.415808],[17.921736,59.415706],[17.923805,59.415209],[17.924044,59.415125],[17.924444,59.415027],[17.924477,59.415014],[17.924489,59.414998],[17.92448,59.414978],[17.924145,59.414577],[17.924007,59.414355]]}},{"type":"Feature","properties":{"mode":"bus","n":7,"arr":["155X","178","197","514","514X","517","518"],"lines":"155X, 178, 197, 514, 514X, 517, 518"},"geometry":{"type":"LineString","coordinates":[[17.924007,59.414355],[17.922677,59.41289],[17.92258,59.412744],[17.922517,59.412523],[17.922545,59.41245],[17.922727,59.412277],[17.926997,59.410578],[17.92742,59.410381],[17.927823,59.41015],[17.928741,59.409409],[17.92919,59.409085],[17.929787,59.408702],[17.930511,59.408302],[17.933917,59.406863],[17.934479,59.406685],[17.935056,59.406596]]}},{"type":"Feature","properties":{"mode":"bus","n":6,"arr":["155X","178","197","514","514X","518"],"lines":"155X, 178, 197, 514, 514X, 518"},"geometry":{"type":"LineString","coordinates":[[17.935056,59.406596],[17.936085,59.406535],[17.936284,59.406494]]}},{"type":"Feature","properties":{"mode":"bus","n":5,"arr":["155X","178","179","197","518"],"lines":"155X, 178, 179, 197, 518"},"geometry":{"type":"LineString","coordinates":[[17.936284,59.406494],[17.936889,59.406315],[17.937389,59.406122]]}},{"type":"Feature","properties":{"mode":"bus","n":8,"arr":["155X","178","179","197","518","612","685","687"],"lines":"155X, 178, 179, 197, 518, 612, 685, 687"},"geometry":{"type":"LineString","coordinates":[[17.937389,59.406122],[17.940424,59.40505],[17.940868,59.404866]]}},{"type":"Feature","properties":{"mode":"bus","n":9,"arr":["155X","178","179","197","514X","518","612","685","687"],"lines":"155X, 178, 179, 197, 514X, 518, 612, 685, 687"},"geometry":{"type":"LineString","coordinates":[[17.940868,59.404866],[17.941586,59.404458],[17.942175,59.403989]]}},{"type":"Feature","properties":{"mode":"bus","n":10,"arr":["155X","178","179","197","514X","518","537","612","685","687"],"lines":"155X, 178, 179, 197, 514X, 518, 537, 612, 685, 687"},"geometry":{"type":"LineString","coordinates":[[17.942175,59.403989],[17.941892,59.403899]]}},{"type":"Feature","properties":{"mode":"bus","n":10,"arr":["155X","179","197","514X","517","518","537","612","685","687"],"lines":"155X, 179, 197, 514X, 517, 518, 537, 612, 685, 687"},"geometry":{"type":"LineString","coordinates":[[17.941892,59.403899],[17.943011,59.403053]]}},{"type":"Feature","properties":{"mode":"bus","n":8,"arr":["155X","179","197","514X","518","523","537","612"],"lines":"155X, 179, 197, 514X, 518, 523, 537, 612"},"geometry":{"type":"LineString","coordinates":[[17.943159,59.402938],[17.943011,59.403053]]}},{"type":"Feature","properties":{"mode":"bus","n":8,"arr":["155X","178","179","197","514X","518","523","537"],"lines":"155X, 178, 179, 197, 514X, 518, 523, 537"},"geometry":{"type":"LineString","coordinates":[[17.945317,59.401639],[17.945031,59.401856],[17.944826,59.401957],[17.943469,59.402992],[17.943441,59.403007],[17.943408,59.40301],[17.94337,59.403003],[17.943159,59.402938]]}},{"type":"Feature","properties":{"mode":"bus","n":7,"arr":["155X","178","179","197","518","523","537"],"lines":"155X, 178, 179, 197, 518, 523, 537"},"geometry":{"type":"LineString","coordinates":[[17.944826,59.401957],[17.945061,59.401728],[17.945085,59.401578]]}},{"type":"Feature","properties":{"mode":"bus","n":5,"arr":["155X","157","199","504","512"],"lines":"155X, 157, 199, 504, 512"},"geometry":{"type":"LineString","coordinates":[[17.940087,59.377625],[17.940155,59.377539]]}},{"type":"Feature","properties":{"mode":"bus","n":8,"arr":["155X","178","179","197","514X","518","523","612"],"lines":"155X, 178, 179, 197, 514X, 518, 523, 612"},"geometry":{"type":"LineString","coordinates":[[17.943159,59.402938],[17.943157,59.402875],[17.943042,59.402816],[17.942734,59.402723],[17.94258,59.402723],[17.942474,59.402755]]}},{"type":"Feature","properties":{"mode":"bus","n":11,"arr":["155X","178","179","197","514X","517","518","523","612","685","687"],"lines":"155X, 178, 179, 197, 514X, 517, 518, 523, 612, 685, 687"},"geometry":{"type":"LineString","coordinates":[[17.941245,59.403692],[17.942474,59.402755]]}},{"type":"Feature","properties":{"mode":"bus","n":10,"arr":["155X","178","179","197","514X","517","518","612","685","687"],"lines":"155X, 178, 179, 197, 514X, 517, 518, 612, 685, 687"},"geometry":{"type":"LineString","coordinates":[[17.941245,59.403692],[17.941892,59.403899]]}},{"type":"Feature","properties":{"mode":"bus","n":7,"arr":["156","176","176X","177","501","515","595"],"lines":"156, 176, 176X, 177, 501, 515, 595"},"geometry":{"type":"LineString","coordinates":[[18.020255,59.364009],[18.018401,59.363932],[18.015892,59.363747]]}},{"type":"Feature","properties":{"mode":"bus","n":5,"arr":["156","176","176X","177","501"],"lines":"156, 176, 176X, 177, 501"},"geometry":{"type":"LineString","coordinates":[[18.020199,59.363847],[18.020255,59.364009]]}},{"type":"Feature","properties":{"mode":"bus","n":9,"arr":["156","176","176X","177","508","519","526","591","592"],"lines":"156, 176, 176X, 177, 508, 519, 526, 591, 592"},"geometry":{"type":"LineString","coordinates":[[18.024217,59.363985],[18.022246,59.365192],[18.021627,59.365699],[18.021248,59.365944]]}},{"type":"Feature","properties":{"mode":"bus","n":9,"arr":["156","176","176X","177","508","519","526","591","592"],"lines":"156, 176, 176X, 177, 508, 519, 526, 591, 592"},"geometry":{"type":"LineString","coordinates":[[18.020444,59.366941],[18.020462,59.366516],[18.020865,59.36584],[18.021447,59.365187],[18.022204,59.364563]]}},{"type":"Feature","properties":{"mode":"bus","n":10,"arr":["156","176","176X","177","508","516","519","526","591","592"],"lines":"156, 176, 176X, 177, 508, 516, 519, 526, 591, 592"},"geometry":{"type":"LineString","coordinates":[[18.021248,59.365944],[18.020893,59.366497],[18.020696,59.366966],[18.020589,59.367373],[18.020331,59.369167],[18.020489,59.36964],[18.020581,59.370159],[18.020597,59.370544],[18.020567,59.370871],[18.020358,59.37154]]}},{"type":"Feature","properties":{"mode":"bus","n":10,"arr":["156","176","176X","177","508","516","519","526","591","592"],"lines":"156, 176, 176X, 177, 508, 516, 519, 526, 591, 592"},"geometry":{"type":"LineString","coordinates":[[18.018221,59.371598],[18.018237,59.371388],[18.018509,59.370952],[18.019394,59.37036],[18.019583,59.370199],[18.020017,59.369629],[18.02034,59.36735],[18.020444,59.366941]]}},{"type":"Feature","properties":{"mode":"bus","n":9,"arr":["156","176","176X","177","508","516","526","591","592"],"lines":"156, 176, 176X, 177, 508, 516, 526, 591, 592"},"geometry":{"type":"LineString","coordinates":[[18.020358,59.37154],[18.020132,59.372015],[18.01955,59.372743],[18.019234,59.373038],[18.017316,59.374594],[18.015554,59.376121]]}},{"type":"Feature","properties":{"mode":"bus","n":9,"arr":["156","176","176X","177","508","516","526","591","592"],"lines":"156, 176, 176X, 177, 508, 516, 526, 591, 592"},"geometry":{"type":"LineString","coordinates":[[18.012181,59.378579],[18.014644,59.37626],[18.017532,59.373332],[18.017771,59.373023],[18.017979,59.372658],[18.018099,59.37234],[18.018221,59.371598]]}},{"type":"Feature","properties":{"mode":"bus","n":5,"arr":["156","176","176X","177","508"],"lines":"156, 176, 176X, 177, 508"},"geometry":{"type":"LineString","coordinates":[[18.015554,59.376121],[18.01414,59.377591],[18.014024,59.377757],[18.013952,59.378004],[18.013996,59.378156],[18.014091,59.378293],[18.014286,59.378447],[18.014597,59.378604],[18.015424,59.378852],[18.016283,59.379028],[18.017763,59.379245]]}},{"type":"Feature","properties":{"mode":"bus","n":5,"arr":["156","176","176X","177","508"],"lines":"156, 176, 176X, 177, 508"},"geometry":{"type":"LineString","coordinates":[[18.011893,59.37846],[18.011419,59.378393],[18.011058,59.378367],[18.010894,59.378389],[18.01063,59.378477],[18.010467,59.37861],[18.010416,59.378681],[18.010418,59.378762],[18.010527,59.378897],[18.01075,59.378994]]}},{"type":"Feature","properties":{"mode":"bus","n":11,"arr":["156","157","176","176X","177","178","503","508","509","540","613"],"lines":"156, 157, 176, 176X, 177, 178, 503, 508, 509, 540, 613"},"geometry":{"type":"LineString","coordinates":[[18.017763,59.379245],[18.018844,59.379272],[18.022328,59.379186],[18.023121,59.3792],[18.02373,59.379229],[18.024366,59.379292],[18.026994,59.379586]]}},{"type":"Feature","properties":{"mode":"bus","n":11,"arr":["156","157","176","176X","177","178","503","508","509","540","613"],"lines":"156, 157, 176, 176X, 177, 178, 503, 508, 509, 540, 613"},"geometry":{"type":"LineString","coordinates":[[18.016701,59.3793],[18.01545,59.379124]]}},{"type":"Feature","properties":{"mode":"bus","n":8,"arr":["156","157","176","176X","177","178","508","613"],"lines":"156, 157, 176, 176X, 177, 178, 508, 613"},"geometry":{"type":"LineString","coordinates":[[18.038956,59.379806],[18.03836,59.379782],[18.03769,59.3798],[18.035796,59.379933],[18.033959,59.379987],[18.032556,59.379955],[18.029975,59.379824],[18.027794,59.379677],[18.026994,59.379586]]}},{"type":"Feature","properties":{"mode":"bus","n":8,"arr":["156","157","176","176X","177","178","508","613"],"lines":"156, 157, 176, 176X, 177, 178, 508, 613"},"geometry":{"type":"LineString","coordinates":[[18.026517,59.379667],[18.028381,59.37984],[18.029501,59.379913],[18.032543,59.380072],[18.033958,59.380107],[18.035256,59.380075],[18.037602,59.379907],[18.038325,59.379902],[18.039107,59.379947]]}},{"type":"Feature","properties":{"mode":"bus","n":13,"arr":["156","157","176","176X","177","178","508","509","540","613","690","691","697"],"lines":"156, 157, 176, 176X, 177, 178, 508, 509, 540, 613, 690, 691, 697"},"geometry":{"type":"LineString","coordinates":[[18.039615,59.379878],[18.038956,59.379806]]}},{"type":"Feature","properties":{"mode":"bus","n":12,"arr":["156","157","176","176X","177","178","508","509","613","690","691","697"],"lines":"156, 157, 176, 176X, 177, 178, 508, 509, 613, 690, 691, 697"},"geometry":{"type":"LineString","coordinates":[[18.041205,59.381922],[18.041291,59.381625],[18.041533,59.381397],[18.041705,59.381295],[18.042657,59.380919],[18.042835,59.380786],[18.042909,59.380586],[18.042839,59.380424],[18.042762,59.380354],[18.042579,59.380263],[18.042299,59.3802],[18.039615,59.379878]]}},{"type":"Feature","properties":{"mode":"bus","n":12,"arr":["156","157","176","176X","177","178","508","509","613","690","691","697"],"lines":"156, 157, 176, 176X, 177, 178, 508, 509, 613, 690, 691, 697"},"geometry":{"type":"LineString","coordinates":[[18.039107,59.379947],[18.040261,59.380068],[18.040515,59.380126],[18.040699,59.380231],[18.040771,59.380426],[18.040585,59.381033],[18.040598,59.381406],[18.040733,59.38182],[18.041085,59.382288]]}},{"type":"Feature","properties":{"mode":"bus","n":16,"arr":["156","157","176","176X","177","178","508","509","608","613","670","680","690","691","697","699"],"lines":"156, 157, 176, 176X, 177, 178, 508, 509, 608, 613, 670, 680, 690, 691, 697, 699"},"geometry":{"type":"LineString","coordinates":[[18.042316,59.383771],[18.041385,59.382351],[18.041205,59.381922]]}},{"type":"Feature","properties":{"mode":"bus","n":16,"arr":["156","157","176","176X","177","178","508","509","608","613","670","680","690","691","697","699"],"lines":"156, 157, 176, 176X, 177, 178, 508, 509, 608, 613, 670, 680, 690, 691, 697, 699"},"geometry":{"type":"LineString","coordinates":[[18.041085,59.382288],[18.04221,59.38403]]}},{"type":"Feature","properties":{"mode":"bus","n":15,"arr":["156","157","176","176X","177","178","508","509","613","670","680","690","691","697","699"],"lines":"156, 157, 176, 176X, 177, 178, 508, 509, 613, 670, 680, 690, 691, 697, 699"},"geometry":{"type":"LineString","coordinates":[[18.04381,59.385436],[18.043166,59.384589],[18.042569,59.383961],[18.042316,59.383771]]}},{"type":"Feature","properties":{"mode":"bus","n":15,"arr":["156","157","176","176X","177","178","508","509","613","670","680","690","691","697","699"],"lines":"156, 157, 176, 176X, 177, 178, 508, 509, 613, 670, 680, 690, 691, 697, 699"},"geometry":{"type":"LineString","coordinates":[[18.04221,59.38403],[18.042518,59.384897],[18.042724,59.385317],[18.04292,59.385617]]}},{"type":"Feature","properties":{"mode":"bus","n":16,"arr":["156","157","176","176X","177","178","508","509","601","613","670","680","690","691","697","699"],"lines":"156, 157, 176, 176X, 177, 178, 508, 509, 601, 613, 670, 680, 690, 691, 697, 699"},"geometry":{"type":"LineString","coordinates":[[18.042732,59.388247],[18.043137,59.38639],[18.043115,59.386011],[18.042937,59.385652],[18.042935,59.385631],[18.042951,59.385615],[18.042986,59.385604],[18.04381,59.385436]]}},{"type":"Feature","properties":{"mode":"bus","n":16,"arr":["156","157","176","176X","177","178","508","509","601","613","670","680","690","691","697","699"],"lines":"156, 157, 176, 176X, 177, 178, 508, 509, 601, 613, 670, 680, 690, 691, 697, 699"},"geometry":{"type":"LineString","coordinates":[[18.042575,59.389441],[18.042728,59.388758],[18.042755,59.38836],[18.042739,59.388283],[18.042736,59.388273],[18.042733,59.388267],[18.042729,59.388265],[18.042724,59.388266],[18.042718,59.388272],[18.042712,59.388281],[18.04266,59.388369],[18.042523,59.388939]]}},{"type":"Feature","properties":{"mode":"bus","n":28,"arr":["156","157","176","176X","177","178","508","509","601","602","604X","605","606","607","609","613","624","628","629","670","680","690","691","694","695","697","698","699"],"lines":"156, 157, 176, 176X, 177, 178, 508, 509, 601, 602, 604X, 605, 606, 607, 609, 613, 624, 628, 629, 670, 680, 690, 691, 694, 695, 697, 698, 699"},"geometry":{"type":"LineString","coordinates":[[18.042467,59.390011],[18.042575,59.389441]]}},{"type":"Feature","properties":{"mode":"bus","n":13,"arr":["157","176","176X","177","178","601","613","670","680","690","691","697","699"],"lines":"157, 176, 176X, 177, 178, 601, 613, 670, 680, 690, 691, 697, 699"},"geometry":{"type":"LineString","coordinates":[[18.042418,59.389563],[18.042345,59.389916]]}},{"type":"Feature","properties":{"mode":"bus","n":15,"arr":["157","176","176X","177","178","508","509","601","613","670","680","690","691","697","699"],"lines":"157, 176, 176X, 177, 178, 508, 509, 601, 613, 670, 680, 690, 691, 697, 699"},"geometry":{"type":"LineString","coordinates":[[18.042523,59.388939],[18.042418,59.389563]]}},{"type":"Feature","properties":{"mode":"bus","n":10,"arr":["156","157","176","176X","177","178","508","509","540","613"],"lines":"156, 157, 176, 176X, 177, 178, 508, 509, 540, 613"},"geometry":{"type":"LineString","coordinates":[[18.016701,59.3793],[18.017359,59.379362],[18.018583,59.379393],[18.022295,59.379315],[18.023092,59.379327],[18.024329,59.37942],[18.026517,59.379667]]}},{"type":"Feature","properties":{"mode":"bus","n":9,"arr":["156","157","176","176X","177","503","508","509","540"],"lines":"156, 157, 176, 176X, 177, 503, 508, 509, 540"},"geometry":{"type":"LineString","coordinates":[[18.01545,59.379124],[18.013815,59.378835]]}},{"type":"Feature","properties":{"mode":"bus","n":10,"arr":["156","157","176","176X","177","503","508","509","540","591"],"lines":"156, 157, 176, 176X, 177, 503, 508, 509, 540, 591"},"geometry":{"type":"LineString","coordinates":[[18.013815,59.378835],[18.012975,59.37869],[18.011893,59.37846]]}},{"type":"Feature","properties":{"mode":"bus","n":6,"arr":["156","176","176X","177","508","591"],"lines":"156, 176, 176X, 177, 508, 591"},"geometry":{"type":"LineString","coordinates":[[18.01075,59.378994],[18.0111,59.37903],[18.011399,59.378992],[18.011809,59.37882],[18.012181,59.378579]]}},{"type":"Feature","properties":{"mode":"bus","n":5,"arr":["157","503","509","540","591"],"lines":"157, 503, 509, 540, 591"},"geometry":{"type":"LineString","coordinates":[[18.011893,59.37846],[18.011257,59.378296]]}},{"type":"Feature","properties":{"mode":"bus","n":5,"arr":["157","503","519","540","591"],"lines":"157, 503, 519, 540, 591"},"geometry":{"type":"LineString","coordinates":[[18.00457,59.376916],[18.004122,59.376952]]}},{"type":"Feature","properties":{"mode":"bus","n":5,"arr":["157","503","519","540","591"],"lines":"157, 503, 519, 540, 591"},"geometry":{"type":"LineString","coordinates":[[18.004167,59.376834],[18.004224,59.376832]]}},{"type":"Feature","properties":{"mode":"bus","n":5,"arr":["157","501","505","519","591"],"lines":"157, 501, 505, 519, 591"},"geometry":{"type":"LineString","coordinates":[[17.985165,59.379235],[17.984412,59.37923],[17.983603,59.379259],[17.982872,59.379349],[17.982204,59.379484],[17.981279,59.379771],[17.978864,59.380699],[17.978259,59.380905],[17.977235,59.381161],[17.976409,59.381302]]}},{"type":"Feature","properties":{"mode":"bus","n":5,"arr":["157","501","505","519","591"],"lines":"157, 501, 505, 519, 591"},"geometry":{"type":"LineString","coordinates":[[17.976812,59.381117],[17.977563,59.380962],[17.978356,59.380736],[17.981445,59.37957],[17.982131,59.379371],[17.982832,59.379234],[17.983548,59.37915],[17.983997,59.379121],[17.985163,59.37912]]}},{"type":"Feature","properties":{"mode":"bus","n":5,"arr":["157","501","519","540","591"],"lines":"157, 501, 519, 540, 591"},"geometry":{"type":"LineString","coordinates":[[17.976409,59.381302],[17.97606,59.381345],[17.975071,59.381413],[17.974233,59.381415],[17.973276,59.381358],[17.972046,59.381178],[17.969919,59.380667]]}},{"type":"Feature","properties":{"mode":"bus","n":5,"arr":["157","501","519","540","591"],"lines":"157, 501, 519, 540, 591"},"geometry":{"type":"LineString","coordinates":[[17.970459,59.380663],[17.972112,59.381062],[17.972951,59.381203],[17.973371,59.381248],[17.974157,59.381297],[17.974737,59.381303],[17.975541,59.381269],[17.976024,59.381225]]}},{"type":"Feature","properties":{"mode":"bus","n":6,"arr":["157","501","504Y","519","540","591"],"lines":"157, 501, 504Y, 519, 540, 591"},"geometry":{"type":"LineString","coordinates":[[17.969919,59.380667],[17.96975,59.380625]]}},{"type":"Feature","properties":{"mode":"bus","n":6,"arr":["157","196","197","504","512","540"],"lines":"157, 196, 197, 504, 512, 540"},"geometry":{"type":"LineString","coordinates":[[17.940057,59.379338],[17.940233,59.379347],[17.940357,59.379318]]}},{"type":"Feature","properties":{"mode":"bus","n":6,"arr":["157","178","503","509","540","613"],"lines":"157, 178, 503, 509, 540, 613"},"geometry":{"type":"LineString","coordinates":[[18.010804,59.378033],[18.012243,59.378386],[18.01311,59.378572],[18.015573,59.379013],[18.016988,59.379209],[18.017763,59.379245]]}},{"type":"Feature","properties":{"mode":"bus","n":6,"arr":["161","163","167","173","190","803"],"lines":"161, 163, 167, 173, 190, 803"},"geometry":{"type":"LineString","coordinates":[[18.014756,59.27201],[18.010921,59.274831]]}},{"type":"Feature","properties":{"mode":"bus","n":5,"arr":["161","163","173","190","803"],"lines":"161, 163, 173, 190, 803"},"geometry":{"type":"LineString","coordinates":[[18.013349,59.271754],[18.014252,59.27142],[18.014461,59.271387],[18.014699,59.271397],[18.01483,59.271432],[18.014926,59.2715],[18.01501,59.271663],[18.014756,59.27201]]}},{"type":"Feature","properties":{"mode":"bus","n":5,"arr":["161","163","167","190","726"],"lines":"161, 163, 167, 190, 726"},"geometry":{"type":"LineString","coordinates":[[18.015509,59.27163],[18.013112,59.273372],[18.011081,59.274894]]}},{"type":"Feature","properties":{"mode":"bus","n":7,"arr":["161","163","167","173","190","726","803"],"lines":"161, 163, 167, 173, 190, 726, 803"},"geometry":{"type":"LineString","coordinates":[[18.011081,59.274894],[18.008302,59.276902],[18.007758,59.277242],[18.006616,59.278032]]}},{"type":"Feature","properties":{"mode":"bus","n":7,"arr":["163","173","192","703","704","707","792"],"lines":"163, 173, 192, 703, 704, 707, 792"},"geometry":{"type":"LineString","coordinates":[[17.95784,59.283723],[17.958672,59.284294],[17.958878,59.284423],[17.959092,59.284513],[17.95996,59.284744],[17.961021,59.284958],[17.961296,59.284996],[17.962438,59.285076],[17.96374,59.285123],[17.964626,59.285096],[17.96605,59.284983]]}},{"type":"Feature","properties":{"mode":"bus","n":5,"arr":["163","165","173","791","803"],"lines":"163, 165, 173, 791, 803"},"geometry":{"type":"LineString","coordinates":[[18.034922,59.27972],[18.032451,59.278444],[18.032092,59.278291],[18.031687,59.278173],[18.031079,59.278048]]}},{"type":"Feature","properties":{"mode":"bus","n":5,"arr":["163","165","173","791","803"],"lines":"163, 165, 173, 791, 803"},"geometry":{"type":"LineString","coordinates":[[18.034773,59.279792],[18.032185,59.278456],[18.031544,59.278254],[18.031033,59.278155]]}},{"type":"Feature","properties":{"mode":"bus","n":5,"arr":["165","726","743","745","748"],"lines":"165, 726, 743, 745, 748"},"geometry":{"type":"LineString","coordinates":[[18.023264,59.307485],[18.022407,59.306811],[18.02192,59.306342],[18.019291,59.303469]]}},{"type":"Feature","properties":{"mode":"bus","n":5,"arr":["165","726","743","745","748"],"lines":"165, 726, 743, 745, 748"},"geometry":{"type":"LineString","coordinates":[[18.020382,59.304475],[18.021996,59.306182],[18.022702,59.306859]]}},{"type":"Feature","properties":{"mode":"bus","n":5,"arr":["165","167","185H","185V","190"],"lines":"165, 167, 185H, 185V, 190"},"geometry":{"type":"LineString","coordinates":[[18.078877,59.242127],[18.081008,59.243244],[18.081372,59.243358],[18.081679,59.24341]]}},{"type":"Feature","properties":{"mode":"bus","n":5,"arr":["165","181","184","193","833"],"lines":"165, 181, 184, 193, 833"},"geometry":{"type":"LineString","coordinates":[[18.092347,59.239973],[18.093258,59.240653],[18.093353,59.240693],[18.093701,59.240756],[18.09431,59.240824],[18.094793,59.240939],[18.096255,59.241447],[18.096428,59.241529],[18.096561,59.241708],[18.096494,59.242204],[18.096287,59.242487],[18.095905,59.242762],[18.095269,59.243109],[18.094553,59.243453],[18.094288,59.243609],[18.09414,59.243733]]}},{"type":"Feature","properties":{"mode":"bus","n":8,"arr":["165","167","181","184","185H","185V","193","833"],"lines":"165, 167, 181, 184, 185H, 185V, 193, 833"},"geometry":{"type":"LineString","coordinates":[[18.09414,59.243733],[18.0941,59.243852]]}},{"type":"Feature","properties":{"mode":"bus","n":11,"arr":["165","167","181","184","185H","185V","193","828","830","831","833"],"lines":"165, 167, 181, 184, 185H, 185V, 193, 828, 830, 831, 833"},"geometry":{"type":"LineString","coordinates":[[18.0941,59.243852],[18.094088,59.24404],[18.094128,59.244207]]}},{"type":"Feature","properties":{"mode":"bus","n":9,"arr":["165","167","184","185H","185V","828","830","831","833"],"lines":"165, 167, 184, 185H, 185V, 828, 830, 831, 833"},"geometry":{"type":"LineString","coordinates":[[18.09276,59.243835],[18.092956,59.243931],[18.093643,59.244128],[18.093775,59.244191],[18.093832,59.244208],[18.093897,59.244213],[18.094128,59.244207]]}},{"type":"Feature","properties":{"mode":"bus","n":5,"arr":["165","167","184","185H","185V"],"lines":"165, 167, 184, 185H, 185V"},"geometry":{"type":"LineString","coordinates":[[18.09414,59.243733],[18.09387,59.243718]]}},{"type":"Feature","properties":{"mode":"bus","n":9,"arr":["167","181","184","185H","185V","193","828","830","831"],"lines":"167, 181, 184, 185H, 185V, 193, 828, 830, 831"},"geometry":{"type":"LineString","coordinates":[[18.094128,59.244207],[18.094196,59.244299],[18.094777,59.24474],[18.095023,59.244894],[18.095378,59.245053],[18.095885,59.245179],[18.096108,59.245207],[18.096764,59.245225],[18.097115,59.2452]]}},{"type":"Feature","properties":{"mode":"bus","n":6,"arr":["172","173","180","181","816","890"],"lines":"172, 173, 180, 181, 816, 890"},"geometry":{"type":"LineString","coordinates":[[18.127001,59.265979],[18.125198,59.264562],[18.124788,59.264375],[18.12326,59.263873]]}},{"type":"Feature","properties":{"mode":"bus","n":19,"arr":["172","173","801","802","803","804","805","806","807","812C","813C","814","815C","818C","822","823","873","875","892"],"lines":"172, 173, 801, 802, 803, 804, 805, 806, 807, 812C, 813C, 814, 815C, 818C, 822, 823, 873, 875, 892"},"geometry":{"type":"LineString","coordinates":[[18.122821,59.262605],[18.119621,59.261779],[18.118805,59.261597],[18.117472,59.261371],[18.116259,59.261241],[18.115431,59.26121],[18.108794,59.261201],[18.104387,59.261299],[18.103015,59.261241],[18.102142,59.261151]]}},{"type":"Feature","properties":{"mode":"bus","n":19,"arr":["172","173","801","802","803","804","805","806","807","812C","813C","814","815C","818C","822","823","873","875","892"],"lines":"172, 173, 801, 802, 803, 804, 805, 806, 807, 812C, 813C, 814, 815C, 818C, 822, 823, 873, 875, 892"},"geometry":{"type":"LineString","coordinates":[[18.101071,59.260891],[18.10179,59.260995],[18.10266,59.26108],[18.104155,59.261163],[18.109584,59.261072],[18.11538,59.261096],[18.116547,59.261161],[18.117602,59.26128],[18.119099,59.261528],[18.123475,59.262618]]}},{"type":"Feature","properties":{"mode":"bus","n":5,"arr":["172","726","742","744","791"],"lines":"172, 726, 742, 744, 791"},"geometry":{"type":"LineString","coordinates":[[18.009045,59.25058],[18.008634,59.2502],[18.007649,59.249551],[18.002604,59.246704],[18.001647,59.246243],[18.000883,59.245921],[17.999605,59.245528]]}},{"type":"Feature","properties":{"mode":"bus","n":5,"arr":["172","726","742","744","791"],"lines":"172, 726, 742, 744, 791"},"geometry":{"type":"LineString","coordinates":[[17.999769,59.245445],[18.000374,59.245626],[18.001003,59.245848],[18.001796,59.246176],[18.002786,59.246677],[18.007446,59.249298],[18.008793,59.250109],[18.009288,59.250552]]}},{"type":"Feature","properties":{"mode":"bus","n":6,"arr":["172","704","706","709","726","794"],"lines":"172, 704, 706, 709, 726, 794"},"geometry":{"type":"LineString","coordinates":[[17.979041,59.236927],[17.978981,59.236951]]}},{"type":"Feature","properties":{"mode":"bus","n":5,"arr":["172","704","726","794","865"],"lines":"172, 704, 726, 794, 865"},"geometry":{"type":"LineString","coordinates":[[17.978981,59.236951],[17.97887,59.236834]]}},{"type":"Feature","properties":{"mode":"bus","n":5,"arr":["172","704","726","794","865"],"lines":"172, 704, 726, 794, 865"},"geometry":{"type":"LineString","coordinates":[[17.978537,59.236985],[17.977211,59.236109]]}},{"type":"Feature","properties":{"mode":"bus","n":6,"arr":["172","704","714","726","794","865"],"lines":"172, 704, 714, 726, 794, 865"},"geometry":{"type":"LineString","coordinates":[[17.97887,59.236834],[17.977543,59.235964]]}},{"type":"Feature","properties":{"mode":"bus","n":5,"arr":["172","714","726","794","865"],"lines":"172, 714, 726, 794, 865"},"geometry":{"type":"LineString","coordinates":[[17.977543,59.235964],[17.977385,59.235917]]}},{"type":"Feature","properties":{"mode":"bus","n":6,"arr":["172","709","714","726","794","865"],"lines":"172, 709, 714, 726, 794, 865"},"geometry":{"type":"LineString","coordinates":[[17.977385,59.235917],[17.977015,59.235681],[17.976738,59.235618]]}},{"type":"Feature","properties":{"mode":"bus","n":6,"arr":["172","714","742","791","794","865"],"lines":"172, 714, 742, 791, 794, 865"},"geometry":{"type":"LineString","coordinates":[[17.976738,59.235618],[17.976759,59.235536]]}},{"type":"Feature","properties":{"mode":"bus","n":8,"arr":["172","709","714","726","742","791","794","865"],"lines":"172, 709, 714, 726, 742, 791, 794, 865"},"geometry":{"type":"LineString","coordinates":[[17.974915,59.235438],[17.975409,59.235834],[17.975632,59.235917],[17.975835,59.235951],[17.97606,59.23595],[17.976325,59.235913],[17.976507,59.235846],[17.976669,59.235734],[17.976738,59.235618]]}},{"type":"Feature","properties":{"mode":"bus","n":7,"arr":["172","714","726","742","791","794","865"],"lines":"172, 714, 726, 742, 791, 794, 865"},"geometry":{"type":"LineString","coordinates":[[17.968856,59.231824],[17.971599,59.232911],[17.972157,59.233179],[17.972716,59.233548],[17.973179,59.233925],[17.973685,59.234421],[17.97402,59.234851],[17.974582,59.235767],[17.974735,59.236121],[17.974728,59.236271],[17.974788,59.236501],[17.974746,59.23658],[17.974631,59.236625],[17.974406,59.236643],[17.974105,59.236597],[17.973899,59.236501],[17.973707,59.236353],[17.973635,59.236182],[17.973695,59.236029],[17.97383,59.235879],[17.974232,59.235652],[17.974915,59.235438]]}},{"type":"Feature","properties":{"mode":"bus","n":7,"arr":["172","714","726","742","791","794","865"],"lines":"172, 714, 726, 742, 791, 794, 865"},"geometry":{"type":"LineString","coordinates":[[17.976759,59.235536],[17.976637,59.235308],[17.976451,59.235139],[17.976223,59.234966],[17.976014,59.234862],[17.975683,59.234742],[17.975239,59.234621],[17.974103,59.234426],[17.973967,59.234371],[17.973852,59.234309],[17.973737,59.234187],[17.973513,59.234074],[17.97314,59.233705],[17.972733,59.233408],[17.972023,59.232996],[17.970626,59.232379],[17.969088,59.231807]]}},{"type":"Feature","properties":{"mode":"bus","n":6,"arr":["172","726","742","791","794","865"],"lines":"172, 726, 742, 791, 794, 865"},"geometry":{"type":"LineString","coordinates":[[17.951947,59.22307],[17.953807,59.224278],[17.954759,59.224937],[17.956545,59.226054]]}},{"type":"Feature","properties":{"mode":"bus","n":5,"arr":["172","742","791","794","865"],"lines":"172, 742, 791, 794, 865"},"geometry":{"type":"LineString","coordinates":[[17.951331,59.222702],[17.951947,59.22307]]}},{"type":"Feature","properties":{"mode":"bus","n":7,"arr":["172","711","713","740","742","794","865"],"lines":"172, 711, 713, 740, 742, 794, 865"},"geometry":{"type":"LineString","coordinates":[[17.942866,59.220746],[17.944524,59.220155],[17.944993,59.220041],[17.946087,59.219898]]}},{"type":"Feature","properties":{"mode":"bus","n":7,"arr":["172","711","713","740","742","794","865"],"lines":"172, 711, 713, 740, 742, 794, 865"},"geometry":{"type":"LineString","coordinates":[[17.94681,59.219716],[17.944902,59.219932],[17.94438,59.220064],[17.943123,59.220524],[17.942892,59.22059],[17.942778,59.220599]]}},{"type":"Feature","properties":{"mode":"bus","n":7,"arr":["172","713","726","740","742","794","865"],"lines":"172, 713, 726, 740, 742, 794, 865"},"geometry":{"type":"LineString","coordinates":[[17.938824,59.222292],[17.939325,59.221995],[17.94251,59.220818],[17.942619,59.220796]]}},{"type":"Feature","properties":{"mode":"bus","n":7,"arr":["172","713","726","740","742","794","865"],"lines":"172, 713, 726, 740, 742, 794, 865"},"geometry":{"type":"LineString","coordinates":[[17.942476,59.220688],[17.942261,59.220788],[17.938462,59.222211]]}},{"type":"Feature","properties":{"mode":"bus","n":7,"arr":["172","191","702","707","737","748","795"],"lines":"172, 191, 702, 707, 737, 748, 795"},"geometry":{"type":"LineString","coordinates":[[17.861602,59.247741],[17.861012,59.247971],[17.860805,59.248019]]}},{"type":"Feature","properties":{"mode":"bus","n":6,"arr":["172","191","702","707","737","748"],"lines":"172, 191, 702, 707, 737, 748"},"geometry":{"type":"LineString","coordinates":[[17.861602,59.247741],[17.861683,59.24768]]}},{"type":"Feature","properties":{"mode":"bus","n":6,"arr":["172","191","702","708","738","795"],"lines":"172, 191, 702, 708, 738, 795"},"geometry":{"type":"LineString","coordinates":[[17.824227,59.244258],[17.823362,59.244328],[17.823337,59.244328],[17.823319,59.244324],[17.823307,59.244316],[17.823301,59.244303],[17.823293,59.24425]]}},{"type":"Feature","properties":{"mode":"bus","n":5,"arr":["172","191","708","738","795"],"lines":"172, 191, 708, 738, 795"},"geometry":{"type":"LineString","coordinates":[[17.82613,59.24408],[17.826174,59.244025],[17.826156,59.243976],[17.826137,59.243954],[17.826099,59.243938],[17.826009,59.243914],[17.825683,59.243923],[17.82458,59.244003],[17.824282,59.244053],[17.823795,59.244221],[17.823293,59.24425]]}},{"type":"Feature","properties":{"mode":"bus","n":5,"arr":["172","726","742","791","865"],"lines":"172, 726, 742, 791, 865"},"geometry":{"type":"LineString","coordinates":[[17.956574,59.225907],[17.952382,59.223123],[17.95148,59.222624]]}},{"type":"Feature","properties":{"mode":"bus","n":5,"arr":["172","704","706","726","865"],"lines":"172, 704, 706, 726, 865"},"geometry":{"type":"LineString","coordinates":[[17.978699,59.237052],[17.978537,59.236985]]}},{"type":"Feature","properties":{"mode":"bus","n":7,"arr":["172","704","706","709","726","794","865"],"lines":"172, 704, 706, 709, 726, 794, 865"},"geometry":{"type":"LineString","coordinates":[[17.978981,59.236951],[17.978699,59.237052]]}},{"type":"Feature","properties":{"mode":"bus","n":6,"arr":["172","726","742","744","791","792"],"lines":"172, 726, 742, 744, 791, 792"},"geometry":{"type":"LineString","coordinates":[[17.994012,59.243672],[17.996461,59.24453],[17.997428,59.244816],[17.999769,59.245445]]}},{"type":"Feature","properties":{"mode":"bus","n":5,"arr":["175","178","517","518","567"],"lines":"175, 178, 517, 518, 567"},"geometry":{"type":"LineString","coordinates":[[17.912391,59.415082],[17.912205,59.414895],[17.912069,59.414817],[17.91191,59.414779],[17.911673,59.414785],[17.906675,59.415946]]}},{"type":"Feature","properties":{"mode":"bus","n":5,"arr":["175","178","517","518","567"],"lines":"175, 178, 517, 518, 567"},"geometry":{"type":"LineString","coordinates":[[17.900015,59.413097],[17.89993,59.413125],[17.8999,59.413131],[17.899872,59.413129],[17.899846,59.41312],[17.898558,59.41243]]}},{"type":"Feature","properties":{"mode":"bus","n":6,"arr":["175","550","552H","552V","567","590"],"lines":"175, 550, 552H, 552V, 567, 590"},"geometry":{"type":"LineString","coordinates":[[17.865423,59.41447],[17.865195,59.414375],[17.864993,59.41422],[17.864469,59.413344]]}},{"type":"Feature","properties":{"mode":"bus","n":5,"arr":["175","550","552H","552V","590"],"lines":"175, 550, 552H, 552V, 590"},"geometry":{"type":"LineString","coordinates":[[17.864469,59.413344],[17.863527,59.411726],[17.863456,59.411508],[17.863511,59.411305],[17.864384,59.410404]]}},{"type":"Feature","properties":{"mode":"bus","n":5,"arr":["175","178","518","550","552H"],"lines":"175, 178, 518, 550, 552H"},"geometry":{"type":"LineString","coordinates":[[17.864099,59.409315],[17.860309,59.406053]]}},{"type":"Feature","properties":{"mode":"bus","n":6,"arr":["175","178","518","550","552","552H"],"lines":"175, 178, 518, 550, 552, 552H"},"geometry":{"type":"LineString","coordinates":[[17.860309,59.406053],[17.859086,59.405001],[17.859052,59.404957],[17.859085,59.404887]]}},{"type":"Feature","properties":{"mode":"bus","n":6,"arr":["175","518","541","546H","546V","550"],"lines":"175, 518, 541, 546H, 546V, 550"},"geometry":{"type":"LineString","coordinates":[[17.859085,59.404887],[17.859287,59.404837],[17.861149,59.403977],[17.861258,59.403967],[17.861314,59.403968],[17.861366,59.40398],[17.861464,59.404015],[17.862055,59.404332],[17.862604,59.404664],[17.862895,59.404876],[17.863199,59.40501],[17.863346,59.40505],[17.863555,59.405052],[17.86385,59.404983],[17.863963,59.404929]]}},{"type":"Feature","properties":{"mode":"bus","n":6,"arr":["175","518","541","546H","546V","550"],"lines":"175, 518, 541, 546H, 546V, 550"},"geometry":{"type":"LineString","coordinates":[[17.864459,59.404569],[17.864593,59.404603],[17.865066,59.404573]]}},{"type":"Feature","properties":{"mode":"bus","n":6,"arr":["175","518","541","546H","546V","550"],"lines":"175, 518, 541, 546H, 546V, 550"},"geometry":{"type":"LineString","coordinates":[[17.864446,59.404803],[17.864546,59.404787],[17.864645,59.404726],[17.865552,59.404389]]}},{"type":"Feature","properties":{"mode":"bus","n":5,"arr":["175","518","541","546H","550"],"lines":"175, 518, 541, 546H, 550"},"geometry":{"type":"LineString","coordinates":[[17.863963,59.404929],[17.864213,59.404731],[17.864221,59.404632],[17.864311,59.404584],[17.864459,59.404569]]}},{"type":"Feature","properties":{"mode":"bus","n":5,"arr":["175","518","541","546H","546V"],"lines":"175, 518, 541, 546H, 546V"},"geometry":{"type":"LineString","coordinates":[[17.865552,59.404389],[17.866775,59.403925]]}},{"type":"Feature","properties":{"mode":"bus","n":5,"arr":["175","518","541","546V","550"],"lines":"175, 518, 541, 546V, 550"},"geometry":{"type":"LineString","coordinates":[[17.863963,59.404929],[17.864446,59.404803]]}},{"type":"Feature","properties":{"mode":"bus","n":7,"arr":["175","178","518","550","552","552V","590"],"lines":"175, 178, 518, 550, 552, 552V, 590"},"geometry":{"type":"LineString","coordinates":[[17.859085,59.404887],[17.859194,59.404953],[17.862455,59.407749]]}},{"type":"Feature","properties":{"mode":"bus","n":6,"arr":["175","178","518","550","552V","590"],"lines":"175, 178, 518, 550, 552V, 590"},"geometry":{"type":"LineString","coordinates":[[17.862455,59.407749],[17.864232,59.409272]]}},{"type":"Feature","properties":{"mode":"bus","n":5,"arr":["175","178","550","552V","590"],"lines":"175, 178, 550, 552V, 590"},"geometry":{"type":"LineString","coordinates":[[17.864232,59.409272],[17.864307,59.409334]]}},{"type":"Feature","properties":{"mode":"bus","n":5,"arr":["176","176X","177","178","698"],"lines":"176, 176X, 177, 178, 698"},"geometry":{"type":"LineString","coordinates":[[18.046758,59.392622],[18.04603,59.392352],[18.045916,59.392272],[18.045607,59.392165]]}},{"type":"Feature","properties":{"mode":"bus","n":6,"arr":["176","176E","176X","177","501","505"],"lines":"176, 176E, 176X, 177, 501, 505"},"geometry":{"type":"LineString","coordinates":[[17.99497,59.360929],[17.997896,59.361514],[17.999319,59.361703],[17.999674,59.361769]]}},{"type":"Feature","properties":{"mode":"bus","n":14,"arr":["176","176X","177","301","302","304","305","309","311","316","317","318","323","396"],"lines":"176, 176X, 177, 301, 302, 304, 305, 309, 311, 316, 317, 318, 323, 396"},"geometry":{"type":"LineString","coordinates":[[17.890869,59.323577],[17.890903,59.323623],[17.890919,59.323636],[17.890942,59.323643],[17.890972,59.323643],[17.891316,59.323616],[17.892034,59.323625],[17.895783,59.324073],[17.896144,59.324122],[17.896946,59.324286],[17.915756,59.329382],[17.916573,59.329648],[17.917722,59.330066],[17.919313,59.330758]]}},{"type":"Feature","properties":{"mode":"bus","n":15,"arr":["176","176X","177","177E","301","302","304","305","309","311","316","317","318","323","396"],"lines":"176, 176X, 177, 177E, 301, 302, 304, 305, 309, 311, 316, 317, 318, 323, 396"},"geometry":{"type":"LineString","coordinates":[[17.878284,59.326283],[17.879282,59.326408],[17.879722,59.326429],[17.880449,59.326398],[17.880815,59.326349],[17.881345,59.326237],[17.882588,59.325893],[17.88436,59.325349],[17.884887,59.325144],[17.885578,59.324792],[17.885832,59.32469],[17.886635,59.324438],[17.890127,59.323707],[17.890869,59.323577]]}},{"type":"Feature","properties":{"mode":"bus","n":16,"arr":["176","176X","177","177E","301","302","304","305","309","311","316","317","318","323","333","396"],"lines":"176, 176X, 177, 177E, 301, 302, 304, 305, 309, 311, 316, 317, 318, 323, 333, 396"},"geometry":{"type":"LineString","coordinates":[[17.866828,59.319873],[17.867871,59.320685],[17.868158,59.321036],[17.86847,59.321614],[17.868959,59.323613],[17.869105,59.324029],[17.869202,59.324187],[17.869494,59.324491],[17.869741,59.324649],[17.870504,59.324984],[17.871079,59.325146],[17.871766,59.325277],[17.878284,59.326283]]}},{"type":"Feature","properties":{"mode":"bus","n":15,"arr":["176","176X","177","177E","301","302","304","305","309","311","316","317","318","325","396"],"lines":"176, 176X, 177, 177E, 301, 302, 304, 305, 309, 311, 316, 317, 318, 325, 396"},"geometry":{"type":"LineString","coordinates":[[17.860219,59.311993],[17.860296,59.312946],[17.860444,59.313501],[17.860718,59.314056],[17.861233,59.314799],[17.863586,59.317255],[17.863904,59.317539],[17.865663,59.318899],[17.866237,59.319405],[17.866828,59.319873]]}},{"type":"Feature","properties":{"mode":"bus","n":15,"arr":["176","176X","177","177E","301","302","304","305","309","311","316","317","318","325","396"],"lines":"176, 176X, 177, 177E, 301, 302, 304, 305, 309, 311, 316, 317, 318, 325, 396"},"geometry":{"type":"LineString","coordinates":[[17.855602,59.304943],[17.855774,59.305252],[17.856239,59.305741],[17.856628,59.306025],[17.857677,59.306615],[17.858706,59.30726],[17.859404,59.307801],[17.859753,59.308138],[17.860089,59.308527],[17.860349,59.308865],[17.860572,59.309245],[17.860666,59.309497],[17.860706,59.309766],[17.860654,59.310323],[17.860381,59.310997]]}},{"type":"Feature","properties":{"mode":"bus","n":15,"arr":["176","176X","177","177E","301","302","304","305","309","311","316","317","318","325","396"],"lines":"176, 176X, 177, 177E, 301, 302, 304, 305, 309, 311, 316, 317, 318, 325, 396"},"geometry":{"type":"LineString","coordinates":[[17.853319,59.300864],[17.854154,59.301834],[17.854481,59.302282],[17.854976,59.303142],[17.855222,59.3038]]}},{"type":"Feature","properties":{"mode":"bus","n":15,"arr":["176","176X","177","177E","301","302","304","305","309","311","316","317","318","325","396"],"lines":"176, 176X, 177, 177E, 301, 302, 304, 305, 309, 311, 316, 317, 318, 325, 396"},"geometry":{"type":"LineString","coordinates":[[17.814879,59.293542],[17.818355,59.29307],[17.819159,59.292992],[17.819936,59.292953],[17.821224,59.292964],[17.82482,59.293247],[17.827118,59.293512],[17.829717,59.294051],[17.831575,59.294309],[17.832721,59.294408],[17.835493,59.294552],[17.836609,59.294653],[17.837917,59.294854],[17.83875,59.295048],[17.841802,59.295944],[17.842489,59.296089],[17.84714,59.296797]]}},{"type":"Feature","properties":{"mode":"bus","n":11,"arr":["176","176X","302","304","305","309","311","316","317","318","396"],"lines":"176, 176X, 302, 304, 305, 309, 311, 316, 317, 318, 396"},"geometry":{"type":"LineString","coordinates":[[17.812163,59.293842],[17.813626,59.293728],[17.814879,59.293542]]}},{"type":"Feature","properties":{"mode":"bus","n":12,"arr":["176","176X","302","304","305","309","311","316","317","318","340","396"],"lines":"176, 176X, 302, 304, 305, 309, 311, 316, 317, 318, 340, 396"},"geometry":{"type":"LineString","coordinates":[[17.81182,59.293913],[17.812163,59.293842]]}},{"type":"Feature","properties":{"mode":"bus","n":13,"arr":["176","176X","177","301","302","304","305","309","311","317","325","340","396"],"lines":"176, 176X, 177, 301, 302, 304, 305, 309, 311, 317, 325, 340, 396"},"geometry":{"type":"LineString","coordinates":[[17.810548,59.293328],[17.810709,59.2935],[17.810907,59.293605],[17.81127,59.293654]]}},{"type":"Feature","properties":{"mode":"bus","n":14,"arr":["176","176X","177","177E","301","302","304","305","309","311","317","325","340","396"],"lines":"176, 176X, 177, 177E, 301, 302, 304, 305, 309, 311, 317, 325, 340, 396"},"geometry":{"type":"LineString","coordinates":[[17.808337,59.290717],[17.809307,59.29152],[17.809762,59.291953],[17.809873,59.292102],[17.810116,59.292702],[17.810548,59.293328],[17.810765,59.293439],[17.811035,59.293513],[17.811492,59.293551]]}},{"type":"Feature","properties":{"mode":"bus","n":13,"arr":["176","176X","177","177E","301","302","304","305","309","311","317","325","396"],"lines":"176, 176X, 177, 177E, 301, 302, 304, 305, 309, 311, 317, 325, 396"},"geometry":{"type":"LineString","coordinates":[[17.811492,59.293551],[17.812023,59.293624]]}},{"type":"Feature","properties":{"mode":"bus","n":12,"arr":["176","176X","177","177E","301","302","304","309","311","317","325","396"],"lines":"176, 176X, 177, 177E, 301, 302, 304, 309, 311, 317, 325, 396"},"geometry":{"type":"LineString","coordinates":[[17.812023,59.293624],[17.812602,59.293671],[17.813826,59.293657],[17.814879,59.293542]]}},{"type":"Feature","properties":{"mode":"bus","n":12,"arr":["176","176X","177","177E","302","305","309","311","317","325","340","396"],"lines":"176, 176X, 177, 177E, 302, 305, 309, 311, 317, 325, 340, 396"},"geometry":{"type":"LineString","coordinates":[[17.808226,59.29075],[17.808337,59.290717]]}},{"type":"Feature","properties":{"mode":"bus","n":10,"arr":["176","177","177E","302","305","309","311","311E","340","396"],"lines":"176, 177, 177E, 302, 305, 309, 311, 311E, 340, 396"},"geometry":{"type":"LineString","coordinates":[[17.806955,59.289865],[17.807317,59.290002],[17.808226,59.29075]]}},{"type":"Feature","properties":{"mode":"bus","n":8,"arr":["176","176X","315","316","317","318","340","396"],"lines":"176, 176X, 315, 316, 317, 318, 340, 396"},"geometry":{"type":"LineString","coordinates":[[17.747484,59.324866],[17.747826,59.324742],[17.750289,59.323619]]}},{"type":"Feature","properties":{"mode":"bus","n":9,"arr":["176","176X","313","315","316","317","318","340","396"],"lines":"176, 176X, 313, 315, 316, 317, 318, 340, 396"},"geometry":{"type":"LineString","coordinates":[[17.747284,59.325058],[17.747406,59.325026],[17.74747,59.324979],[17.747484,59.324866]]}},{"type":"Feature","properties":{"mode":"bus","n":7,"arr":["176","176X","313","316","317","340","396"],"lines":"176, 176X, 313, 316, 317, 340, 396"},"geometry":{"type":"LineString","coordinates":[[17.746946,59.324959],[17.747016,59.325014],[17.747061,59.325038],[17.747122,59.325048],[17.747284,59.325058]]}},{"type":"Feature","properties":{"mode":"bus","n":6,"arr":["176","176X","316","317","340","396"],"lines":"176, 176X, 316, 317, 340, 396"},"geometry":{"type":"LineString","coordinates":[[17.695405,59.34064],[17.695278,59.340331],[17.695214,59.340252],[17.695005,59.340108],[17.694817,59.340031],[17.692639,59.339381],[17.69179,59.339061],[17.691203,59.338803],[17.690845,59.338547],[17.690094,59.337853],[17.689707,59.337323],[17.689384,59.336736],[17.689122,59.336427],[17.688822,59.336255],[17.686916,59.335398],[17.686035,59.335093],[17.685874,59.335006],[17.685856,59.334993],[17.68585,59.334981],[17.685858,59.334968],[17.685878,59.334956],[17.686879,59.334514],[17.687949,59.334182],[17.688342,59.333971],[17.689104,59.333442],[17.689595,59.333167],[17.690284,59.332869],[17.691125,59.332596],[17.691628,59.332331],[17.692393,59.331831],[17.692759,59.331682],[17.693119,59.331609],[17.693383,59.331588],[17.697812,59.331337],[17.698141,59.331335],[17.699459,59.331417],[17.700087,59.331429],[17.702357,59.331352],[17.70317,59.33136],[17.704293,59.331477],[17.704784,59.331503],[17.705005,59.331491],[17.705404,59.331405],[17.705785,59.331262],[17.706176,59.331063],[17.708189,59.329888],[17.708685,59.329556],[17.710887,59.327655],[17.711519,59.327145],[17.711642,59.326935],[17.711725,59.326325],[17.711777,59.326206],[17.712001,59.325986],[17.712127,59.325902],[17.712762,59.325662],[17.714618,59.325038],[17.714949,59.324971],[17.715253,59.324965],[17.715482,59.324993],[17.7202,59.325772],[17.721995,59.32602],[17.728212,59.326279],[17.729626,59.326317],[17.730156,59.326346],[17.731278,59.326481],[17.731606,59.326485],[17.73216,59.32644],[17.732464,59.326388],[17.733124,59.326225],[17.733772,59.326015],[17.734153,59.325858],[17.735071,59.325413],[17.735384,59.32532],[17.735984,59.325227],[17.737352,59.325254],[17.739577,59.325149],[17.746946,59.324959]]}},{"type":"Feature","properties":{"mode":"bus","n":6,"arr":["176","176X","316","317","340","396"],"lines":"176, 176X, 316, 317, 340, 396"},"geometry":{"type":"LineString","coordinates":[[17.695361,59.340501],[17.695639,59.340573],[17.696017,59.340772],[17.696048,59.340801],[17.696056,59.340817],[17.69605,59.340833],[17.695991,59.340901]]}},{"type":"Feature","properties":{"mode":"bus","n":5,"arr":["176","176X","317","340","396"],"lines":"176, 176X, 317, 340, 396"},"geometry":{"type":"LineString","coordinates":[[17.810998,59.29385],[17.81041,59.29333],[17.810142,59.292983],[17.809628,59.291967],[17.809381,59.291748]]}},{"type":"Feature","properties":{"mode":"bus","n":6,"arr":["176","176X","311E","317","340","396"],"lines":"176, 176X, 311E, 317, 340, 396"},"geometry":{"type":"LineString","coordinates":[[17.809381,59.291748],[17.808226,59.29075]]}},{"type":"Feature","properties":{"mode":"bus","n":11,"arr":["176","176X","177","177E","304","309","311","316","317","318","396"],"lines":"176, 176X, 177, 177E, 304, 309, 311, 316, 317, 318, 396"},"geometry":{"type":"LineString","coordinates":[[17.855674,59.304488],[17.855601,59.304768],[17.855602,59.304943]]}},{"type":"Feature","properties":{"mode":"bus","n":12,"arr":["176","176X","177","177E","301","302","304","309","311","317","318","325"],"lines":"176, 176X, 177, 177E, 301, 302, 304, 309, 311, 317, 318, 325"},"geometry":{"type":"LineString","coordinates":[[17.860416,59.311566],[17.860285,59.311715],[17.860219,59.311993]]}},{"type":"Feature","properties":{"mode":"bus","n":14,"arr":["176","176X","177","177E","301","302","304","309","311","316","317","318","323","396"],"lines":"176, 176X, 177, 177E, 301, 302, 304, 309, 311, 316, 317, 318, 323, 396"},"geometry":{"type":"LineString","coordinates":[[17.890869,59.323577],[17.891381,59.323543],[17.892302,59.323602],[17.895829,59.324019],[17.896741,59.324176],[17.901531,59.325434],[17.904741,59.32633],[17.91532,59.329192],[17.916211,59.329451],[17.917943,59.330059],[17.919445,59.330697],[17.921536,59.33166],[17.930236,59.335541]]}},{"type":"Feature","properties":{"mode":"bus","n":6,"arr":["176","176X","177","177E","501","505"],"lines":"176, 176X, 177, 177E, 501, 505"},"geometry":{"type":"LineString","coordinates":[[18.000137,59.361713],[17.99983,59.361683]]}},{"type":"Feature","properties":{"mode":"bus","n":28,"arr":["176","176X","177","178","601","602","604","604X","605","606","607","609","610","610E","611","613","624","628","629","670","680","690","691","694","695","697","698","699"],"lines":"176, 176X, 177, 178, 601, 602, 604, 604X, 605, 606, 607, 609, 610, 610E, 611, 613, 624, 628, 629, 670, 680, 690, 691, 694, 695, 697, 698, 699"},"geometry":{"type":"LineString","coordinates":[[18.042258,59.391191],[18.042467,59.390011]]}},{"type":"Feature","properties":{"mode":"bus","n":13,"arr":["176","176X","177","178","610E","624","628","670","670X","680","694","698","699"],"lines":"176, 176X, 177, 178, 610E, 624, 628, 670, 670X, 680, 694, 698, 699"},"geometry":{"type":"LineString","coordinates":[[18.045607,59.392165],[18.04413,59.391867],[18.042535,59.391637],[18.042391,59.391575]]}},{"type":"Feature","properties":{"mode":"bus","n":7,"arr":["177","302","309","311","311E","340","396"],"lines":"177, 302, 309, 311, 311E, 340, 396"},"geometry":{"type":"LineString","coordinates":[[17.801014,59.28695],[17.799797,59.286675]]}},{"type":"Feature","properties":{"mode":"bus","n":7,"arr":["177","302","309","311","311E","340","396"],"lines":"177, 302, 309, 311, 311E, 340, 396"},"geometry":{"type":"LineString","coordinates":[[17.789965,59.27938],[17.790063,59.279787]]}},{"type":"Feature","properties":{"mode":"bus","n":8,"arr":["177","177E","302","309","311","311E","340","396"],"lines":"177, 177E, 302, 309, 311, 311E, 340, 396"},"geometry":{"type":"LineString","coordinates":[[17.792932,59.285491],[17.793152,59.285598],[17.793555,59.285697],[17.799797,59.286675]]}},{"type":"Feature","properties":{"mode":"bus","n":8,"arr":["177","177E","302","309","311","311E","340","396"],"lines":"177, 177E, 302, 309, 311, 311E, 340, 396"},"geometry":{"type":"LineString","coordinates":[[17.789236,59.278576],[17.789754,59.279029],[17.789965,59.27938]]}},{"type":"Feature","properties":{"mode":"bus","n":9,"arr":["177","177E","302","305","309","311","311E","340","396"],"lines":"177, 177E, 302, 305, 309, 311, 311E, 340, 396"},"geometry":{"type":"LineString","coordinates":[[17.790141,59.279945],[17.790427,59.280336],[17.79208,59.284026],[17.792646,59.285193],[17.792777,59.285377],[17.792932,59.285491]]}},{"type":"Feature","properties":{"mode":"bus","n":7,"arr":["177","177E","309","311","311E","340","396"],"lines":"177, 177E, 309, 311, 311E, 340, 396"},"geometry":{"type":"LineString","coordinates":[[17.784206,59.275922],[17.784391,59.276014],[17.785976,59.277125],[17.786492,59.27745],[17.788782,59.278363],[17.789236,59.278576]]}},{"type":"Feature","properties":{"mode":"bus","n":5,"arr":["177","177E","309","311","396"],"lines":"177, 177E, 309, 311, 396"},"geometry":{"type":"LineString","coordinates":[[17.789965,59.27938],[17.790229,59.279698],[17.79031,59.279753]]}},{"type":"Feature","properties":{"mode":"bus","n":7,"arr":["177","177E","302","309","311","340","396"],"lines":"177, 177E, 302, 309, 311, 340, 396"},"geometry":{"type":"LineString","coordinates":[[17.799797,59.286675],[17.80071,59.286818],[17.801125,59.286858]]}},{"type":"Feature","properties":{"mode":"bus","n":8,"arr":["177","177E","301","302","311","316","325","396"],"lines":"177, 177E, 301, 302, 311, 316, 325, 396"},"geometry":{"type":"LineString","coordinates":[[17.860453,59.311265],[17.860397,59.311175],[17.860381,59.310997]]}},{"type":"Feature","properties":{"mode":"bus","n":12,"arr":["178","541","542","544","547","552H","553H","553V","564H","564V","564Y","567"],"lines":"178, 541, 542, 544, 547, 552H, 553H, 553V, 564H, 564V, 564Y, 567"},"geometry":{"type":"LineString","coordinates":[[17.831768,59.422068],[17.83232,59.422075],[17.832532,59.422168],[17.832599,59.422277],[17.832569,59.423343]]}},{"type":"Feature","properties":{"mode":"bus","n":10,"arr":["178","541","543","544","553H","553V","564H","564V","564Y","591"],"lines":"178, 541, 543, 544, 553H, 553V, 564H, 564V, 564Y, 591"},"geometry":{"type":"LineString","coordinates":[[17.830885,59.420489],[17.831613,59.421446],[17.831729,59.421729],[17.831768,59.422068]]}},{"type":"Feature","properties":{"mode":"bus","n":6,"arr":["178","541","543","553H","564H","591"],"lines":"178, 541, 543, 553H, 564H, 591"},"geometry":{"type":"LineString","coordinates":[[17.82834,59.414825],[17.828336,59.414881]]}},{"type":"Feature","properties":{"mode":"bus","n":5,"arr":["178","541","543","553H","591"],"lines":"178, 541, 543, 553H, 591"},"geometry":{"type":"LineString","coordinates":[[17.828623,59.413289],[17.828512,59.413713],[17.82834,59.414825]]}},{"type":"Feature","properties":{"mode":"bus","n":6,"arr":["178","541","543","553H","553V","591"],"lines":"178, 541, 543, 553H, 553V, 591"},"geometry":{"type":"LineString","coordinates":[[17.835033,59.410087],[17.83199,59.410683],[17.83144,59.410826],[17.830837,59.411023],[17.830181,59.411299],[17.829628,59.411638],[17.829273,59.411937],[17.828993,59.412265],[17.828798,59.412592],[17.828623,59.413289]]}},{"type":"Feature","properties":{"mode":"bus","n":5,"arr":["178","541","543","552","552H"],"lines":"178, 541, 543, 552, 552H"},"geometry":{"type":"LineString","coordinates":[[17.841586,59.406899],[17.841349,59.407189]]}},{"type":"Feature","properties":{"mode":"bus","n":7,"arr":["178","541","543","552","552H","552V","590"],"lines":"178, 541, 543, 552, 552H, 552V, 590"},"geometry":{"type":"LineString","coordinates":[[17.84368,59.406231],[17.843374,59.406203],[17.843013,59.406214],[17.842641,59.406264],[17.842431,59.406315],[17.841963,59.406524],[17.841586,59.406899]]}},{"type":"Feature","properties":{"mode":"bus","n":8,"arr":["178","541","546H","546V","552","552H","552V","590"],"lines":"178, 541, 546H, 546V, 552, 552H, 552V, 590"},"geometry":{"type":"LineString","coordinates":[[17.859085,59.404887],[17.85554,59.404802],[17.852377,59.4047],[17.850425,59.404687],[17.848965,59.404854],[17.847911,59.405066],[17.846929,59.405362],[17.845026,59.406135],[17.844766,59.406199],[17.84368,59.406231]]}},{"type":"Feature","properties":{"mode":"bus","n":5,"arr":["178","516","523","526","592"],"lines":"178, 516, 523, 526, 592"},"geometry":{"type":"LineString","coordinates":[[17.973969,59.408686],[17.973187,59.40909],[17.972203,59.409504],[17.970001,59.410329]]}},{"type":"Feature","properties":{"mode":"bus","n":5,"arr":["178","516","526","592","613"],"lines":"178, 516, 526, 592, 613"},"geometry":{"type":"LineString","coordinates":[[17.991894,59.391651],[17.995738,59.390398],[17.996825,59.389999],[17.997855,59.389586],[17.999238,59.388959],[18.000158,59.388484],[18.001138,59.387882],[18.002552,59.386861],[18.007876,59.382527],[18.009641,59.381045],[18.010773,59.379782]]}},{"type":"Feature","properties":{"mode":"bus","n":5,"arr":["178","516","526","592","613"],"lines":"178, 516, 526, 592, 613"},"geometry":{"type":"LineString","coordinates":[[18.011799,59.379662],[18.011247,59.380156],[18.010042,59.381129],[18.008824,59.381995],[18.002791,59.386931],[18.00136,59.387968],[18.000293,59.388602],[17.999364,59.38907],[17.997946,59.389718],[17.996889,59.39014],[17.995834,59.39052],[17.992563,59.39158]]}},{"type":"Feature","properties":{"mode":"bus","n":5,"arr":["178","541","543","553V","591"],"lines":"178, 541, 543, 553V, 591"},"geometry":{"type":"LineString","coordinates":[[17.828623,59.413289],[17.828613,59.413716],[17.828478,59.414824]]}},{"type":"Feature","properties":{"mode":"bus","n":7,"arr":["178","541","543","553H","553V","564V","591"],"lines":"178, 541, 543, 553H, 553V, 564V, 591"},"geometry":{"type":"LineString","coordinates":[[17.828478,59.414824],[17.828486,59.414881]]}},{"type":"Feature","properties":{"mode":"bus","n":8,"arr":["542","543","544","547","552H","564V","567","591"],"lines":"542, 543, 544, 547, 552H, 564V, 567, 591"},"geometry":{"type":"LineString","coordinates":[[17.831672,59.423781],[17.831671,59.424071],[17.831743,59.424205]]}},{"type":"Feature","properties":{"mode":"bus","n":13,"arr":["178","541","542","543","544","547","552H","553H","553V","564V","564Y","567","591"],"lines":"178, 541, 542, 543, 544, 547, 552H, 553H, 553V, 564V, 564Y, 567, 591"},"geometry":{"type":"LineString","coordinates":[[17.831768,59.422068],[17.831677,59.422195],[17.831672,59.423781]]}},{"type":"Feature","properties":{"mode":"bus","n":12,"arr":["179","197","520","525","526","527","528","567","592","613","627","687"],"lines":"179, 197, 520, 525, 526, 527, 528, 567, 592, 613, 627, 687"},"geometry":{"type":"LineString","coordinates":[[17.947799,59.43016],[17.948682,59.429339]]}},{"type":"Feature","properties":{"mode":"bus","n":8,"arr":["179","197","523","526","567","592","613","687"],"lines":"179, 197, 523, 526, 567, 592, 613, 687"},"geometry":{"type":"LineString","coordinates":[[17.948682,59.429339],[17.948381,59.429224],[17.94834,59.429199],[17.948332,59.429167],[17.948373,59.428973],[17.948459,59.428826],[17.94956,59.427713],[17.951321,59.42602],[17.952287,59.424988],[17.952676,59.424717],[17.953215,59.424484],[17.953689,59.424346],[17.954552,59.42419]]}},{"type":"Feature","properties":{"mode":"bus","n":6,"arr":["179","197","516","567","613","687"],"lines":"179, 197, 516, 567, 613, 687"},"geometry":{"type":"LineString","coordinates":[[17.946127,59.422687],[17.946203,59.422736]]}},{"type":"Feature","properties":{"mode":"bus","n":7,"arr":["179","197","567","612","613","685","687"],"lines":"179, 197, 567, 612, 613, 685, 687"},"geometry":{"type":"LineString","coordinates":[[17.930552,59.414651],[17.93078,59.414688],[17.930994,59.414756],[17.932136,59.415413]]}},{"type":"Feature","properties":{"mode":"bus","n":7,"arr":["179","197","567","612","613","685","687"],"lines":"179, 197, 567, 612, 613, 685, 687"},"geometry":{"type":"LineString","coordinates":[[17.937329,59.417205],[17.933868,59.4161],[17.933319,59.415899],[17.932943,59.41571],[17.931534,59.414818]]}},{"type":"Feature","properties":{"mode":"bus","n":6,"arr":["179","514","514X","612","685","687"],"lines":"179, 514, 514X, 612, 685, 687"},"geometry":{"type":"LineString","coordinates":[[17.937832,59.40741],[17.936284,59.406494]]}},{"type":"Feature","properties":{"mode":"bus","n":5,"arr":["181","193","828","830","831"],"lines":"181, 193, 828, 830, 831"},"geometry":{"type":"LineString","coordinates":[[18.103246,59.24215],[18.103831,59.242026],[18.103969,59.242015]]}},{"type":"Feature","properties":{"mode":"bus","n":8,"arr":["181","184","185H","185V","193","828","830","831"],"lines":"181, 184, 185H, 185V, 193, 828, 830, 831"},"geometry":{"type":"LineString","coordinates":[[18.102868,59.242272],[18.102479,59.242493],[18.102263,59.24267],[18.101765,59.243208],[18.101381,59.243465],[18.098205,59.24487],[18.097631,59.24507],[18.097115,59.2452]]}},{"type":"Feature","properties":{"mode":"bus","n":6,"arr":["181","184","190","193","833","893"],"lines":"181, 184, 190, 193, 833, 893"},"geometry":{"type":"LineString","coordinates":[[18.092347,59.239973],[18.09308,59.239694],[18.093329,59.239543],[18.093493,59.23933],[18.093516,59.239078]]}},{"type":"Feature","properties":{"mode":"bus","n":6,"arr":["181","184","190","193","833","893"],"lines":"181, 184, 190, 193, 833, 893"},"geometry":{"type":"LineString","coordinates":[[18.095968,59.235614],[18.095244,59.23574],[18.094892,59.235841],[18.094467,59.236015],[18.093498,59.236575],[18.092551,59.237179],[18.092253,59.237406],[18.092085,59.237483]]}},{"type":"Feature","properties":{"mode":"bus","n":8,"arr":["181","184","185H","185V","190","193","833","893"],"lines":"181, 184, 185H, 185V, 190, 193, 833, 893"},"geometry":{"type":"LineString","coordinates":[[18.093516,59.239078],[18.093388,59.238855],[18.092677,59.23814],[18.092423,59.237991],[18.092238,59.237945]]}},{"type":"Feature","properties":{"mode":"bus","n":7,"arr":["181","184","190","193","742","833","893"],"lines":"181, 184, 190, 193, 742, 833, 893"},"geometry":{"type":"LineString","coordinates":[[18.096136,59.235596],[18.095968,59.235614]]}},{"type":"Feature","properties":{"mode":"bus","n":7,"arr":["181","184","190","193","742","833","893"],"lines":"181, 184, 190, 193, 742, 833, 893"},"geometry":{"type":"LineString","coordinates":[[18.101692,59.236217],[18.100938,59.236117],[18.098868,59.235755],[18.098265,59.235674],[18.097589,59.235616],[18.096977,59.235599],[18.096286,59.235657]]}},{"type":"Feature","properties":{"mode":"bus","n":5,"arr":["181","190","193","742","833"],"lines":"181, 190, 193, 742, 833"},"geometry":{"type":"LineString","coordinates":[[18.097607,59.235541],[18.096975,59.235532],[18.096136,59.235596]]}},{"type":"Feature","properties":{"mode":"bus","n":5,"arr":["181","190","193","742","833"],"lines":"181, 190, 193, 742, 833"},"geometry":{"type":"LineString","coordinates":[[18.096286,59.235657],[18.096177,59.235677],[18.096139,59.23568],[18.096104,59.235676],[18.096073,59.235665],[18.095968,59.235614]]}},{"type":"Feature","properties":{"mode":"bus","n":6,"arr":["181","190","193","742","833","893"],"lines":"181, 190, 193, 742, 833, 893"},"geometry":{"type":"LineString","coordinates":[[18.101653,59.236105],[18.100618,59.235975],[18.098589,59.235628],[18.097607,59.235541]]}},{"type":"Feature","properties":{"mode":"bus","n":5,"arr":["181","190","742","833","893"],"lines":"181, 190, 742, 833, 893"},"geometry":{"type":"LineString","coordinates":[[18.102003,59.236137],[18.101653,59.236105]]}},{"type":"Feature","properties":{"mode":"bus","n":5,"arr":["185H","185V","190","833","893"],"lines":"185H, 185V, 190, 833, 893"},"geometry":{"type":"LineString","coordinates":[[18.093516,59.239078],[18.093674,59.239057]]}},{"type":"Feature","properties":{"mode":"bus","n":11,"arr":["188","193","194","195","804","805","814","816","890","892","893"],"lines":"188, 193, 194, 195, 804, 805, 814, 816, 890, 892, 893"},"geometry":{"type":"LineString","coordinates":[[18.081777,59.298281],[18.081709,59.298374],[18.081689,59.29839],[18.081661,59.298398],[18.081623,59.298397],[18.081507,59.298381]]}},{"type":"Feature","properties":{"mode":"bus","n":11,"arr":["188","193","194","195","804","805","814","816","890","892","893"],"lines":"188, 193, 194, 195, 804, 805, 814, 816, 890, 892, 893"},"geometry":{"type":"LineString","coordinates":[[18.081237,59.298282],[18.081241,59.298317],[18.08125,59.298332],[18.081271,59.298343],[18.081323,59.29836]]}},{"type":"Feature","properties":{"mode":"bus","n":10,"arr":["188","193","194","195","804","805","814","890","892","893"],"lines":"188, 193, 194, 195, 804, 805, 814, 890, 892, 893"},"geometry":{"type":"LineString","coordinates":[[18.081323,59.29836],[18.081507,59.298381]]}},{"type":"Feature","properties":{"mode":"bus","n":19,"arr":["188","193","194","195","801","802","804","805","806","807","814","816","822","823","873","875","890","892","893"],"lines":"188, 193, 194, 195, 801, 802, 804, 805, 806, 807, 814, 816, 822, 823, 873, 875, 890, 892, 893"},"geometry":{"type":"LineString","coordinates":[[18.082366,59.297209],[18.082315,59.297462],[18.081777,59.298281]]}},{"type":"Feature","properties":{"mode":"bus","n":16,"arr":["188","801","802","804","805","806","807","814","816","822","823","873","875","890","892","893"],"lines":"188, 801, 802, 804, 805, 806, 807, 814, 816, 822, 823, 873, 875, 890, 892, 893"},"geometry":{"type":"LineString","coordinates":[[18.082283,59.297093],[18.082366,59.297209]]}},{"type":"Feature","properties":{"mode":"bus","n":10,"arr":["188","801","802","806","807","814","816","890","892","893"],"lines":"188, 801, 802, 806, 807, 814, 816, 890, 892, 893"},"geometry":{"type":"LineString","coordinates":[[18.082283,59.297093],[18.082514,59.296986]]}},{"type":"Feature","properties":{"mode":"bus","n":14,"arr":["188","801","802","806","807","814","816","822","823","873","875","890","892","893"],"lines":"188, 801, 802, 806, 807, 814, 816, 822, 823, 873, 875, 890, 892, 893"},"geometry":{"type":"LineString","coordinates":[[18.082514,59.296986],[18.082902,59.296942],[18.083273,59.296654]]}},{"type":"Feature","properties":{"mode":"bus","n":18,"arr":["188","801","802","804","805","806","807","809","810","814","816","822","823","873","875","890","892","893"],"lines":"188, 801, 802, 804, 805, 806, 807, 809, 810, 814, 816, 822, 823, 873, 875, 890, 892, 893"},"geometry":{"type":"LineString","coordinates":[[18.083273,59.296654],[18.083667,59.296203]]}},{"type":"Feature","properties":{"mode":"bus","n":23,"arr":["188","801","802","804","805","806","807","809","809C","810","812C","813C","814","815C","816","818C","822","823","873","875","890","892","893"],"lines":"188, 801, 802, 804, 805, 806, 807, 809, 809C, 810, 812C, 813C, 814, 815C, 816, 818C, 822, 823, 873, 875, 890, 892, 893"},"geometry":{"type":"LineString","coordinates":[[18.083667,59.296203],[18.084627,59.294588],[18.08493,59.293987]]}},{"type":"Feature","properties":{"mode":"bus","n":23,"arr":["188","801","802","804","805","806","807","809","809C","810","812C","813C","814","815C","816","818C","822","823","873","875","890","892","893"],"lines":"188, 801, 802, 804, 805, 806, 807, 809, 809C, 810, 812C, 813C, 814, 815C, 816, 818C, 822, 823, 873, 875, 890, 892, 893"},"geometry":{"type":"LineString","coordinates":[[18.086336,59.291784],[18.085472,59.293579],[18.084651,59.295076]]}},{"type":"Feature","properties":{"mode":"bus","n":19,"arr":["188","801","802","806","807","809","809C","810","812C","813C","814","815C","818C","822","823","873","875","892","893"],"lines":"188, 801, 802, 806, 807, 809, 809C, 810, 812C, 813C, 814, 815C, 818C, 822, 823, 873, 875, 892, 893"},"geometry":{"type":"LineString","coordinates":[[18.08493,59.293987],[18.085513,59.292862],[18.086129,59.291559],[18.087196,59.289591],[18.088095,59.287703]]}},{"type":"Feature","properties":{"mode":"bus","n":19,"arr":["188","801","802","806","807","809","809C","810","812C","813C","814","815C","818C","822","823","873","875","892","893"],"lines":"188, 801, 802, 806, 807, 809, 809C, 810, 812C, 813C, 814, 815C, 818C, 822, 823, 873, 875, 892, 893"},"geometry":{"type":"LineString","coordinates":[[18.089068,59.285651],[18.089359,59.285118],[18.090546,59.282563],[18.09202,59.278477],[18.092465,59.27702],[18.093488,59.273254]]}},{"type":"Feature","properties":{"mode":"bus","n":16,"arr":["188","801","802","806","807","809","809C","810","814","818C","822","823","873","875","892","893"],"lines":"188, 801, 802, 806, 807, 809, 809C, 810, 814, 818C, 822, 823, 873, 875, 892, 893"},"geometry":{"type":"LineString","coordinates":[[18.088095,59.287703],[18.088265,59.287275],[18.089068,59.285651]]}},{"type":"Feature","properties":{"mode":"bus","n":21,"arr":["188","801","802","804","805","806","807","809","809C","810","812C","813C","814","815C","818C","822","823","873","875","892","893"],"lines":"188, 801, 802, 804, 805, 806, 807, 809, 809C, 810, 812C, 813C, 814, 815C, 818C, 822, 823, 873, 875, 892, 893"},"geometry":{"type":"LineString","coordinates":[[18.093488,59.273254],[18.093915,59.272109],[18.094292,59.271263],[18.094695,59.27049],[18.097688,59.265423],[18.09791,59.26497],[18.098224,59.264176]]}},{"type":"Feature","properties":{"mode":"bus","n":21,"arr":["188","801","802","804","805","806","807","809","809C","810","812C","813C","814","815C","818C","822","823","873","875","892","893"],"lines":"188, 801, 802, 804, 805, 806, 807, 809, 809C, 810, 812C, 813C, 814, 815C, 818C, 822, 823, 873, 875, 892, 893"},"geometry":{"type":"LineString","coordinates":[[18.097657,59.265918],[18.094838,59.270641],[18.094379,59.27157],[18.093997,59.272459],[18.093477,59.273946],[18.092368,59.278028],[18.090622,59.282838],[18.090024,59.284141],[18.087316,59.289626],[18.086336,59.291784]]}},{"type":"Feature","properties":{"mode":"bus","n":17,"arr":["188","801","802","804","805","806","807","812C","813C","814","815C","818C","822","823","873","875","892"],"lines":"188, 801, 802, 804, 805, 806, 807, 812C, 813C, 814, 815C, 818C, 822, 823, 873, 875, 892"},"geometry":{"type":"LineString","coordinates":[[18.098224,59.264176],[18.098508,59.262703],[18.098472,59.262369],[18.098417,59.26223],[18.098216,59.261956],[18.098182,59.261758],[18.098205,59.261611],[18.098403,59.261372],[18.098815,59.26108],[18.099004,59.26075],[18.099205,59.260151],[18.09905,59.259941],[18.098759,59.259819],[18.09826,59.25979],[18.097741,59.259852],[18.097543,59.259923],[18.097496,59.259948],[18.097473,59.259979],[18.097443,59.260068],[18.097531,59.260222],[18.097824,59.260395]]}},{"type":"Feature","properties":{"mode":"bus","n":17,"arr":["188","801","802","804","805","806","807","812C","813C","814","815C","818C","822","823","873","875","892"],"lines":"188, 801, 802, 804, 805, 806, 807, 812C, 813C, 814, 815C, 818C, 822, 823, 873, 875, 892"},"geometry":{"type":"LineString","coordinates":[[18.09987,59.262281],[18.099557,59.26248],[18.099216,59.262799],[18.098814,59.264021]]}},{"type":"Feature","properties":{"mode":"bus","n":16,"arr":["188","801","802","804","805","806","807","812C","813C","814","815C","822","823","873","875","892"],"lines":"188, 801, 802, 804, 805, 806, 807, 812C, 813C, 814, 815C, 822, 823, 873, 875, 892"},"geometry":{"type":"LineString","coordinates":[[18.098814,59.264021],[18.098586,59.264585],[18.09827,59.26508],[18.097657,59.265918]]}},{"type":"Feature","properties":{"mode":"bus","n":21,"arr":["188","801","802","804","805","806","807","809C","812C","813C","814","815C","816","818C","822","823","873","875","890","892","893"],"lines":"188, 801, 802, 804, 805, 806, 807, 809C, 812C, 813C, 814, 815C, 816, 818C, 822, 823, 873, 875, 890, 892, 893"},"geometry":{"type":"LineString","coordinates":[[18.084651,59.295076],[18.083852,59.296236],[18.083432,59.296919]]}},{"type":"Feature","properties":{"mode":"bus","n":13,"arr":["188","801","802","804","805","806","807","814","816","822","823","873","875"],"lines":"188, 801, 802, 804, 805, 806, 807, 814, 816, 822, 823, 873, 875"},"geometry":{"type":"LineString","coordinates":[[18.083432,59.296919],[18.083499,59.297017],[18.083745,59.297138],[18.083882,59.297164],[18.084068,59.297159],[18.084245,59.297113],[18.084391,59.297015],[18.084413,59.296907],[18.084378,59.296829]]}},{"type":"Feature","properties":{"mode":"bus","n":14,"arr":["188","801","802","804","805","806","807","814","816","822","823","873","875","892"],"lines":"188, 801, 802, 804, 805, 806, 807, 814, 816, 822, 823, 873, 875, 892"},"geometry":{"type":"LineString","coordinates":[[18.084378,59.296829],[18.082887,59.296858]]}},{"type":"Feature","properties":{"mode":"bus","n":15,"arr":["188","195","801","802","804","805","806","807","814","816","822","823","873","875","892"],"lines":"188, 195, 801, 802, 804, 805, 806, 807, 814, 816, 822, 823, 873, 875, 892"},"geometry":{"type":"LineString","coordinates":[[18.082887,59.296858],[18.080775,59.296896]]}},{"type":"Feature","properties":{"mode":"bus","n":17,"arr":["188","193","194","195","801","802","804","805","806","807","814","816","822","823","873","875","892"],"lines":"188, 193, 194, 195, 801, 802, 804, 805, 806, 807, 814, 816, 822, 823, 873, 875, 892"},"geometry":{"type":"LineString","coordinates":[[18.080775,59.296896],[18.080775,59.296984],[18.080868,59.297127]]}},{"type":"Feature","properties":{"mode":"bus","n":15,"arr":["188","801","802","804","805","806","807","814","816","822","823","873","875","890","892"],"lines":"188, 801, 802, 804, 805, 806, 807, 814, 816, 822, 823, 873, 875, 890, 892"},"geometry":{"type":"LineString","coordinates":[[18.080868,59.297127],[18.081428,59.296998],[18.081764,59.296954],[18.082039,59.296944]]}},{"type":"Feature","properties":{"mode":"bus","n":14,"arr":["188","801","802","804","805","806","807","814","816","822","823","873","875","893"],"lines":"188, 801, 802, 804, 805, 806, 807, 814, 816, 822, 823, 873, 875, 893"},"geometry":{"type":"LineString","coordinates":[[18.082039,59.296944],[18.082283,59.297093]]}},{"type":"Feature","properties":{"mode":"bus","n":5,"arr":["191","702","708","738","795"],"lines":"191, 702, 708, 738, 795"},"geometry":{"type":"LineString","coordinates":[[17.823293,59.24425],[17.823152,59.243678]]}},{"type":"Feature","properties":{"mode":"bus","n":5,"arr":["191","702","708","738","795"],"lines":"191, 702, 708, 738, 795"},"geometry":{"type":"LineString","coordinates":[[17.825582,59.244053],[17.824563,59.244132],[17.824227,59.244258]]}},{"type":"Feature","properties":{"mode":"bus","n":6,"arr":["191","702","707","708","737","795"],"lines":"191, 702, 707, 708, 737, 795"},"geometry":{"type":"LineString","coordinates":[[17.841325,59.238948],[17.841388,59.239051],[17.841524,59.239148],[17.841798,59.239229],[17.845245,59.23952],[17.845562,59.239573],[17.846943,59.239986],[17.84788,59.240167],[17.848374,59.240189],[17.851698,59.240199],[17.852341,59.240247],[17.852702,59.24031],[17.853092,59.240405],[17.853868,59.24069],[17.854178,59.240913],[17.854464,59.241174],[17.854586,59.241427],[17.854627,59.241646],[17.854568,59.241902],[17.854492,59.242012],[17.854089,59.242354],[17.85365,59.242543],[17.852352,59.242868],[17.85136,59.243013],[17.850252,59.243143],[17.848485,59.243307],[17.84344,59.243484],[17.842824,59.243554],[17.842001,59.243698],[17.841294,59.243915],[17.841036,59.244024]]}},{"type":"Feature","properties":{"mode":"bus","n":5,"arr":["191","702","707","737","748"],"lines":"191, 702, 707, 737, 748"},"geometry":{"type":"LineString","coordinates":[[17.861164,59.247971],[17.862248,59.248464]]}},{"type":"Feature","properties":{"mode":"bus","n":5,"arr":["191","707","740","748","865"],"lines":"191, 707, 740, 748, 865"},"geometry":{"type":"LineString","coordinates":[[17.875633,59.250558],[17.875958,59.251505],[17.875994,59.251761],[17.87596,59.25223],[17.875743,59.252454],[17.874531,59.253231],[17.874348,59.253398],[17.874183,59.253661]]}},{"type":"Feature","properties":{"mode":"bus","n":6,"arr":["193","194","809","810","890","893"],"lines":"193, 194, 809, 810, 890, 893"},"geometry":{"type":"LineString","coordinates":[[18.081601,59.299197],[18.08168,59.299124],[18.082418,59.298001]]}},{"type":"Feature","properties":{"mode":"bus","n":8,"arr":["193","194","195","809","810","816","890","893"],"lines":"193, 194, 195, 809, 810, 816, 890, 893"},"geometry":{"type":"LineString","coordinates":[[18.082418,59.298001],[18.082746,59.297477]]}},{"type":"Feature","properties":{"mode":"bus","n":8,"arr":["193","194","195","804","805","816","890","893"],"lines":"193, 194, 195, 804, 805, 816, 890, 893"},"geometry":{"type":"LineString","coordinates":[[18.082366,59.297209],[18.082434,59.297132],[18.082519,59.2971],[18.082568,59.297088],[18.082621,59.297087],[18.082742,59.297098],[18.082795,59.297126],[18.082824,59.2972],[18.082746,59.297477]]}},{"type":"Feature","properties":{"mode":"bus","n":11,"arr":["193","194","195","802","804","805","814","816","890","892","893"],"lines":"193, 194, 195, 802, 804, 805, 814, 816, 890, 892, 893"},"geometry":{"type":"LineString","coordinates":[[18.081556,59.297751],[18.081237,59.298282]]}},{"type":"Feature","properties":{"mode":"bus","n":10,"arr":["193","194","195","804","805","822","823","873","875","890"],"lines":"193, 194, 195, 804, 805, 822, 823, 873, 875, 890"},"geometry":{"type":"LineString","coordinates":[[18.080994,59.297256],[18.081556,59.297751]]}},{"type":"Feature","properties":{"mode":"bus","n":8,"arr":["193","194","195","822","823","873","875","890"],"lines":"193, 194, 195, 822, 823, 873, 875, 890"},"geometry":{"type":"LineString","coordinates":[[18.080868,59.297127],[18.080994,59.297256]]}},{"type":"Feature","properties":{"mode":"bus","n":5,"arr":["195","802","814","892","893"],"lines":"195, 802, 814, 892, 893"},"geometry":{"type":"LineString","coordinates":[[18.082211,59.297232],[18.082155,59.29736],[18.081927,59.29751]]}},{"type":"Feature","properties":{"mode":"bus","n":7,"arr":["195","802","814","822","823","892","893"],"lines":"195, 802, 814, 822, 823, 892, 893"},"geometry":{"type":"LineString","coordinates":[[18.081556,59.297751],[18.081927,59.29751]]}},{"type":"Feature","properties":{"mode":"bus","n":5,"arr":["196","511","514","514X","540"],"lines":"196, 511, 514, 514X, 540"},"geometry":{"type":"LineString","coordinates":[[17.924208,59.385571],[17.923792,59.385595]]}},{"type":"Feature","properties":{"mode":"bus","n":5,"arr":["197","501","504","504Y","506"],"lines":"197, 501, 504, 504Y, 506"},"geometry":{"type":"LineString","coordinates":[[17.972073,59.376495],[17.971471,59.376532],[17.970999,59.376522],[17.970829,59.37649]]}},{"type":"Feature","properties":{"mode":"bus","n":7,"arr":["201","204","205","211","212","238","293"],"lines":"201, 204, 205, 211, 212, 238, 293"},"geometry":{"type":"LineString","coordinates":[[18.137387,59.365453],[18.137279,59.365257],[18.13699,59.365055],[18.136281,59.364694],[18.135123,59.364154]]}},{"type":"Feature","properties":{"mode":"bus","n":8,"arr":["201","204","205","206","211","212","291","293"],"lines":"201, 204, 205, 206, 211, 212, 291, 293"},"geometry":{"type":"LineString","coordinates":[[18.122711,59.363716],[18.122043,59.363641],[18.119523,59.363486],[18.118827,59.363387],[18.118208,59.363266],[18.117118,59.363112],[18.116589,59.36301],[18.115803,59.362787],[18.114349,59.362263],[18.112592,59.36154],[18.111667,59.361102]]}},{"type":"Feature","properties":{"mode":"bus","n":8,"arr":["201","204","205","206","211","212","291","293"],"lines":"201, 204, 205, 206, 211, 212, 291, 293"},"geometry":{"type":"LineString","coordinates":[[18.115839,59.362693],[18.116207,59.362825],[18.116759,59.362961],[18.117454,59.363076],[18.118291,59.363183],[18.119081,59.363202],[18.122616,59.363406],[18.122967,59.363444]]}},{"type":"Feature","properties":{"mode":"bus","n":11,"arr":["201","203","204","205","206","211","212","222","225","291","293"],"lines":"201, 203, 204, 205, 206, 211, 212, 222, 225, 291, 293"},"geometry":{"type":"LineString","coordinates":[[18.111667,59.361102],[18.106708,59.358749],[18.105282,59.358125],[18.104749,59.357863],[18.104244,59.357554],[18.10364,59.357034],[18.103432,59.356929],[18.103038,59.356903],[18.102812,59.356934],[18.102285,59.357142],[18.101978,59.357299],[18.101931,59.357382]]}},{"type":"Feature","properties":{"mode":"bus","n":11,"arr":["201","203","204","205","206","211","212","222","225","291","293"],"lines":"201, 203, 204, 205, 206, 211, 212, 222, 225, 291, 293"},"geometry":{"type":"LineString","coordinates":[[18.105478,59.356757],[18.105014,59.356631],[18.104692,59.356611],[18.104488,59.356663],[18.104406,59.356709],[18.104343,59.356811],[18.104361,59.357111],[18.104608,59.357405],[18.104739,59.357516],[18.105294,59.357836],[18.106542,59.358493],[18.112473,59.361357],[18.114135,59.362068],[18.115839,59.362693]]}},{"type":"Feature","properties":{"mode":"bus","n":5,"arr":["203","205","222","225","293"],"lines":"203, 205, 222, 225, 293"},"geometry":{"type":"LineString","coordinates":[[18.13192,59.370962],[18.129853,59.371033],[18.127693,59.370917]]}},{"type":"Feature","properties":{"mode":"bus","n":5,"arr":["204","212","222","282","293"],"lines":"204, 212, 222, 282, 293"},"geometry":{"type":"LineString","coordinates":[[18.19746,59.372781],[18.19766,59.372771],[18.197701,59.372773],[18.197729,59.372784],[18.197746,59.372803],[18.197822,59.372966],[18.197801,59.372996],[18.197784,59.373009],[18.197756,59.373015],[18.197592,59.373031],[18.197153,59.372965],[18.196884,59.372876],[18.196854,59.37286],[18.196841,59.37284],[18.196838,59.37282],[18.19683,59.372807],[18.196813,59.372799],[18.196788,59.372795],[18.196174,59.372763],[18.19466,59.372557],[18.193395,59.372454],[18.192444,59.372437],[18.191585,59.372461],[18.19068,59.372525],[18.189876,59.372611],[18.188774,59.372759],[18.187378,59.373009],[18.18644,59.373226],[18.183642,59.373963],[18.182809,59.374214],[18.181952,59.374513],[18.180161,59.375292],[18.179781,59.375433],[18.179458,59.375511],[18.179067,59.375571],[18.178569,59.375597],[18.178077,59.375558],[18.177691,59.375478],[18.177252,59.375309],[18.177111,59.375225]]}},{"type":"Feature","properties":{"mode":"bus","n":6,"arr":["204","211","212","222","282","293"],"lines":"204, 211, 212, 222, 282, 293"},"geometry":{"type":"LineString","coordinates":[[18.177111,59.375225],[18.176117,59.374565],[18.175649,59.374337],[18.175093,59.374126],[18.174124,59.373876],[18.172943,59.373704],[18.172302,59.373579],[18.171618,59.373372],[18.170532,59.372919],[18.170153,59.372787],[18.169535,59.372619],[18.169021,59.372522],[18.168244,59.372457],[18.165416,59.3724],[18.161765,59.372098],[18.158662,59.372115],[18.157324,59.372023],[18.156376,59.371921],[18.155852,59.371842],[18.155661,59.371849]]}},{"type":"Feature","properties":{"mode":"bus","n":5,"arr":["204","211","212","238","293"],"lines":"204, 211, 212, 238, 293"},"geometry":{"type":"LineString","coordinates":[[18.155561,59.371001],[18.155347,59.370667],[18.154494,59.36963],[18.15436,59.369397],[18.154312,59.369182],[18.154274,59.367724],[18.154068,59.367383],[18.153852,59.367221],[18.153506,59.367075],[18.153126,59.366967],[18.152602,59.366914],[18.151908,59.366955]]}},{"type":"Feature","properties":{"mode":"bus","n":5,"arr":["204","205","211","212","293"],"lines":"204, 205, 211, 212, 293"},"geometry":{"type":"LineString","coordinates":[[18.13696,59.366032],[18.137112,59.365922],[18.137338,59.365675],[18.137387,59.365453]]}},{"type":"Feature","properties":{"mode":"bus","n":7,"arr":["204","205","206","211","212","222","291"],"lines":"204, 205, 206, 211, 212, 222, 291"},"geometry":{"type":"LineString","coordinates":[[18.104669,59.35719],[18.104382,59.357286]]}},{"type":"Feature","properties":{"mode":"bus","n":6,"arr":["204","206","211","212","238","291"],"lines":"204, 206, 211, 212, 238, 291"},"geometry":{"type":"LineString","coordinates":[[18.1255,59.364445],[18.125417,59.364517]]}},{"type":"Feature","properties":{"mode":"bus","n":8,"arr":["205","608","670","680","690","691","697","699"],"lines":"205, 608, 670, 680, 690, 691, 697, 699"},"geometry":{"type":"LineString","coordinates":[[18.05361,59.36504],[18.053839,59.36451],[18.054043,59.364178],[18.054328,59.363845],[18.055216,59.363103],[18.056718,59.361719],[18.056879,59.361521],[18.056955,59.361347]]}},{"type":"Feature","properties":{"mode":"bus","n":8,"arr":["205","608","670","680","690","691","697","699"],"lines":"205, 608, 670, 680, 690, 691, 697, 699"},"geometry":{"type":"LineString","coordinates":[[18.055806,59.361632],[18.054977,59.362514],[18.054744,59.362825],[18.054438,59.363269],[18.054234,59.363642],[18.053807,59.36418],[18.053584,59.364551],[18.053365,59.365019]]}},{"type":"Feature","properties":{"mode":"bus","n":7,"arr":["608","670","680","690","691","697","699"],"lines":"608, 670, 680, 690, 691, 697, 699"},"geometry":{"type":"LineString","coordinates":[[18.052497,59.367454],[18.053122,59.366386],[18.053284,59.366017],[18.05361,59.36504]]}},{"type":"Feature","properties":{"mode":"bus","n":7,"arr":["608","670","680","690","691","697","699"],"lines":"608, 670, 680, 690, 691, 697, 699"},"geometry":{"type":"LineString","coordinates":[[18.053365,59.365019],[18.053258,59.365341],[18.053238,59.36558],[18.052904,59.36643]]}},{"type":"Feature","properties":{"mode":"bus","n":7,"arr":["608","670","680","690","691","697","699"],"lines":"608, 670, 680, 690, 691, 697, 699"},"geometry":{"type":"LineString","coordinates":[[18.041767,59.379811],[18.042401,59.379282],[18.04288,59.378945],[18.043929,59.378319],[18.044786,59.377696],[18.045712,59.376835],[18.047322,59.375181]]}},{"type":"Feature","properties":{"mode":"bus","n":7,"arr":["608","670","680","690","691","697","699"],"lines":"608, 670, 680, 690, 691, 697, 699"},"geometry":{"type":"LineString","coordinates":[[18.059641,59.349852],[18.06522,59.347397]]}},{"type":"Feature","properties":{"mode":"bus","n":7,"arr":["205","670","680","690","691","697","699"],"lines":"205, 670, 680, 690, 691, 697, 699"},"geometry":{"type":"LineString","coordinates":[[18.056334,59.361254],[18.056155,59.361338],[18.055806,59.361632]]}},{"type":"Feature","properties":{"mode":"bus","n":6,"arr":["301","303","305","317","340","350"],"lines":"301, 303, 305, 317, 340, 350"},"geometry":{"type":"LineString","coordinates":[[17.810738,59.289781],[17.810897,59.289845]]}},{"type":"Feature","properties":{"mode":"bus","n":7,"arr":["301","303","304","305","317","340","350"],"lines":"301, 303, 304, 305, 317, 340, 350"},"geometry":{"type":"LineString","coordinates":[[17.810897,59.289845],[17.810435,59.290074]]}},{"type":"Feature","properties":{"mode":"bus","n":6,"arr":["303","304","305","317","340","350"],"lines":"303, 304, 305, 317, 340, 350"},"geometry":{"type":"LineString","coordinates":[[17.811009,59.289777],[17.810897,59.289845]]}},{"type":"Feature","properties":{"mode":"bus","n":5,"arr":["309","311","311E","340","396"],"lines":"309, 311, 311E, 340, 396"},"geometry":{"type":"LineString","coordinates":[[17.779674,59.274707],[17.780263,59.274749],[17.780696,59.274808],[17.782098,59.275171],[17.783819,59.27575],[17.784206,59.275922]]}},{"type":"Feature","properties":{"mode":"bus","n":5,"arr":["401","814","816","821","890"],"lines":"401, 814, 816, 821, 890"},"geometry":{"type":"LineString","coordinates":[[18.174991,59.251799],[18.175203,59.251425]]}},{"type":"Feature","properties":{"mode":"bus","n":8,"arr":["401","491","801","814","816","821","840","890"],"lines":"401, 491, 801, 814, 816, 821, 840, 890"},"geometry":{"type":"LineString","coordinates":[[18.174991,59.251799],[18.174948,59.251865]]}},{"type":"Feature","properties":{"mode":"bus","n":40,"arr":["401","405","409","410","411C","413","414","420","422","423","425","428X","429X","430X","435","435C","436","437","438","439","441","442","442C","443","443C","444","445","445C","446","446C","447","448C","449","471","474","480C","491","492","496","497"],"lines":"401, 405, 409, 410, 411C, 413, 414, 420, 422, 423, 425, 428X, 429X, 430X, 435, 435C, 436, 437, 438, 439, 441, 442, 442C, 443, 443C, 444, 445, 445C, 446, 446C, 447, 448C, 449, 471, 474, 480C, 491, 492, 496, 497"},"geometry":{"type":"LineString","coordinates":[[18.107969,59.308409],[18.107388,59.308524],[18.106833,59.308667],[18.106479,59.308787],[18.106204,59.308916],[18.105974,59.309082],[18.105815,59.309247],[18.105697,59.309541],[18.105763,59.309883],[18.105906,59.310092],[18.106062,59.310244],[18.107505,59.311109],[18.107714,59.311328],[18.107827,59.31158]]}},{"type":"Feature","properties":{"mode":"bus","n":34,"arr":["401","405","409","410","411C","413","414","420","422","425","428X","429X","430X","435","435C","436","437","438","439","441","442","442C","443","443C","444","445","445C","446C","447","448C","471","474","480C","497"],"lines":"401, 405, 409, 410, 411C, 413, 414, 420, 422, 425, 428X, 429X, 430X, 435, 435C, 436, 437, 438, 439, 441, 442, 442C, 443, 443C, 444, 445, 445C, 446C, 447, 448C, 471, 474, 480C, 497"},"geometry":{"type":"LineString","coordinates":[[18.095725,59.31517],[18.095202,59.315659],[18.095001,59.316101],[18.094865,59.316303]]}},{"type":"Feature","properties":{"mode":"bus","n":34,"arr":["401","405","409","410","411C","413","414","420","422","425","428X","429X","430X","435","435C","436","437","438","439","441","442","442C","443","443C","444","445","445C","446C","447","448C","471","474","480C","497"],"lines":"401, 405, 409, 410, 411C, 413, 414, 420, 422, 425, 428X, 429X, 430X, 435, 435C, 436, 437, 438, 439, 441, 442, 442C, 443, 443C, 444, 445, 445C, 446C, 447, 448C, 471, 474, 480C, 497"},"geometry":{"type":"LineString","coordinates":[[18.082312,59.318194],[18.080426,59.318551],[18.077911,59.319157]]}},{"type":"Feature","properties":{"mode":"bus","n":35,"arr":["401","402X","405","409","410","411C","413","414","420","422","425","428X","429X","430X","435","435C","436","437","438","439","441","442","442C","443","443C","444","445","445C","446C","447","448C","471","474","480C","497"],"lines":"401, 402X, 405, 409, 410, 411C, 413, 414, 420, 422, 425, 428X, 429X, 430X, 435, 435C, 436, 437, 438, 439, 441, 442, 442C, 443, 443C, 444, 445, 445C, 446C, 447, 448C, 471, 474, 480C, 497"},"geometry":{"type":"LineString","coordinates":[[18.094865,59.316303],[18.094807,59.31637],[18.094574,59.316514],[18.094287,59.316616],[18.091887,59.317098],[18.091236,59.31721],[18.090756,59.31727],[18.084594,59.31784],[18.082312,59.318194]]}},{"type":"Feature","properties":{"mode":"bus","n":24,"arr":["401","409","410","413","414","420","422","425","428X","429X","430X","435","436","437","438","439","441","442","443","444","445","471","474","497"],"lines":"401, 409, 410, 413, 414, 420, 422, 425, 428X, 429X, 430X, 435, 436, 437, 438, 439, 441, 442, 443, 444, 445, 471, 474, 497"},"geometry":{"type":"LineString","coordinates":[[18.080943,59.318723],[18.083728,59.318164],[18.083763,59.318153],[18.083778,59.318137],[18.083774,59.318117],[18.083698,59.317987]]}},{"type":"Feature","properties":{"mode":"bus","n":28,"arr":["401","402X","409","410","413","414","420","422","425","428X","429X","430X","435","435C","436","437","438","439","441","442","443","444","445","447","471","474","480C","497"],"lines":"401, 402X, 409, 410, 413, 414, 420, 422, 425, 428X, 429X, 430X, 435, 435C, 436, 437, 438, 439, 441, 442, 443, 444, 445, 447, 471, 474, 480C, 497"},"geometry":{"type":"LineString","coordinates":[[18.094865,59.316303],[18.094809,59.316275]]}},{"type":"Feature","properties":{"mode":"bus","n":19,"arr":["401","402X","409","410","413","414","420","422","435","435C","441","442","443","444","445","471","474","480C","497"],"lines":"401, 402X, 409, 410, 413, 414, 420, 422, 435, 435C, 441, 442, 443, 444, 445, 471, 474, 480C, 497"},"geometry":{"type":"LineString","coordinates":[[18.094809,59.316275],[18.094779,59.316251]]}},{"type":"Feature","properties":{"mode":"bus","n":5,"arr":["409","410","435C","474","480C"],"lines":"409, 410, 435C, 474, 480C"},"geometry":{"type":"LineString","coordinates":[[18.094653,59.316302],[18.09453,59.316366]]}},{"type":"Feature","properties":{"mode":"bus","n":16,"arr":["401","409","410","413","414","422","435","435C","441","443","444","445","471","474","480C","497"],"lines":"401, 409, 410, 413, 414, 422, 435, 435C, 441, 443, 444, 445, 471, 474, 480C, 497"},"geometry":{"type":"LineString","coordinates":[[18.094779,59.316251],[18.094653,59.316302]]}},{"type":"Feature","properties":{"mode":"bus","n":15,"arr":["401","402X","409","410","413","414","420","422","441","442","443","444","445","471","497"],"lines":"401, 402X, 409, 410, 413, 414, 420, 422, 441, 442, 443, 444, 445, 471, 497"},"geometry":{"type":"LineString","coordinates":[[18.094779,59.316251],[18.094746,59.316072]]}},{"type":"Feature","properties":{"mode":"bus","n":31,"arr":["401","402X","405","409","410","413","414","420","422","425","428X","429X","430X","435","435C","436","437","438","439","441","442","442C","443","444","445","445C","446C","471","474","480C","497"],"lines":"401, 402X, 405, 409, 410, 413, 414, 420, 422, 425, 428X, 429X, 430X, 435, 435C, 436, 437, 438, 439, 441, 442, 442C, 443, 444, 445, 445C, 446C, 471, 474, 480C, 497"},"geometry":{"type":"LineString","coordinates":[[18.094746,59.316072],[18.094947,59.315569],[18.095068,59.315404]]}},{"type":"Feature","properties":{"mode":"bus","n":38,"arr":["401","402","402X","405","409","410","413","414","420","422","423","425","428X","429X","430X","435","435C","436","437","438","439","441","442","442C","443","444","445","445C","446","446C","449","471","474","480C","491","492","496","497"],"lines":"401, 402, 402X, 405, 409, 410, 413, 414, 420, 422, 423, 425, 428X, 429X, 430X, 435, 435C, 436, 437, 438, 439, 441, 442, 442C, 443, 444, 445, 445C, 446, 446C, 449, 471, 474, 480C, 491, 492, 496, 497"},"geometry":{"type":"LineString","coordinates":[[18.095068,59.315404],[18.095333,59.315197]]}},{"type":"Feature","properties":{"mode":"bus","n":37,"arr":["401","402X","405","409","410","413","414","420","422","423","425","428X","429X","430X","435","435C","436","437","438","439","441","442","442C","443","444","445","445C","446","446C","449","471","474","480C","491","492","496","497"],"lines":"401, 402X, 405, 409, 410, 413, 414, 420, 422, 423, 425, 428X, 429X, 430X, 435, 435C, 436, 437, 438, 439, 441, 442, 442C, 443, 444, 445, 445C, 446, 446C, 449, 471, 474, 480C, 491, 492, 496, 497"},"geometry":{"type":"LineString","coordinates":[[18.107584,59.311587],[18.107505,59.311357],[18.107372,59.311199],[18.107217,59.311081],[18.106152,59.310496],[18.105733,59.310202],[18.105517,59.309907],[18.105472,59.309671],[18.105469,59.30955],[18.105559,59.30931],[18.105802,59.309012],[18.105897,59.30894],[18.106482,59.308651],[18.106844,59.308533],[18.107357,59.308405]]}},{"type":"Feature","properties":{"mode":"bus","n":26,"arr":["402X","423","425","428X","429X","430X","435","435C","436","437","438","439","441","442","442C","443","444","445","445C","446","446C","449","471","474","480C","497"],"lines":"402X, 423, 425, 428X, 429X, 430X, 435, 435C, 436, 437, 438, 439, 441, 442, 442C, 443, 444, 445, 445C, 446, 446C, 449, 471, 474, 480C, 497"},"geometry":{"type":"LineString","coordinates":[[18.107357,59.308405],[18.108626,59.308184],[18.10918,59.308119],[18.110375,59.308041],[18.111683,59.308042],[18.118628,59.308465],[18.121525,59.308784],[18.122753,59.30888],[18.123316,59.308904],[18.124098,59.308897],[18.126833,59.308709],[18.127528,59.308711],[18.12895,59.308782],[18.130021,59.308925],[18.130327,59.309004]]}},{"type":"Feature","properties":{"mode":"bus","n":27,"arr":["402X","423","425","428X","429X","430X","435","435C","436","437","438","439","441","442","442C","443","443C","444","445","445C","446","446C","449","471","474","480C","497"],"lines":"402X, 423, 425, 428X, 429X, 430X, 435, 435C, 436, 437, 438, 439, 441, 442, 442C, 443, 443C, 444, 445, 445C, 446, 446C, 449, 471, 474, 480C, 497"},"geometry":{"type":"LineString","coordinates":[[18.130327,59.309004],[18.131752,59.30935],[18.133303,59.309797],[18.134198,59.310024],[18.135085,59.310205],[18.136116,59.310368],[18.137905,59.310528],[18.144755,59.310896],[18.145606,59.31097],[18.147005,59.311165],[18.147917,59.311318]]}},{"type":"Feature","properties":{"mode":"bus","n":13,"arr":["405","409","410","411C","413","414","420","422","469","471","492","496","821"],"lines":"405, 409, 410, 411C, 413, 414, 420, 422, 469, 471, 492, 496, 821"},"geometry":{"type":"LineString","coordinates":[[18.199705,59.31041],[18.199491,59.310325],[18.197902,59.310091],[18.189312,59.309125],[18.188202,59.309097],[18.185372,59.309156],[18.184498,59.309181],[18.184299,59.309216],[18.182853,59.30929],[18.180618,59.309341]]}},{"type":"Feature","properties":{"mode":"bus","n":15,"arr":["405","409","410","411C","413","414","420","422","465","469","471","492","496","497","821"],"lines":"405, 409, 410, 411C, 413, 414, 420, 422, 465, 469, 471, 492, 496, 497, 821"},"geometry":{"type":"LineString","coordinates":[[18.180618,59.309341],[18.179119,59.309333]]}},{"type":"Feature","properties":{"mode":"bus","n":14,"arr":["405","409","410","411C","413","414","420","422","465","471","492","496","497","821"],"lines":"405, 409, 410, 411C, 413, 414, 420, 422, 465, 471, 492, 496, 497, 821"},"geometry":{"type":"LineString","coordinates":[[18.179119,59.309333],[18.177207,59.309276],[18.176205,59.30919],[18.175198,59.309062],[18.174781,59.308987],[18.17391,59.30892],[18.172916,59.308885],[18.172142,59.308891],[18.16961,59.309088],[18.168494,59.309082],[18.168161,59.309056],[18.167348,59.308939],[18.166477,59.308731],[18.166129,59.308675],[18.165087,59.308362],[18.164626,59.30825],[18.164244,59.308199]]}},{"type":"Feature","properties":{"mode":"bus","n":14,"arr":["405","409","410","411C","413","414","420","422","469","492","496","497","821","840"],"lines":"405, 409, 410, 411C, 413, 414, 420, 422, 469, 492, 496, 497, 821, 840"},"geometry":{"type":"LineString","coordinates":[[18.16373,59.308148],[18.16357,59.308025],[18.163436,59.307964],[18.162314,59.307642],[18.16181,59.307528],[18.161033,59.307411],[18.160392,59.307355],[18.159849,59.307327],[18.158191,59.307349],[18.154979,59.307518]]}},{"type":"Feature","properties":{"mode":"bus","n":11,"arr":["405","409","410","411C","413","414","420","422","492","496","497"],"lines":"405, 409, 410, 411C, 413, 414, 420, 422, 492, 496, 497"},"geometry":{"type":"LineString","coordinates":[[18.154979,59.307518],[18.15389,59.30754],[18.15223,59.307501],[18.151062,59.307382],[18.148598,59.307059],[18.147199,59.306908],[18.140954,59.3068],[18.14035,59.306854],[18.139227,59.306833]]}},{"type":"Feature","properties":{"mode":"bus","n":12,"arr":["405","409","410","411C","413","414","420","422","469","492","496","497"],"lines":"405, 409, 410, 411C, 413, 414, 420, 422, 469, 492, 496, 497"},"geometry":{"type":"LineString","coordinates":[[18.139227,59.306833],[18.137629,59.306776],[18.136568,59.306704],[18.131858,59.306806],[18.129186,59.30674],[18.12714,59.306793],[18.126495,59.306784],[18.124458,59.306687],[18.123871,59.306682],[18.122589,59.306755],[18.121932,59.306843],[18.120749,59.307146],[18.12005,59.307118]]}},{"type":"Feature","properties":{"mode":"bus","n":13,"arr":["405","409","410","411C","413","414","420","422","469","491","492","496","497"],"lines":"405, 409, 410, 411C, 413, 414, 420, 422, 469, 491, 492, 496, 497"},"geometry":{"type":"LineString","coordinates":[[18.12005,59.307118],[18.119879,59.307129]]}},{"type":"Feature","properties":{"mode":"bus","n":9,"arr":["405","411C","435C","442C","443C","445C","446C","448C","480C"],"lines":"405, 411C, 435C, 442C, 443C, 445C, 446C, 448C, 480C"},"geometry":{"type":"LineString","coordinates":[[18.077911,59.319157],[18.077392,59.319283],[18.077147,59.319549],[18.076645,59.319721],[18.07415,59.320274],[18.073947,59.320309],[18.073454,59.320283],[18.072782,59.320394],[18.071384,59.320827],[18.070951,59.320921],[18.070666,59.320968],[18.069233,59.321045],[18.068041,59.320971]]}},{"type":"Feature","properties":{"mode":"bus","n":6,"arr":["405","435C","442C","445C","446C","480C"],"lines":"405, 435C, 442C, 445C, 446C, 480C"},"geometry":{"type":"LineString","coordinates":[[18.068923,59.320899],[18.068802,59.321011]]}},{"type":"Feature","properties":{"mode":"bus","n":6,"arr":["405","435C","442C","445C","446C","480C"],"lines":"405, 435C, 442C, 445C, 446C, 480C"},"geometry":{"type":"LineString","coordinates":[[18.077188,59.319512],[18.077142,59.319387],[18.077337,59.319226],[18.080326,59.318466],[18.081198,59.318279],[18.082202,59.318102],[18.083642,59.317897]]}},{"type":"Feature","properties":{"mode":"bus","n":13,"arr":["405","425","428X","429X","430X","435","436","437","438","439","442C","445C","446C"],"lines":"405, 425, 428X, 429X, 430X, 435, 436, 437, 438, 439, 442C, 445C, 446C"},"geometry":{"type":"LineString","coordinates":[[18.083642,59.317897],[18.084526,59.317763],[18.086546,59.31756],[18.090742,59.3172],[18.09181,59.317039],[18.092645,59.316879],[18.093802,59.31664],[18.094169,59.316549],[18.094335,59.316475]]}},{"type":"Feature","properties":{"mode":"bus","n":16,"arr":["405","425","428X","429X","430X","435","435C","436","437","438","439","442C","445C","446C","474","480C"],"lines":"405, 425, 428X, 429X, 430X, 435, 435C, 436, 437, 438, 439, 442C, 445C, 446C, 474, 480C"},"geometry":{"type":"LineString","coordinates":[[18.094335,59.316475],[18.09453,59.316366],[18.094746,59.316072]]}},{"type":"Feature","properties":{"mode":"bus","n":10,"arr":["405","409","410","413","414","420","422","469","492","496"],"lines":"405, 409, 410, 413, 414, 420, 422, 469, 492, 496"},"geometry":{"type":"LineString","coordinates":[[18.136568,59.306704],[18.137215,59.306692],[18.139233,59.306754]]}},{"type":"Feature","properties":{"mode":"bus","n":9,"arr":["405","409","410","413","414","420","422","492","496"],"lines":"405, 409, 410, 413, 414, 420, 422, 492, 496"},"geometry":{"type":"LineString","coordinates":[[18.139233,59.306754],[18.140954,59.3068]]}},{"type":"Feature","properties":{"mode":"bus","n":9,"arr":["405","409","410","413","414","420","422","492","496"],"lines":"405, 409, 410, 413, 414, 420, 422, 492, 496"},"geometry":{"type":"LineString","coordinates":[[18.1548,59.307452],[18.154066,59.307483],[18.153305,59.307483],[18.151819,59.307391],[18.150463,59.307231],[18.149487,59.307173]]}},{"type":"Feature","properties":{"mode":"bus","n":12,"arr":["405","409","410","413","414","420","422","469","492","496","821","840"],"lines":"405, 409, 410, 413, 414, 420, 422, 469, 492, 496, 821, 840"},"geometry":{"type":"LineString","coordinates":[[18.163956,59.308004],[18.163518,59.307903],[18.162717,59.307664],[18.161863,59.307464],[18.161064,59.307351],[18.159811,59.307257],[18.158112,59.307279],[18.1548,59.307452]]}},{"type":"Feature","properties":{"mode":"bus","n":13,"arr":["405","409","410","413","414","420","422","465","471","492","496","497","821"],"lines":"405, 409, 410, 413, 414, 420, 422, 465, 471, 492, 496, 497, 821"},"geometry":{"type":"LineString","coordinates":[[18.16422,59.308217],[18.164469,59.308337],[18.166018,59.308778],[18.166183,59.308776],[18.166477,59.308731]]}},{"type":"Feature","properties":{"mode":"bus","n":13,"arr":["405","409","410","413","414","420","422","465","471","492","496","497","821"],"lines":"405, 409, 410, 413, 414, 420, 422, 465, 471, 492, 496, 497, 821"},"geometry":{"type":"LineString","coordinates":[[18.174781,59.308987],[18.176517,59.309095]]}},{"type":"Feature","properties":{"mode":"bus","n":8,"arr":["405","409","410","413","414","465","492","496"],"lines":"405, 409, 410, 413, 414, 465, 492, 496"},"geometry":{"type":"LineString","coordinates":[[18.166477,59.308731],[18.166311,59.308667]]}},{"type":"Feature","properties":{"mode":"bus","n":11,"arr":["405","409","410","413","414","420","422","471","492","496","821"],"lines":"405, 409, 410, 413, 414, 420, 422, 471, 492, 496, 821"},"geometry":{"type":"LineString","coordinates":[[18.176517,59.309095],[18.177294,59.30914]]}},{"type":"Feature","properties":{"mode":"bus","n":9,"arr":["409","411C","413","414","420","422","471","492","496"],"lines":"409, 411C, 413, 414, 420, 422, 471, 492, 496"},"geometry":{"type":"LineString","coordinates":[[18.200125,59.310454],[18.200809,59.310422],[18.205557,59.310973],[18.206718,59.311251],[18.207291,59.311464],[18.208119,59.311835]]}},{"type":"Feature","properties":{"mode":"bus","n":7,"arr":["409","413","414","420","449","471","496"],"lines":"409, 413, 414, 420, 449, 471, 496"},"geometry":{"type":"LineString","coordinates":[[18.214002,59.314726],[18.213903,59.314677]]}},{"type":"Feature","properties":{"mode":"bus","n":6,"arr":["410","422","435","444","445","497"],"lines":"410, 422, 435, 444, 445, 497"},"geometry":{"type":"LineString","coordinates":[[18.094779,59.316251],[18.094925,59.316227]]}},{"type":"Feature","properties":{"mode":"bus","n":8,"arr":["411C","435C","442C","443C","445C","446C","448C","480C"],"lines":"411C, 435C, 442C, 443C, 445C, 446C, 448C, 480C"},"geometry":{"type":"LineString","coordinates":[[18.068041,59.320971],[18.068236,59.320547],[18.068291,59.320487],[18.068311,59.320473],[18.068339,59.320463],[18.068373,59.32046],[18.06848,59.320458],[18.068723,59.320506],[18.068805,59.320558],[18.068834,59.320628],[18.0687,59.320784],[18.06805,59.321345]]}},{"type":"Feature","properties":{"mode":"bus","n":8,"arr":["411C","435C","442C","443C","445C","446C","448C","480C"],"lines":"411C, 435C, 442C, 443C, 445C, 446C, 448C, 480C"},"geometry":{"type":"LineString","coordinates":[[18.057751,59.32891],[18.057475,59.328839],[18.057258,59.328821],[18.056942,59.328848],[18.055361,59.32932],[18.054501,59.329626],[18.053962,59.329927],[18.053613,59.330508]]}},{"type":"Feature","properties":{"mode":"bus","n":8,"arr":["411C","435C","442C","443C","445C","446C","448C","480C"],"lines":"411C, 435C, 442C, 443C, 445C, 446C, 448C, 480C"},"geometry":{"type":"LineString","coordinates":[[18.053716,59.332987],[18.055396,59.331562]]}},{"type":"Feature","properties":{"mode":"bus","n":16,"arr":["411C","435C","442C","443C","445C","446C","448C","480C","809C","812C","813C","815C","818C","890","892","893"],"lines":"411C, 435C, 442C, 443C, 445C, 446C, 448C, 480C, 809C, 812C, 813C, 815C, 818C, 890, 892, 893"},"geometry":{"type":"LineString","coordinates":[[18.06805,59.321345],[18.066269,59.324441],[18.066051,59.324716],[18.065587,59.325179],[18.065125,59.325542],[18.064224,59.326118],[18.060637,59.328009]]}},{"type":"Feature","properties":{"mode":"bus","n":11,"arr":["411C","435C","442C","443C","445C","446C","448C","480C","890","892","893"],"lines":"411C, 435C, 442C, 443C, 445C, 446C, 448C, 480C, 890, 892, 893"},"geometry":{"type":"LineString","coordinates":[[18.060637,59.328009],[18.060309,59.328217],[18.060096,59.328438],[18.059811,59.328856],[18.059515,59.329075],[18.05914,59.32915],[18.058785,59.329147],[18.058335,59.329068],[18.057751,59.32891]]}},{"type":"Feature","properties":{"mode":"bus","n":9,"arr":["411C","435C","442C","443C","445C","446C","448C","480C","892"],"lines":"411C, 435C, 442C, 443C, 445C, 446C, 448C, 480C, 892"},"geometry":{"type":"LineString","coordinates":[[18.053613,59.330508],[18.051836,59.332284],[18.051505,59.332689],[18.051495,59.332789],[18.051382,59.332978],[18.051388,59.333149],[18.051455,59.333208],[18.051559,59.333242],[18.051704,59.333252],[18.051841,59.333234],[18.052016,59.333136],[18.05245,59.332673]]}},{"type":"Feature","properties":{"mode":"bus","n":6,"arr":["435C","442C","443C","445C","446C","480C"],"lines":"435C, 442C, 443C, 445C, 446C, 480C"},"geometry":{"type":"LineString","coordinates":[[18.055647,59.331346],[18.055689,59.33131],[18.055664,59.331236],[18.05586,59.331063],[18.056036,59.330998],[18.056386,59.330716]]}},{"type":"Feature","properties":{"mode":"bus","n":9,"arr":["413","422","441","444","445","445C","471","492","496"],"lines":"413, 422, 441, 444, 445, 445C, 471, 492, 496"},"geometry":{"type":"LineString","coordinates":[[18.233797,59.315852],[18.232772,59.315681]]}},{"type":"Feature","properties":{"mode":"bus","n":9,"arr":["413","422","441","444","445","445C","471","492","496"],"lines":"413, 422, 441, 444, 445, 445C, 471, 492, 496"},"geometry":{"type":"LineString","coordinates":[[18.231594,59.315333],[18.231511,59.315428],[18.231539,59.315481],[18.231618,59.315517],[18.231962,59.315544],[18.23264,59.315675],[18.232726,59.315679],[18.232739,59.315679],[18.232747,59.315679],[18.23275,59.315678],[18.232748,59.315676],[18.232742,59.315674],[18.23273,59.315671],[18.2323,59.315566],[18.231828,59.315322]]}},{"type":"Feature","properties":{"mode":"bus","n":30,"arr":["413","414","420","422","423","425","428X","429X","430X","435","435C","436","437","438","439","441","442","442C","444","445","445C","446","446C","447","448C","471","474","480C","492","496"],"lines":"413, 414, 420, 422, 423, 425, 428X, 429X, 430X, 435, 435C, 436, 437, 438, 439, 441, 442, 442C, 444, 445, 445C, 446, 446C, 447, 448C, 471, 474, 480C, 492, 496"},"geometry":{"type":"LineString","coordinates":[[18.230946,59.313776],[18.230138,59.313754],[18.228946,59.313768],[18.227728,59.313822],[18.226456,59.31391],[18.225335,59.313945],[18.220415,59.313888]]}},{"type":"Feature","properties":{"mode":"bus","n":28,"arr":["413","414","420","422","423","425","428X","429X","430X","435","435C","436","437","438","439","441","442","442C","444","445","445C","446","446C","471","474","480C","492","496"],"lines":"413, 414, 420, 422, 423, 425, 428X, 429X, 430X, 435, 435C, 436, 437, 438, 439, 441, 442, 442C, 444, 445, 445C, 446, 446C, 471, 474, 480C, 492, 496"},"geometry":{"type":"LineString","coordinates":[[18.220419,59.313744],[18.22294,59.3138],[18.223838,59.3138]]}},{"type":"Feature","properties":{"mode":"bus","n":16,"arr":["414","416","417","418","421","422","441","442","444","445","445C","446","446C","471","492","496"],"lines":"414, 416, 417, 418, 421, 422, 441, 442, 444, 445, 445C, 446, 446C, 471, 492, 496"},"geometry":{"type":"LineString","coordinates":[[18.259408,59.324936],[18.258983,59.324839]]}},{"type":"Feature","properties":{"mode":"bus","n":13,"arr":["414","416","417","418","421","441","442","444","446","446C","448C","471","496"],"lines":"414, 416, 417, 418, 421, 441, 442, 444, 446, 446C, 448C, 471, 496"},"geometry":{"type":"LineString","coordinates":[[18.265909,59.331275],[18.265468,59.331119],[18.264558,59.330678],[18.263961,59.330264],[18.263591,59.329934],[18.261651,59.327618],[18.260996,59.326699],[18.260919,59.32664],[18.260746,59.326582]]}},{"type":"Feature","properties":{"mode":"bus","n":6,"arr":["414","418","421","441","442","448C"],"lines":"414, 418, 421, 441, 442, 448C"},"geometry":{"type":"LineString","coordinates":[[18.272769,59.331281],[18.271556,59.331658],[18.270994,59.331858],[18.270691,59.331932],[18.270266,59.33199],[18.269681,59.331963],[18.268051,59.331775],[18.266941,59.331574],[18.266303,59.331402]]}},{"type":"Feature","properties":{"mode":"bus","n":9,"arr":["414","418","421","422","441","442","445","448C","492"],"lines":"414, 418, 421, 422, 441, 442, 445, 448C, 492"},"geometry":{"type":"LineString","coordinates":[[18.272769,59.331281],[18.273661,59.331079],[18.275527,59.330483],[18.276319,59.330279],[18.280812,59.329584],[18.281432,59.329387],[18.282165,59.329009]]}},{"type":"Feature","properties":{"mode":"bus","n":9,"arr":["414","416","417","418","421","441","444","445","445C"],"lines":"414, 416, 417, 418, 421, 441, 444, 445, 445C"},"geometry":{"type":"LineString","coordinates":[[18.259408,59.324936],[18.259088,59.32495],[18.258199,59.325152]]}},{"type":"Feature","properties":{"mode":"bus","n":6,"arr":["416","444","446","446C","471","496"],"lines":"416, 444, 446, 446C, 471, 496"},"geometry":{"type":"LineString","coordinates":[[18.254746,59.334426],[18.256494,59.334187],[18.257127,59.334143],[18.25744,59.334146],[18.258326,59.334229],[18.26,59.334483],[18.260669,59.334542],[18.261195,59.334548],[18.26171,59.334505],[18.262337,59.334418],[18.263159,59.334251],[18.263778,59.334051],[18.264213,59.333837]]}},{"type":"Feature","properties":{"mode":"bus","n":7,"arr":["416","417","444","446","446C","471","496"],"lines":"416, 417, 444, 446, 446C, 471, 496"},"geometry":{"type":"LineString","coordinates":[[18.264213,59.333837],[18.264615,59.333498],[18.264808,59.333224],[18.265039,59.3324],[18.26527,59.332033],[18.265684,59.331599],[18.265899,59.331438]]}},{"type":"Feature","properties":{"mode":"bus","n":7,"arr":["418","421","422","441","445","448C","492"],"lines":"418, 421, 422, 441, 445, 448C, 492"},"geometry":{"type":"LineString","coordinates":[[18.282165,59.329009],[18.283087,59.329392]]}},{"type":"Feature","properties":{"mode":"bus","n":15,"arr":["420","422","423","424H","424V","425","426","428","429","430","467","468","474","480C","492"],"lines":"420, 422, 423, 424H, 424V, 425, 426, 428, 429, 430, 467, 468, 474, 480C, 492"},"geometry":{"type":"LineString","coordinates":[[18.391317,59.326329],[18.392153,59.32594]]}},{"type":"Feature","properties":{"mode":"bus","n":15,"arr":["420","422","423","424H","424V","425","426","428","429","430","467","468","474","480C","492"],"lines":"420, 422, 423, 424H, 424V, 425, 426, 428, 429, 430, 467, 468, 474, 480C, 492"},"geometry":{"type":"LineString","coordinates":[[18.390386,59.327038],[18.390558,59.326956]]}},{"type":"Feature","properties":{"mode":"bus","n":14,"arr":["420","422","424H","424V","425","426","428","429","430","467","468","474","480C","492"],"lines":"420, 422, 424H, 424V, 425, 426, 428, 429, 430, 467, 468, 474, 480C, 492"},"geometry":{"type":"LineString","coordinates":[[18.390284,59.326744],[18.390824,59.326552],[18.391317,59.326329]]}},{"type":"Feature","properties":{"mode":"bus","n":7,"arr":["420","422","424H","425","474","480C","492"],"lines":"420, 422, 424H, 425, 474, 480C, 492"},"geometry":{"type":"LineString","coordinates":[[18.390107,59.326808],[18.390284,59.326744]]}},{"type":"Feature","properties":{"mode":"bus","n":5,"arr":["420","422","424H","424V","425"],"lines":"420, 422, 424H, 424V, 425"},"geometry":{"type":"LineString","coordinates":[[18.385228,59.327025],[18.385195,59.326886],[18.385203,59.326194],[18.385308,59.325998],[18.385511,59.325861]]}},{"type":"Feature","properties":{"mode":"bus","n":5,"arr":["420","422","424H","424V","425"],"lines":"420, 422, 424H, 424V, 425"},"geometry":{"type":"LineString","coordinates":[[18.348358,59.331597],[18.348948,59.331366],[18.349991,59.330897],[18.350618,59.33057],[18.35249,59.329475],[18.35276,59.329288],[18.353552,59.328628],[18.353947,59.328386],[18.354208,59.328267],[18.355398,59.327798],[18.356317,59.327551],[18.35771,59.327234],[18.358965,59.327014],[18.359369,59.326981],[18.359905,59.327017],[18.362427,59.327472],[18.366791,59.328145],[18.367927,59.328238],[18.368313,59.328214],[18.368688,59.328147],[18.371889,59.32729],[18.372784,59.327081],[18.374369,59.326849],[18.37485,59.326817],[18.375623,59.326795],[18.37613,59.326821],[18.3766,59.326912],[18.377621,59.327251],[18.378922,59.327454],[18.379588,59.327496],[18.38179,59.327516],[18.382174,59.327502],[18.384183,59.327216]]}},{"type":"Feature","properties":{"mode":"bus","n":14,"arr":["420","423","425","428X","429X","430X","435","435C","436","437","438","439","474","480C"],"lines":"420, 423, 425, 428X, 429X, 430X, 435, 435C, 436, 437, 438, 439, 474, 480C"},"geometry":{"type":"LineString","coordinates":[[18.326701,59.328414],[18.325797,59.328666],[18.324956,59.328869],[18.323391,59.329178],[18.322598,59.329301],[18.321592,59.329424],[18.32085,59.329501],[18.319302,59.329608],[18.317683,59.329633],[18.316601,59.329606],[18.315208,59.329525],[18.313906,59.329384],[18.312339,59.329162],[18.311392,59.328998],[18.310068,59.328699],[18.307802,59.328056],[18.30648,59.327626],[18.305214,59.327178],[18.302949,59.326281],[18.300921,59.325328],[18.299094,59.324418],[18.297505,59.323756],[18.29657,59.323433],[18.295419,59.323103],[18.293899,59.322743],[18.290803,59.322112],[18.289598,59.321799],[18.288417,59.32144],[18.287154,59.320975],[18.285954,59.320443],[18.28358,59.319251],[18.282424,59.318765],[18.281574,59.318462],[18.280699,59.318186],[18.279706,59.317911],[18.27868,59.317669],[18.277549,59.317451],[18.276407,59.317274],[18.275034,59.317119],[18.262166,59.315966],[18.259304,59.315766],[18.257617,59.315674],[18.255422,59.315572],[18.250871,59.315426],[18.248781,59.315329]]}},{"type":"Feature","properties":{"mode":"bus","n":14,"arr":["420","423","425","428X","429X","430X","435","435C","436","437","438","439","474","480C"],"lines":"420, 423, 425, 428X, 429X, 430X, 435, 435C, 436, 437, 438, 439, 474, 480C"},"geometry":{"type":"LineString","coordinates":[[18.253463,59.315386],[18.256332,59.315481],[18.258693,59.315607],[18.262216,59.315841],[18.273988,59.316889],[18.276535,59.317164],[18.278133,59.317422],[18.280327,59.317932],[18.281666,59.318337],[18.282359,59.318588],[18.283769,59.319162],[18.285947,59.320262],[18.28692,59.320717],[18.288022,59.32115],[18.288944,59.321462],[18.290367,59.321865],[18.291435,59.322113],[18.294319,59.322683],[18.29538,59.322939],[18.296215,59.323168],[18.297628,59.323625],[18.298218,59.323848],[18.299146,59.324245],[18.301556,59.325447],[18.303178,59.326205],[18.304158,59.326604],[18.305153,59.327],[18.306877,59.327613],[18.30832,59.328061],[18.309682,59.328435],[18.31174,59.32891],[18.312823,59.329102],[18.313994,59.329262],[18.315005,59.329366],[18.316621,59.329466],[18.3188,59.329485],[18.31994,59.329432],[18.32189,59.329246],[18.323761,59.328959]]}},{"type":"Feature","properties":{"mode":"bus","n":18,"arr":["420","423","425","428X","429X","430X","435","435C","436","437","438","439","446","446C","447","448C","474","480C"],"lines":"420, 423, 425, 428X, 429X, 430X, 435, 435C, 436, 437, 438, 439, 446, 446C, 447, 448C, 474, 480C"},"geometry":{"type":"LineString","coordinates":[[18.248781,59.315329],[18.247856,59.315245],[18.246938,59.315128],[18.243602,59.314653],[18.242175,59.314477],[18.239427,59.314207],[18.238084,59.314108],[18.23485,59.313929],[18.230946,59.313776]]}},{"type":"Feature","properties":{"mode":"bus","n":16,"arr":["420","423","425","428X","429X","430X","435","435C","436","437","438","439","446","446C","474","480C"],"lines":"420, 423, 425, 428X, 429X, 430X, 435, 435C, 436, 437, 438, 439, 446, 446C, 474, 480C"},"geometry":{"type":"LineString","coordinates":[[18.223838,59.3138],[18.225189,59.313827],[18.225841,59.313814],[18.228318,59.313671],[18.229145,59.313641],[18.230269,59.313633],[18.233282,59.313739],[18.236833,59.313908],[18.238608,59.314013],[18.241164,59.314237],[18.243599,59.31453],[18.247344,59.31502],[18.248653,59.315153],[18.250105,59.315261],[18.251178,59.315313],[18.253463,59.315386]]}},{"type":"Feature","properties":{"mode":"bus","n":8,"arr":["420","424V","428","429","430","467","474","480C"],"lines":"420, 424V, 428, 429, 430, 467, 474, 480C"},"geometry":{"type":"LineString","coordinates":[[18.390087,59.326856],[18.390386,59.327038]]}},{"type":"Feature","properties":{"mode":"bus","n":14,"arr":["420","422","423","424H","424V","425","426","428","429","430","467","474","480C","492"],"lines":"420, 422, 423, 424H, 424V, 425, 426, 428, 429, 430, 467, 474, 480C, 492"},"geometry":{"type":"LineString","coordinates":[[18.390558,59.326956],[18.391895,59.326325],[18.392252,59.326221],[18.392339,59.326144],[18.392341,59.326064],[18.392153,59.32594]]}},{"type":"Feature","properties":{"mode":"bus","n":5,"arr":["421","422","441","445","492"],"lines":"421, 422, 441, 445, 492"},"geometry":{"type":"LineString","coordinates":[[18.296267,59.335573],[18.29578,59.335635],[18.295334,59.335652],[18.295002,59.335629],[18.29454,59.335546],[18.294165,59.335432],[18.294065,59.335373],[18.293179,59.335024],[18.29096,59.334253],[18.290514,59.33417],[18.286604,59.333645],[18.286089,59.333498],[18.284685,59.332892],[18.284251,59.332597],[18.284023,59.332333],[18.283924,59.332],[18.283972,59.330804],[18.283879,59.330311],[18.283705,59.329954],[18.283549,59.329739],[18.283307,59.329528],[18.283087,59.329392]]}},{"type":"Feature","properties":{"mode":"bus","n":7,"arr":["422","423","424H","424V","425","426","492"],"lines":"422, 423, 424H, 424V, 425, 426, 492"},"geometry":{"type":"LineString","coordinates":[[18.392781,59.328424],[18.39029,59.327089]]}},{"type":"Feature","properties":{"mode":"bus","n":13,"arr":["422","423","424H","424V","425","426","428","429","430","467","468","474","492"],"lines":"422, 423, 424H, 424V, 425, 426, 428, 429, 430, 467, 468, 474, 492"},"geometry":{"type":"LineString","coordinates":[[18.39029,59.327089],[18.390386,59.327038]]}},{"type":"Feature","properties":{"mode":"bus","n":5,"arr":["422","441","471","492","496"],"lines":"422, 441, 471, 492, 496"},"geometry":{"type":"LineString","coordinates":[[18.258983,59.324839],[18.258,59.325056],[18.257553,59.325031]]}},{"type":"Feature","properties":{"mode":"bus","n":8,"arr":["422","444","445","445C","446","446C","471","492"],"lines":"422, 444, 445, 445C, 446, 446C, 471, 492"},"geometry":{"type":"LineString","coordinates":[[18.258983,59.324839],[18.258664,59.324792],[18.257553,59.325031]]}},{"type":"Feature","properties":{"mode":"bus","n":8,"arr":["423","428","429","430","467","474","480C","492"],"lines":"423, 428, 429, 430, 467, 474, 480C, 492"},"geometry":{"type":"LineString","coordinates":[[18.386069,59.323638],[18.385911,59.323752],[18.385392,59.324351],[18.385149,59.324737],[18.385028,59.325063],[18.385056,59.325285],[18.385116,59.325417],[18.385395,59.325682],[18.385579,59.325791],[18.385593,59.325803],[18.385592,59.325816],[18.385576,59.325828],[18.385511,59.325861]]}},{"type":"Feature","properties":{"mode":"bus","n":13,"arr":["423","428X","429X","430X","435","435C","436","437","438","439","474","480C","492"],"lines":"423, 428X, 429X, 430X, 435, 435C, 436, 437, 438, 439, 474, 480C, 492"},"geometry":{"type":"LineString","coordinates":[[18.362247,59.313111],[18.360959,59.313634],[18.360235,59.313892],[18.358598,59.314384],[18.356199,59.315035],[18.355511,59.315256],[18.354227,59.315739],[18.353217,59.316187],[18.351849,59.316923],[18.351007,59.317476],[18.350172,59.31812],[18.349885,59.318305]]}},{"type":"Feature","properties":{"mode":"bus","n":13,"arr":["423","428X","429X","430X","435","435C","436","437","438","439","474","480C","492"],"lines":"423, 428X, 429X, 430X, 435, 435C, 436, 437, 438, 439, 474, 480C, 492"},"geometry":{"type":"LineString","coordinates":[[18.344743,59.321811],[18.343775,59.322218],[18.343151,59.322434],[18.341724,59.322864],[18.337127,59.323939],[18.336176,59.324223],[18.335267,59.324534]]}},{"type":"Feature","properties":{"mode":"bus","n":13,"arr":["423","428X","429X","430X","435","435C","436","437","438","439","474","480C","492"],"lines":"423, 428X, 429X, 430X, 435, 435C, 436, 437, 438, 439, 474, 480C, 492"},"geometry":{"type":"LineString","coordinates":[[18.330699,59.326644],[18.332049,59.325858],[18.332978,59.325376],[18.334164,59.324838],[18.335641,59.324286],[18.336555,59.324],[18.337746,59.323686],[18.340748,59.323041],[18.341666,59.322814],[18.343091,59.322383],[18.344743,59.321811],[18.345033,59.32169],[18.34603,59.32121],[18.346584,59.320908],[18.347125,59.320588],[18.347905,59.320069],[18.348598,59.319528],[18.349885,59.318305],[18.350057,59.31809],[18.350506,59.317714],[18.350876,59.317434],[18.351739,59.316873],[18.352632,59.316377],[18.353114,59.316137],[18.354157,59.315678],[18.355442,59.315195],[18.356751,59.314793],[18.359461,59.314055],[18.360879,59.313576],[18.362151,59.31306],[18.363393,59.312457]]}},{"type":"Feature","properties":{"mode":"bus","n":12,"arr":["423","428X","429X","430X","435","435C","436","437","438","439","474","480C"],"lines":"423, 428X, 429X, 430X, 435, 435C, 436, 437, 438, 439, 474, 480C"},"geometry":{"type":"LineString","coordinates":[[18.335267,59.324534],[18.334485,59.324813],[18.333116,59.325452],[18.332242,59.325925],[18.331076,59.326612],[18.330214,59.327069],[18.329592,59.327356],[18.328879,59.327662],[18.328015,59.327991],[18.32747,59.328183],[18.326701,59.328414]]}},{"type":"Feature","properties":{"mode":"bus","n":12,"arr":["423","428X","429X","430X","435","435C","436","437","438","439","474","480C"],"lines":"423, 428X, 429X, 430X, 435, 435C, 436, 437, 438, 439, 474, 480C"},"geometry":{"type":"LineString","coordinates":[[18.323761,59.328959],[18.32509,59.328708],[18.326029,59.328479],[18.327612,59.327994],[18.329002,59.327464],[18.329797,59.327107],[18.330699,59.326644]]}},{"type":"Feature","properties":{"mode":"bus","n":23,"arr":["423","425","428X","429X","430X","435","435C","436","437","438","439","441","442","442C","444","445","445C","446","446C","447","448C","474","480C"],"lines":"423, 425, 428X, 429X, 430X, 435, 435C, 436, 437, 438, 439, 441, 442, 442C, 444, 445, 445C, 446, 446C, 447, 448C, 474, 480C"},"geometry":{"type":"LineString","coordinates":[[18.220415,59.313888],[18.218557,59.313921],[18.217543,59.314005],[18.216204,59.314178],[18.214841,59.314431],[18.211643,59.315188],[18.208142,59.315921]]}},{"type":"Feature","properties":{"mode":"bus","n":24,"arr":["423","425","428X","429X","430X","435","435C","436","437","438","439","441","442","442C","444","445","445C","446","446C","447","448C","449","474","480C"],"lines":"423, 425, 428X, 429X, 430X, 435, 435C, 436, 437, 438, 439, 441, 442, 442C, 444, 445, 445C, 446, 446C, 447, 448C, 449, 474, 480C"},"geometry":{"type":"LineString","coordinates":[[18.208142,59.315921],[18.206205,59.316147],[18.205091,59.316225],[18.203223,59.31628],[18.201931,59.31626],[18.198035,59.316077],[18.195191,59.315896],[18.189838,59.315383]]}},{"type":"Feature","properties":{"mode":"bus","n":23,"arr":["423","425","428X","429X","430X","435","435C","436","437","438","439","441","442C","444","445","445C","446","446C","447","448C","449","474","480C"],"lines":"423, 425, 428X, 429X, 430X, 435, 435C, 436, 437, 438, 439, 441, 442C, 444, 445, 445C, 446, 446C, 447, 448C, 449, 474, 480C"},"geometry":{"type":"LineString","coordinates":[[18.189838,59.315383],[18.186579,59.314969],[18.184025,59.314595],[18.168283,59.312076],[18.166922,59.312008],[18.166294,59.312025],[18.164493,59.312136],[18.164216,59.31213],[18.163836,59.312]]}},{"type":"Feature","properties":{"mode":"bus","n":27,"arr":["423","425","428X","429X","430X","435","435C","436","437","438","439","441","442","442C","443","443C","444","445","445C","446","446C","447","448C","449","471","474","480C"],"lines":"423, 425, 428X, 429X, 430X, 435, 435C, 436, 437, 438, 439, 441, 442, 442C, 443, 443C, 444, 445, 445C, 446, 446C, 447, 448C, 449, 471, 474, 480C"},"geometry":{"type":"LineString","coordinates":[[18.163836,59.312],[18.163387,59.311889],[18.162997,59.311861],[18.161856,59.311866],[18.160985,59.311906],[18.157727,59.31223],[18.15591,59.312348],[18.154521,59.312366],[18.153836,59.312349],[18.15274,59.312273],[18.151843,59.312179],[18.151056,59.312066],[18.146907,59.311307],[18.14551,59.311125],[18.14388,59.310983],[18.137434,59.31065],[18.135841,59.310494],[18.134852,59.310336],[18.134148,59.310183],[18.133148,59.309939],[18.130962,59.309307],[18.129422,59.309044],[18.128707,59.30897],[18.127748,59.308945],[18.126985,59.30898],[18.124077,59.309259],[18.123159,59.309272],[18.122602,59.30924],[18.121967,59.309172],[18.119926,59.308794],[18.118587,59.308617],[18.115713,59.308407],[18.112088,59.308189],[18.110769,59.30815],[18.109873,59.308183],[18.1087,59.308293],[18.107969,59.308409]]}},{"type":"Feature","properties":{"mode":"bus","n":26,"arr":["423","425","428X","429X","430X","435","435C","436","437","438","439","441","442","442C","443","443C","444","445","445C","446","446C","449","471","474","480C","497"],"lines":"423, 425, 428X, 429X, 430X, 435, 435C, 436, 437, 438, 439, 441, 442, 442C, 443, 443C, 444, 445, 445C, 446, 446C, 449, 471, 474, 480C, 497"},"geometry":{"type":"LineString","coordinates":[[18.147917,59.311318],[18.150512,59.311814],[18.151293,59.311937],[18.152843,59.312122],[18.153682,59.312179],[18.15509,59.312212],[18.156482,59.312075],[18.157246,59.31197],[18.157961,59.311823]]}},{"type":"Feature","properties":{"mode":"bus","n":21,"arr":["423","425","428X","429X","430X","435","435C","436","437","438","439","441","442C","444","445","445C","446","446C","449","474","480C"],"lines":"423, 425, 428X, 429X, 430X, 435, 435C, 436, 437, 438, 439, 441, 442C, 444, 445, 445C, 446, 446C, 449, 474, 480C"},"geometry":{"type":"LineString","coordinates":[[18.157961,59.311823],[18.159126,59.311596],[18.159949,59.31151],[18.161995,59.311422],[18.164501,59.311494],[18.165451,59.311554],[18.166769,59.311718],[18.169355,59.312106],[18.184685,59.314575],[18.187288,59.314945],[18.189952,59.31527]]}},{"type":"Feature","properties":{"mode":"bus","n":22,"arr":["423","425","428X","429X","430X","435","435C","436","437","438","439","441","442","442C","444","445","445C","446","446C","449","474","480C"],"lines":"423, 425, 428X, 429X, 430X, 435, 435C, 436, 437, 438, 439, 441, 442, 442C, 444, 445, 445C, 446, 446C, 449, 474, 480C"},"geometry":{"type":"LineString","coordinates":[[18.189952,59.31527],[18.193082,59.315592],[18.196783,59.315884],[18.201047,59.316109],[18.203149,59.316159],[18.205218,59.31609],[18.20649,59.315985],[18.208205,59.315765],[18.208997,59.315625]]}},{"type":"Feature","properties":{"mode":"bus","n":21,"arr":["423","425","428X","429X","430X","435","435C","436","437","438","439","441","442","442C","444","445","445C","446","446C","474","480C"],"lines":"423, 425, 428X, 429X, 430X, 435, 435C, 436, 437, 438, 439, 441, 442, 442C, 444, 445, 445C, 446, 446C, 474, 480C"},"geometry":{"type":"LineString","coordinates":[[18.208997,59.315625],[18.210462,59.315325],[18.213934,59.31449],[18.216051,59.314082],[18.217103,59.313943],[18.218238,59.31384],[18.220419,59.313744]]}},{"type":"Feature","properties":{"mode":"bus","n":5,"arr":["424H","424V","425","426","492"],"lines":"424H, 424V, 425, 426, 492"},"geometry":{"type":"LineString","coordinates":[[18.393423,59.328805],[18.392781,59.328424]]}},{"type":"Feature","properties":{"mode":"bus","n":11,"arr":["425","428X","429X","430X","435","435C","436","437","438","439","480C"],"lines":"425, 428X, 429X, 430X, 435, 435C, 436, 437, 438, 439, 480C"},"geometry":{"type":"LineString","coordinates":[[18.083698,59.317987],[18.083642,59.317897]]}},{"type":"Feature","properties":{"mode":"bus","n":6,"arr":["428","428X","429","429X","430","430X"],"lines":"428, 428X, 429, 429X, 430, 430X"},"geometry":{"type":"LineString","coordinates":[[18.426352,59.28175],[18.427282,59.281599]]}},{"type":"Feature","properties":{"mode":"bus","n":10,"arr":["428","428X","429","429X","430","430X","467","474","480C","492"],"lines":"428, 428X, 429, 429X, 430, 430X, 467, 474, 480C, 492"},"geometry":{"type":"LineString","coordinates":[[18.385352,59.305428],[18.384992,59.30582],[18.384648,59.306438],[18.38453,59.307034],[18.384567,59.307448]]}},{"type":"Feature","properties":{"mode":"bus","n":6,"arr":["428","429","430","467","468","492"],"lines":"428, 429, 430, 467, 468, 492"},"geometry":{"type":"LineString","coordinates":[[18.387741,59.319667],[18.38782,59.31969],[18.387864,59.319697],[18.38791,59.319695],[18.387999,59.319681]]}},{"type":"Feature","properties":{"mode":"bus","n":5,"arr":["428","429","430","467","468"],"lines":"428, 429, 430, 467, 468"},"geometry":{"type":"LineString","coordinates":[[18.387336,59.319514],[18.387709,59.319642]]}},{"type":"Feature","properties":{"mode":"bus","n":5,"arr":["428","429","430","467","468"],"lines":"428, 429, 430, 467, 468"},"geometry":{"type":"LineString","coordinates":[[18.387743,59.319548],[18.387336,59.319514],[18.383505,59.318671],[18.383323,59.318684],[18.383135,59.318728],[18.381495,59.319576],[18.381301,59.319667],[18.381032,59.319731]]}},{"type":"Feature","properties":{"mode":"bus","n":5,"arr":["428","429","430","467","468"],"lines":"428, 429, 430, 467, 468"},"geometry":{"type":"LineString","coordinates":[[18.389911,59.326916],[18.39029,59.327089]]}},{"type":"Feature","properties":{"mode":"bus","n":6,"arr":["428X","429X","430X","474","480C","492"],"lines":"428X, 429X, 430X, 474, 480C, 492"},"geometry":{"type":"LineString","coordinates":[[18.383455,59.307422],[18.38051,59.307281],[18.379226,59.307259]]}},{"type":"Feature","properties":{"mode":"bus","n":6,"arr":["428X","429X","430X","474","480C","492"],"lines":"428X, 429X, 430X, 474, 480C, 492"},"geometry":{"type":"LineString","coordinates":[[18.384455,59.30677],[18.385406,59.306661],[18.38628,59.306517],[18.386749,59.30639],[18.386962,59.306292],[18.387134,59.306168],[18.387272,59.305908],[18.387265,59.305788],[18.387145,59.305572],[18.386846,59.305373],[18.386398,59.305221]]}},{"type":"Feature","properties":{"mode":"bus","n":12,"arr":["428X","429X","430X","435","435C","436","437","438","439","474","480C","492"],"lines":"428X, 429X, 430X, 435, 435C, 436, 437, 438, 439, 474, 480C, 492"},"geometry":{"type":"LineString","coordinates":[[18.379226,59.307259],[18.376784,59.307571],[18.37594,59.307705],[18.374314,59.308008],[18.372507,59.308439],[18.37106,59.308865],[18.370281,59.309121],[18.368712,59.309723],[18.367297,59.31036],[18.366054,59.311038],[18.363716,59.312392],[18.362247,59.313111]]}},{"type":"Feature","properties":{"mode":"bus","n":12,"arr":["428X","429X","430X","435","435C","436","437","438","439","474","480C","492"],"lines":"428X, 429X, 430X, 435, 435C, 436, 437, 438, 439, 474, 480C, 492"},"geometry":{"type":"LineString","coordinates":[[18.363393,59.312457],[18.366636,59.310598],[18.367947,59.309954],[18.36908,59.309479],[18.370194,59.309067],[18.370979,59.308805],[18.372449,59.308378],[18.373561,59.3081],[18.374784,59.307837],[18.375887,59.307632],[18.377936,59.307337],[18.380174,59.30708],[18.381407,59.306965],[18.384455,59.30677]]}},{"type":"Feature","properties":{"mode":"bus","n":5,"arr":["436","437","438","439","463"],"lines":"436, 437, 438, 439, 463"},"geometry":{"type":"LineString","coordinates":[[18.504489,59.32751],[18.504511,59.327383],[18.504431,59.327258],[18.503842,59.326683],[18.503402,59.32649],[18.502736,59.326315]]}},{"type":"Feature","properties":{"mode":"bus","n":9,"arr":["435","435C","436","437","438","439","463","474","492"],"lines":"435, 435C, 436, 437, 438, 439, 463, 474, 492"},"geometry":{"type":"LineString","coordinates":[[18.502736,59.326315],[18.498533,59.325595],[18.497886,59.325466],[18.497179,59.325289],[18.496637,59.325117],[18.493674,59.323883],[18.493267,59.323738],[18.49239,59.323489],[18.491385,59.323291],[18.490809,59.323209],[18.48767,59.322919],[18.486719,59.322801],[18.485966,59.322672],[18.485077,59.322475],[18.484259,59.322273],[18.48326,59.321959]]}},{"type":"Feature","properties":{"mode":"bus","n":6,"arr":["435","436","437","438","439","492"],"lines":"435, 436, 437, 438, 439, 492"},"geometry":{"type":"LineString","coordinates":[[18.453226,59.313106],[18.453772,59.313169]]}},{"type":"Feature","properties":{"mode":"bus","n":7,"arr":["435","435C","436","437","438","439","492"],"lines":"435, 435C, 436, 437, 438, 439, 492"},"geometry":{"type":"LineString","coordinates":[[18.455973,59.31312],[18.457273,59.313079],[18.457927,59.313097],[18.458102,59.313076],[18.458255,59.313025]]}},{"type":"Feature","properties":{"mode":"bus","n":9,"arr":["435C","442C","443C","445C","446C","480C","491","890","893"],"lines":"435C, 442C, 443C, 445C, 446C, 480C, 491, 890, 893"},"geometry":{"type":"LineString","coordinates":[[18.053388,59.329976],[18.053433,59.329902]]}},{"type":"Feature","properties":{"mode":"bus","n":8,"arr":["435C","442C","443C","445C","446C","480C","890","893"],"lines":"435C, 442C, 443C, 445C, 446C, 480C, 890, 893"},"geometry":{"type":"LineString","coordinates":[[18.053433,59.329902],[18.053583,59.329736],[18.053819,59.329617],[18.056299,59.328809],[18.056711,59.328721],[18.057106,59.328702],[18.057501,59.328743],[18.058032,59.328907],[18.058719,59.329077],[18.059033,59.329085]]}},{"type":"Feature","properties":{"mode":"bus","n":11,"arr":["435C","442C","443C","445C","446C","480C","812C","813C","815C","890","893"],"lines":"435C, 442C, 443C, 445C, 446C, 480C, 812C, 813C, 815C, 890, 893"},"geometry":{"type":"LineString","coordinates":[[18.059033,59.329085],[18.059292,59.329042],[18.059453,59.328989],[18.059565,59.328917],[18.059673,59.328829],[18.060112,59.328243],[18.060461,59.327965]]}},{"type":"Feature","properties":{"mode":"bus","n":14,"arr":["435C","442C","443C","445C","446C","480C","809C","812C","813C","815C","818C","890","892","893"],"lines":"435C, 442C, 443C, 445C, 446C, 480C, 809C, 812C, 813C, 815C, 818C, 890, 892, 893"},"geometry":{"type":"LineString","coordinates":[[18.060461,59.327965],[18.063485,59.3264],[18.064787,59.325604],[18.06544,59.325093],[18.06591,59.324633],[18.066115,59.324362],[18.06775,59.321585]]}},{"type":"Feature","properties":{"mode":"bus","n":5,"arr":["435C","442C","445C","446C","480C"],"lines":"435C, 442C, 445C, 446C, 480C"},"geometry":{"type":"LineString","coordinates":[[18.06775,59.321585],[18.068442,59.320082],[18.068568,59.319953],[18.06871,59.319902],[18.068882,59.319887],[18.069071,59.319925],[18.069217,59.320038],[18.069235,59.320101],[18.068923,59.320899]]}},{"type":"Feature","properties":{"mode":"bus","n":5,"arr":["442","443","443C","471","497"],"lines":"442, 443, 443C, 471, 497"},"geometry":{"type":"LineString","coordinates":[[18.157961,59.311823],[18.160072,59.311253],[18.161133,59.311028],[18.162008,59.310882]]}},{"type":"Feature","properties":{"mode":"bus","n":9,"arr":["443C","809C","812C","813C","815C","818C","890","892","893"],"lines":"443C, 809C, 812C, 813C, 815C, 818C, 890, 892, 893"},"geometry":{"type":"LineString","coordinates":[[18.06775,59.321585],[18.068426,59.320449],[18.071619,59.31407],[18.072429,59.312563],[18.073301,59.310768],[18.074424,59.308174]]}},{"type":"Feature","properties":{"mode":"bus","n":7,"arr":["809C","812C","813C","815C","818C","890","893"],"lines":"809C, 812C, 813C, 815C, 818C, 890, 893"},"geometry":{"type":"LineString","coordinates":[[18.074424,59.308174],[18.075159,59.30656],[18.075462,59.305977],[18.076086,59.304985],[18.076584,59.304335],[18.077373,59.303442],[18.077893,59.302962],[18.078221,59.302688],[18.079501,59.301793]]}},{"type":"Feature","properties":{"mode":"bus","n":5,"arr":["444","446","446C","471","496"],"lines":"444, 446, 446C, 471, 496"},"geometry":{"type":"LineString","coordinates":[[18.252203,59.323525],[18.251462,59.323798],[18.251025,59.323924],[18.24951,59.324241],[18.248855,59.324417],[18.248301,59.324626],[18.247885,59.324846],[18.247443,59.325166],[18.247031,59.32568],[18.246958,59.325855],[18.246892,59.326402],[18.246991,59.326752],[18.247302,59.327196],[18.247859,59.327644],[18.248925,59.328209],[18.249529,59.328566],[18.249831,59.328842],[18.250139,59.329286],[18.250221,59.329576],[18.250223,59.329968],[18.249776,59.331436],[18.249728,59.33173],[18.249784,59.331956],[18.250155,59.332425],[18.250358,59.332598],[18.250852,59.332903],[18.251149,59.333074],[18.251726,59.333341],[18.253085,59.333786],[18.253712,59.333915],[18.254125,59.33405],[18.254344,59.334147],[18.254746,59.334426]]}},{"type":"Feature","properties":{"mode":"bus","n":12,"arr":["491","802","803","816","819","821","823","824","840","873","875","890"],"lines":"491, 802, 803, 816, 819, 821, 823, 824, 840, 873, 875, 890"},"geometry":{"type":"LineString","coordinates":[[18.228529,59.243542],[18.228802,59.243646]]}},{"type":"Feature","properties":{"mode":"bus","n":12,"arr":["491","802","803","816","819","821","823","824","840","873","875","890"],"lines":"491, 802, 803, 816, 819, 821, 823, 824, 840, 873, 875, 890"},"geometry":{"type":"LineString","coordinates":[[18.226905,59.243064],[18.228121,59.24342]]}},{"type":"Feature","properties":{"mode":"bus","n":12,"arr":["491","802","803","816","819","821","823","824","840","873","875","890"],"lines":"491, 802, 803, 816, 819, 821, 823, 824, 840, 873, 875, 890"},"geometry":{"type":"LineString","coordinates":[[18.228907,59.243587],[18.227323,59.243138],[18.22589,59.242892],[18.223975,59.242723],[18.223325,59.242719]]}},{"type":"Feature","properties":{"mode":"bus","n":11,"arr":["491","803","816","819","821","823","824","840","873","875","890"],"lines":"491, 803, 816, 819, 821, 823, 824, 840, 873, 875, 890"},"geometry":{"type":"LineString","coordinates":[[18.228121,59.24342],[18.228529,59.243542]]}},{"type":"Feature","properties":{"mode":"bus","n":11,"arr":["491","803","816","819","821","823","824","840","873","875","890"],"lines":"491, 803, 816, 819, 821, 823, 824, 840, 873, 875, 890"},"geometry":{"type":"LineString","coordinates":[[18.230351,59.244486],[18.230172,59.244319],[18.229752,59.244011],[18.229289,59.243729],[18.228907,59.243587]]}},{"type":"Feature","properties":{"mode":"bus","n":5,"arr":["491","802","812C","873","875"],"lines":"491, 802, 812C, 873, 875"},"geometry":{"type":"LineString","coordinates":[[18.215002,59.242942],[18.215005,59.24302]]}},{"type":"Feature","properties":{"mode":"bus","n":11,"arr":["491","802","803","804","805","812C","813C","815C","840","873","875"],"lines":"491, 802, 803, 804, 805, 812C, 813C, 815C, 840, 873, 875"},"geometry":{"type":"LineString","coordinates":[[18.213441,59.249325],[18.212165,59.249688],[18.210123,59.250355],[18.209585,59.250508],[18.209032,59.250652],[18.208225,59.250821],[18.207505,59.250941],[18.206493,59.251061],[18.205122,59.251142],[18.204191,59.251149],[18.202691,59.251065],[18.201881,59.250973],[18.200818,59.2508],[18.199791,59.25057],[18.198743,59.250265],[18.186688,59.245849],[18.185545,59.245533],[18.184727,59.245403],[18.183829,59.245342],[18.183302,59.245341],[18.182492,59.245399],[18.181828,59.245494],[18.18108,59.245664],[18.180523,59.245838],[18.179475,59.246224]]}},{"type":"Feature","properties":{"mode":"bus","n":11,"arr":["491","802","803","804","805","812C","813C","815C","840","873","875"],"lines":"491, 802, 803, 804, 805, 812C, 813C, 815C, 840, 873, 875"},"geometry":{"type":"LineString","coordinates":[[18.177061,59.247317],[18.178438,59.246161],[18.178799,59.245904],[18.179208,59.24567],[18.179761,59.245436],[18.180452,59.245216],[18.181386,59.245025],[18.182278,59.244932],[18.183333,59.244924],[18.183907,59.244968],[18.184397,59.245035],[18.185077,59.245169],[18.18571,59.245347],[18.186446,59.245599],[18.198587,59.250058],[18.199492,59.250344],[18.200347,59.250566],[18.201309,59.250758],[18.201994,59.250858],[18.203259,59.250982],[18.204691,59.251025],[18.206045,59.25097],[18.207393,59.250826],[18.20812,59.250705],[18.208883,59.250547],[18.209476,59.250396],[18.210037,59.250234],[18.212373,59.249467],[18.213314,59.24921],[18.214673,59.248934]]}},{"type":"Feature","properties":{"mode":"bus","n":17,"arr":["491","802","803","804","805","806","807","812C","813C","815C","818C","822","823","840","873","875","892"],"lines":"491, 802, 803, 804, 805, 806, 807, 812C, 813C, 815C, 818C, 822, 823, 840, 873, 875, 892"},"geometry":{"type":"LineString","coordinates":[[18.179475,59.246224],[18.17417,59.249027]]}},{"type":"Feature","properties":{"mode":"bus","n":17,"arr":["491","802","803","804","805","806","807","812C","813C","815C","818C","822","823","840","873","875","892"],"lines":"491, 802, 803, 804, 805, 806, 807, 812C, 813C, 815C, 818C, 822, 823, 840, 873, 875, 892"},"geometry":{"type":"LineString","coordinates":[[18.171143,59.25064],[18.171611,59.250279],[18.172229,59.249883],[18.177061,59.247317]]}},{"type":"Feature","properties":{"mode":"bus","n":6,"arr":["491","801","814","816","840","890"],"lines":"491, 801, 814, 816, 840, 890"},"geometry":{"type":"LineString","coordinates":[[18.173084,59.251509],[18.174991,59.251799]]}},{"type":"Feature","properties":{"mode":"bus","n":6,"arr":["491","801","814","816","840","890"],"lines":"491, 801, 814, 816, 840, 890"},"geometry":{"type":"LineString","coordinates":[[18.174948,59.251865],[18.17305,59.251577]]}},{"type":"Feature","properties":{"mode":"bus","n":5,"arr":["508","519","526","591","592"],"lines":"508, 519, 526, 591, 592"},"geometry":{"type":"LineString","coordinates":[[18.022204,59.364563],[18.023132,59.363979]]}},{"type":"Feature","properties":{"mode":"bus","n":5,"arr":["508","519","526","591","592"],"lines":"508, 519, 526, 591, 592"},"geometry":{"type":"LineString","coordinates":[[18.025669,59.362976],[18.025191,59.363374],[18.024217,59.363985]]}},{"type":"Feature","properties":{"mode":"bus","n":7,"arr":["508","515","519","526","591","592","595"],"lines":"508, 515, 519, 526, 591, 592, 595"},"geometry":{"type":"LineString","coordinates":[[18.023132,59.363979],[18.024584,59.3631],[18.025026,59.362794],[18.025515,59.362378],[18.025962,59.362059]]}},{"type":"Feature","properties":{"mode":"bus","n":7,"arr":["508","515","519","526","591","592","595"],"lines":"508, 515, 519, 526, 591, 592, 595"},"geometry":{"type":"LineString","coordinates":[[18.028054,59.359496],[18.028103,59.359293],[18.028363,59.359061],[18.028814,59.358801],[18.028976,59.358756]]}},{"type":"Feature","properties":{"mode":"bus","n":7,"arr":["508","515","519","526","591","592","595"],"lines":"508, 515, 519, 526, 591, 592, 595"},"geometry":{"type":"LineString","coordinates":[[18.032942,59.356615],[18.030292,59.358501],[18.028679,59.359488],[18.028017,59.359796]]}},{"type":"Feature","properties":{"mode":"bus","n":7,"arr":["508","515","519","526","591","592","595"],"lines":"508, 515, 519, 526, 591, 592, 595"},"geometry":{"type":"LineString","coordinates":[[18.02759,59.360263],[18.027419,59.360676],[18.02692,59.361468],[18.026298,59.362292],[18.025669,59.362976]]}},{"type":"Feature","properties":{"mode":"bus","n":8,"arr":["508","515","516","519","526","591","592","595"],"lines":"508, 515, 516, 519, 526, 591, 592, 595"},"geometry":{"type":"LineString","coordinates":[[18.025962,59.362059],[18.026985,59.360682],[18.027684,59.359859],[18.028054,59.359496]]}},{"type":"Feature","properties":{"mode":"bus","n":8,"arr":["508","515","516","519","526","591","592","595"],"lines":"508, 515, 516, 519, 526, 591, 592, 595"},"geometry":{"type":"LineString","coordinates":[[18.028976,59.358756],[18.03216,59.356791],[18.033053,59.356194],[18.034414,59.355384]]}},{"type":"Feature","properties":{"mode":"bus","n":8,"arr":["508","515","516","519","526","591","592","595"],"lines":"508, 515, 516, 519, 526, 591, 592, 595"},"geometry":{"type":"LineString","coordinates":[[18.038843,59.35441],[18.038667,59.354546],[18.038193,59.354707],[18.03688,59.354823],[18.036137,59.354983],[18.035085,59.355464],[18.033665,59.356199],[18.032942,59.356615]]}},{"type":"Feature","properties":{"mode":"bus","n":8,"arr":["508","515","516","519","526","591","592","595"],"lines":"508, 515, 516, 519, 526, 591, 592, 595"},"geometry":{"type":"LineString","coordinates":[[18.028017,59.359796],[18.02759,59.360263]]}},{"type":"Feature","properties":{"mode":"bus","n":6,"arr":["508","515","516","519","591","595"],"lines":"508, 515, 516, 519, 591, 595"},"geometry":{"type":"LineString","coordinates":[[18.038043,59.353439],[18.038696,59.35304],[18.039183,59.352786],[18.039794,59.352538],[18.040563,59.352268]]}},{"type":"Feature","properties":{"mode":"bus","n":6,"arr":["508","515","516","519","591","595"],"lines":"508, 515, 516, 519, 591, 595"},"geometry":{"type":"LineString","coordinates":[[18.041444,59.351876],[18.041737,59.351708],[18.0422,59.35135]]}},{"type":"Feature","properties":{"mode":"bus","n":6,"arr":["508","515","516","519","591","595"],"lines":"508, 515, 516, 519, 591, 595"},"geometry":{"type":"LineString","coordinates":[[18.042352,59.351184],[18.04247,59.351033]]}},{"type":"Feature","properties":{"mode":"bus","n":6,"arr":["508","515","516","519","591","595"],"lines":"508, 515, 516, 519, 591, 595"},"geometry":{"type":"LineString","coordinates":[[18.043212,59.350581],[18.044017,59.350341]]}},{"type":"Feature","properties":{"mode":"bus","n":5,"arr":["508","515","516","519","595"],"lines":"508, 515, 516, 519, 595"},"geometry":{"type":"LineString","coordinates":[[18.040563,59.352268],[18.041063,59.352074],[18.041444,59.351876]]}},{"type":"Feature","properties":{"mode":"bus","n":5,"arr":["508","515","516","519","595"],"lines":"508, 515, 516, 519, 595"},"geometry":{"type":"LineString","coordinates":[[18.04247,59.351033],[18.042795,59.350781],[18.043212,59.350581]]}},{"type":"Feature","properties":{"mode":"bus","n":5,"arr":["509","540","690","691","697"],"lines":"509, 540, 690, 691, 697"},"geometry":{"type":"LineString","coordinates":[[18.038956,59.379806],[18.038637,59.379684],[18.038554,59.379567],[18.038611,59.379438],[18.038998,59.379211]]}},{"type":"Feature","properties":{"mode":"bus","n":11,"arr":["514","514X","520","525","527","528","592","607","627","687","697"],"lines":"514, 514X, 520, 525, 527, 528, 592, 607, 627, 687, 697"},"geometry":{"type":"LineString","coordinates":[[17.949798,59.430395],[17.949952,59.430121],[17.950124,59.429917],[17.95012,59.429837],[17.950011,59.429763],[17.949097,59.429536],[17.948682,59.429339]]}},{"type":"Feature","properties":{"mode":"bus","n":6,"arr":["514","514X","520","525","525X","592"],"lines":"514, 514X, 520, 525, 525X, 592"},"geometry":{"type":"LineString","coordinates":[[17.949775,59.430469],[17.949798,59.430395]]}},{"type":"Feature","properties":{"mode":"bus","n":12,"arr":["514","514X","520","525","525X","527","528","592","607","627","687","697"],"lines":"514, 514X, 520, 525, 525X, 527, 528, 592, 607, 627, 687, 697"},"geometry":{"type":"LineString","coordinates":[[17.949775,59.430469],[17.949748,59.430616],[17.949736,59.430636],[17.94971,59.430647],[17.949671,59.430649],[17.947197,59.430544],[17.946991,59.430449],[17.946975,59.430347],[17.94735,59.430044]]}},{"type":"Feature","properties":{"mode":"bus","n":13,"arr":["514","514X","520","525","525X","527","528","592","607","613","627","687","697"],"lines":"514, 514X, 520, 525, 525X, 527, 528, 592, 607, 613, 627, 687, 697"},"geometry":{"type":"LineString","coordinates":[[17.948109,59.429268],[17.94735,59.430044]]}},{"type":"Feature","properties":{"mode":"bus","n":5,"arr":["515","516","519","591","595"],"lines":"515, 516, 519, 591, 595"},"geometry":{"type":"LineString","coordinates":[[18.034414,59.355384],[18.037865,59.353558],[18.038043,59.353439]]}},{"type":"Feature","properties":{"mode":"bus","n":5,"arr":["515","516","519","591","595"],"lines":"515, 516, 519, 591, 595"},"geometry":{"type":"LineString","coordinates":[[18.043295,59.35062],[18.042987,59.350785],[18.042721,59.351013],[18.042705,59.351034],[18.042706,59.351054],[18.042723,59.351074],[18.042994,59.351291],[18.043011,59.351311],[18.04301,59.351331],[18.042992,59.351351],[18.042201,59.351934],[18.041398,59.352458],[18.040456,59.352977],[18.039976,59.353154],[18.03961,59.353346],[18.039238,59.353598],[18.038952,59.354278],[18.038843,59.35441]]}},{"type":"Feature","properties":{"mode":"bus","n":5,"arr":["515","516","519","591","595"],"lines":"515, 516, 519, 591, 595"},"geometry":{"type":"LineString","coordinates":[[18.044017,59.350341],[18.044368,59.350269]]}},{"type":"Feature","properties":{"mode":"bus","n":8,"arr":["519","608","670","680","690","691","697","699"],"lines":"519, 608, 670, 680, 690, 691, 697, 699"},"geometry":{"type":"LineString","coordinates":[[18.065989,59.347588],[18.065831,59.347615],[18.065559,59.347588]]}},{"type":"Feature","properties":{"mode":"bus","n":8,"arr":["519","608","670","680","690","691","697","699"],"lines":"519, 608, 670, 680, 690, 691, 697, 699"},"geometry":{"type":"LineString","coordinates":[[18.059326,59.350069],[18.064826,59.347635],[18.065077,59.347555],[18.065236,59.347548],[18.065484,59.347576]]}},{"type":"Feature","properties":{"mode":"bus","n":8,"arr":["519","608","670","680","690","691","697","699"],"lines":"519, 608, 670, 680, 690, 691, 697, 699"},"geometry":{"type":"LineString","coordinates":[[18.06522,59.347397],[18.065346,59.34735]]}},{"type":"Feature","properties":{"mode":"bus","n":7,"arr":["519","670","680","690","691","697","699"],"lines":"519, 670, 680, 690, 691, 697, 699"},"geometry":{"type":"LineString","coordinates":[[18.057691,59.3507],[18.059355,59.349962]]}},{"type":"Feature","properties":{"mode":"bus","n":5,"arr":["520","525","525X","537","592"],"lines":"520, 525, 525X, 537, 592"},"geometry":{"type":"LineString","coordinates":[[17.923573,59.459943],[17.924378,59.454687],[17.924506,59.454238],[17.92483,59.45356],[17.925276,59.45233],[17.925399,59.451752],[17.92534,59.450776]]}},{"type":"Feature","properties":{"mode":"bus","n":8,"arr":["520","525","527","528","592","613","627","687"],"lines":"520, 525, 527, 528, 592, 613, 627, 687"},"geometry":{"type":"LineString","coordinates":[[17.94735,59.430044],[17.947799,59.43016]]}},{"type":"Feature","properties":{"mode":"bus","n":9,"arr":["524","530","612","615","629","670","680","695","699"],"lines":"524, 530, 612, 615, 629, 670, 680, 695, 699"},"geometry":{"type":"LineString","coordinates":[[18.140595,59.459935],[18.138612,59.458569]]}},{"type":"Feature","properties":{"mode":"bus","n":5,"arr":["524","670","680","683","699"],"lines":"524, 670, 680, 683, 699"},"geometry":{"type":"LineString","coordinates":[[18.14095,59.459875],[18.140891,59.459945],[18.140804,59.459965],[18.140757,59.45997],[18.140711,59.459964],[18.140595,59.459935]]}},{"type":"Feature","properties":{"mode":"bus","n":13,"arr":["524","530","612","615","624","628","629","670","680","683","694","695","699"],"lines":"524, 530, 612, 615, 624, 628, 629, 670, 680, 683, 694, 695, 699"},"geometry":{"type":"LineString","coordinates":[[18.138901,59.458447],[18.14095,59.459875]]}},{"type":"Feature","properties":{"mode":"bus","n":9,"arr":["524","624","628","629","670","680","683","694","699"],"lines":"524, 624, 628, 629, 670, 680, 683, 694, 699"},"geometry":{"type":"LineString","coordinates":[[18.136913,59.456629],[18.137833,59.45732],[18.137902,59.457549],[18.138901,59.458447]]}},{"type":"Feature","properties":{"mode":"bus","n":6,"arr":["524","530","612","615","629","695"],"lines":"524, 530, 612, 615, 629, 695"},"geometry":{"type":"LineString","coordinates":[[18.133402,59.463268],[18.133282,59.463117],[18.132876,59.462842]]}},{"type":"Feature","properties":{"mode":"bus","n":6,"arr":["524","530","612","615","629","695"],"lines":"524, 530, 612, 615, 629, 695"},"geometry":{"type":"LineString","coordinates":[[18.13517,59.464348],[18.134559,59.46395],[18.133846,59.463553],[18.132746,59.462883]]}},{"type":"Feature","properties":{"mode":"bus","n":5,"arr":["524","612","615","629","695"],"lines":"524, 612, 615, 629, 695"},"geometry":{"type":"LineString","coordinates":[[18.120688,59.472384],[18.12361,59.473097],[18.124111,59.473181],[18.124632,59.473238],[18.125188,59.473273],[18.126339,59.473292],[18.126779,59.473279],[18.127309,59.473209],[18.127669,59.473123],[18.128114,59.472944],[18.128332,59.472818],[18.128585,59.472618],[18.129327,59.47184],[18.129611,59.471625],[18.13022,59.471423],[18.13192,59.471091],[18.132535,59.470858],[18.132557,59.470847],[18.132566,59.470836],[18.132562,59.470823],[18.132545,59.47081],[18.132252,59.470641],[18.131368,59.469956],[18.130514,59.469356],[18.129308,59.468628]]}},{"type":"Feature","properties":{"mode":"bus","n":5,"arr":["524","608","610","687","690"],"lines":"524, 608, 610, 687, 690"},"geometry":{"type":"LineString","coordinates":[[18.066345,59.512268],[18.066266,59.512424],[18.0663,59.512627]]}},{"type":"Feature","properties":{"mode":"bus","n":5,"arr":["524","608","610","687","690"],"lines":"524, 608, 610, 687, 690"},"geometry":{"type":"LineString","coordinates":[[18.077491,59.531025],[18.077821,59.531118],[18.078081,59.53114]]}},{"type":"Feature","properties":{"mode":"bus","n":5,"arr":["524","608","610","687","690"],"lines":"524, 608, 610, 687, 690"},"geometry":{"type":"LineString","coordinates":[[18.077781,59.531305],[18.077736,59.531232],[18.077491,59.531025],[18.077146,59.530794],[18.07694,59.530598],[18.076669,59.530138],[18.07584,59.528945],[18.075559,59.528583],[18.075262,59.528287],[18.074885,59.527976],[18.07393,59.527333],[18.07227,59.526405],[18.07168,59.525893],[18.071407,59.525532],[18.071175,59.525136],[18.071073,59.524765],[18.071081,59.52434],[18.071175,59.523961],[18.071361,59.523477],[18.07237,59.521504],[18.072892,59.520596],[18.073055,59.519938],[18.073063,59.519586],[18.072869,59.518975],[18.072729,59.51865],[18.072068,59.517944],[18.068995,59.515598],[18.068446,59.515158],[18.067871,59.514631],[18.067339,59.514074],[18.0663,59.512627],[18.066008,59.512281]]}},{"type":"Feature","properties":{"mode":"bus","n":8,"arr":["524","530","608","610","659","664","687","690"],"lines":"524, 530, 608, 610, 659, 664, 687, 690"},"geometry":{"type":"LineString","coordinates":[[18.078455,59.531617],[18.078185,59.531913],[18.078104,59.532148],[18.078115,59.532362],[18.078181,59.532498],[18.078801,59.532951]]}},{"type":"Feature","properties":{"mode":"bus","n":8,"arr":["524","530","608","610","659","664","687","690"],"lines":"524, 530, 608, 610, 659, 664, 687, 690"},"geometry":{"type":"LineString","coordinates":[[18.078984,59.533035],[18.079105,59.533161],[18.07942,59.533676]]}},{"type":"Feature","properties":{"mode":"bus","n":6,"arr":["524","530","608","610","659","690"],"lines":"524, 530, 608, 610, 659, 690"},"geometry":{"type":"LineString","coordinates":[[18.07942,59.533676],[18.079594,59.533947]]}},{"type":"Feature","properties":{"mode":"bus","n":9,"arr":["524","530","608","610","659","660","664","669Z","690"],"lines":"524, 530, 608, 610, 659, 660, 664, 669Z, 690"},"geometry":{"type":"LineString","coordinates":[[18.079594,59.533947],[18.079864,59.534361]]}},{"type":"Feature","properties":{"mode":"bus","n":9,"arr":["524","530","608","610","659","660","664","669Z","690"],"lines":"524, 530, 608, 610, 659, 660, 664, 669Z, 690"},"geometry":{"type":"LineString","coordinates":[[18.079863,59.534595],[18.079735,59.53441]]}},{"type":"Feature","properties":{"mode":"bus","n":8,"arr":["524","530","608","610","659","660","663","690"],"lines":"524, 530, 608, 610, 659, 660, 663, 690"},"geometry":{"type":"LineString","coordinates":[[18.080392,59.535107],[18.080469,59.535267]]}},{"type":"Feature","properties":{"mode":"bus","n":8,"arr":["524","530","608","610","659","660","663","690"],"lines":"524, 530, 608, 610, 659, 660, 663, 690"},"geometry":{"type":"LineString","coordinates":[[18.080323,59.539835],[18.081004,59.537826],[18.081116,59.53733],[18.081127,59.537083],[18.080747,59.535676],[18.080469,59.535267],[18.080189,59.535156]]}},{"type":"Feature","properties":{"mode":"bus","n":7,"arr":["524","530","608","610","660","663","690"],"lines":"524, 530, 608, 610, 660, 663, 690"},"geometry":{"type":"LineString","coordinates":[[18.062749,59.5388],[18.0632,59.539062],[18.063507,59.539207],[18.064157,59.539441],[18.064822,59.539632],[18.065622,59.539787],[18.066834,59.539885],[18.067778,59.539863],[18.072813,59.539529],[18.074238,59.539489],[18.075343,59.539488],[18.076508,59.539528],[18.080323,59.539835]]}},{"type":"Feature","properties":{"mode":"bus","n":5,"arr":["524","530","539","545","594"],"lines":"524, 530, 539, 545, 594"},"geometry":{"type":"LineString","coordinates":[[17.930556,59.517841],[17.931289,59.517751],[17.931837,59.517729],[17.932577,59.517751],[17.933211,59.517802],[17.933754,59.51791],[17.934752,59.518183],[17.936332,59.51866],[17.941944,59.520598],[17.943638,59.521223],[17.944102,59.521362],[17.945141,59.521585],[17.94577,59.521684],[17.946607,59.521755],[17.95048,59.521869],[17.951825,59.52194],[17.952995,59.522029],[17.955504,59.522305],[17.958755,59.52278]]}},{"type":"Feature","properties":{"mode":"bus","n":5,"arr":["524","530","539","545","594"],"lines":"524, 530, 539, 545, 594"},"geometry":{"type":"LineString","coordinates":[[17.928306,59.518207],[17.930087,59.517937],[17.930491,59.517854],[17.930509,59.51785],[17.930519,59.517848],[17.930522,59.517846],[17.930518,59.517845],[17.930506,59.517845],[17.930486,59.517847],[17.930055,59.517882],[17.928649,59.518084]]}},{"type":"Feature","properties":{"mode":"bus","n":5,"arr":["524","530","539","594","598"],"lines":"524, 530, 539, 594, 598"},"geometry":{"type":"LineString","coordinates":[[17.928144,59.518231],[17.928306,59.518207]]}},{"type":"Feature","properties":{"mode":"bus","n":5,"arr":["524","530","539","594","598"],"lines":"524, 530, 539, 594, 598"},"geometry":{"type":"LineString","coordinates":[[17.928107,59.518163],[17.927537,59.51709],[17.927214,59.5163],[17.927103,59.515877],[17.927059,59.515522],[17.927117,59.514698],[17.927072,59.51459],[17.927017,59.514514],[17.926852,59.514428],[17.926362,59.514413]]}},{"type":"Feature","properties":{"mode":"bus","n":5,"arr":["524","530","539","594","598"],"lines":"524, 530, 539, 594, 598"},"geometry":{"type":"LineString","coordinates":[[17.928025,59.517746],[17.927692,59.517132],[17.92748,59.516644],[17.927262,59.515846],[17.927236,59.515401],[17.927361,59.514363]]}},{"type":"Feature","properties":{"mode":"bus","n":6,"arr":["524","530","539","545","594","598"],"lines":"524, 530, 539, 545, 594, 598"},"geometry":{"type":"LineString","coordinates":[[17.928144,59.518231],[17.928107,59.518163]]}},{"type":"Feature","properties":{"mode":"bus","n":7,"arr":["524","539","545","562","568","592","598"],"lines":"524, 539, 545, 562, 568, 592, 598"},"geometry":{"type":"LineString","coordinates":[[17.917276,59.51879],[17.917746,59.518832]]}},{"type":"Feature","properties":{"mode":"bus","n":7,"arr":["524","539","545","562","568","592","598"],"lines":"524, 539, 545, 562, 568, 592, 598"},"geometry":{"type":"LineString","coordinates":[[17.917794,59.518732],[17.91743,59.518758],[17.917027,59.51883],[17.915502,59.51916],[17.913065,59.519194],[17.912806,59.519275],[17.912066,59.519876],[17.911922,59.519948],[17.911814,59.519972],[17.909303,59.519982]]}},{"type":"Feature","properties":{"mode":"bus","n":14,"arr":["524","532","533","534","536","537","539","545","562","568","592","594","598","684"],"lines":"524, 532, 533, 534, 536, 537, 539, 545, 562, 568, 592, 594, 598, 684"},"geometry":{"type":"LineString","coordinates":[[17.909303,59.519982],[17.909273,59.520676],[17.909241,59.520715],[17.909226,59.520727],[17.909205,59.520734],[17.909178,59.520737],[17.905417,59.520822],[17.903943,59.521039]]}},{"type":"Feature","properties":{"mode":"bus","n":15,"arr":["524","530","532","533","534","536","537","539","545","562","568","592","594","598","684"],"lines":"524, 530, 532, 533, 534, 536, 537, 539, 545, 562, 568, 592, 594, 598, 684"},"geometry":{"type":"LineString","coordinates":[[17.903943,59.521039],[17.901058,59.521482]]}},{"type":"Feature","properties":{"mode":"bus","n":11,"arr":["524","530","536","537","545","560","560X","592","594","598","684"],"lines":"524, 530, 536, 537, 545, 560, 560X, 592, 594, 598, 684"},"geometry":{"type":"LineString","coordinates":[[17.900035,59.520627],[17.899914,59.520531]]}},{"type":"Feature","properties":{"mode":"bus","n":12,"arr":["524","530","533","534","536","537","560","560X","592","594","598","684"],"lines":"524, 530, 533, 534, 536, 537, 560, 560X, 592, 594, 598, 684"},"geometry":{"type":"LineString","coordinates":[[17.900901,59.521333],[17.900035,59.520627]]}},{"type":"Feature","properties":{"mode":"bus","n":11,"arr":["524","530","533","534","536","560","560X","592","594","598","684"],"lines":"524, 530, 533, 534, 536, 560, 560X, 592, 594, 598, 684"},"geometry":{"type":"LineString","coordinates":[[17.901058,59.521482],[17.900901,59.521333]]}},{"type":"Feature","properties":{"mode":"bus","n":9,"arr":["524","530","532","537","539","592","594","598","684"],"lines":"524, 530, 532, 537, 539, 592, 594, 598, 684"},"geometry":{"type":"LineString","coordinates":[[17.900411,59.521477],[17.899582,59.520744]]}},{"type":"Feature","properties":{"mode":"bus","n":7,"arr":["524","530","537","592","594","598","684"],"lines":"524, 530, 537, 592, 594, 598, 684"},"geometry":{"type":"LineString","coordinates":[[17.899582,59.520744],[17.899507,59.520604],[17.899523,59.520559],[17.899539,59.520537],[17.899571,59.52052],[17.899653,59.520491],[17.899795,59.520494],[17.899914,59.520531]]}},{"type":"Feature","properties":{"mode":"bus","n":16,"arr":["524","530","532","533","534","537","539","545","560","560X","562","568","592","594","598","684"],"lines":"524, 530, 532, 533, 534, 537, 539, 545, 560, 560X, 562, 568, 592, 594, 598, 684"},"geometry":{"type":"LineString","coordinates":[[17.901058,59.521482],[17.900669,59.521532]]}},{"type":"Feature","properties":{"mode":"bus","n":10,"arr":["524","530","532","537","539","562","568","592","594","684"],"lines":"524, 530, 532, 537, 539, 562, 568, 592, 594, 684"},"geometry":{"type":"LineString","coordinates":[[17.900669,59.521532],[17.900539,59.521534],[17.900411,59.521477]]}},{"type":"Feature","properties":{"mode":"bus","n":8,"arr":["524","530","533","534","537","539","594","684"],"lines":"524, 530, 533, 534, 537, 539, 594, 684"},"geometry":{"type":"LineString","coordinates":[[17.918958,59.514367],[17.918748,59.514363]]}},{"type":"Feature","properties":{"mode":"bus","n":8,"arr":["524","530","533","537","539","594","598","684"],"lines":"524, 530, 533, 537, 539, 594, 598, 684"},"geometry":{"type":"LineString","coordinates":[[17.92737,59.514264],[17.926478,59.514307]]}},{"type":"Feature","properties":{"mode":"bus","n":6,"arr":["524","530","534","539","594","598"],"lines":"524, 530, 534, 539, 594, 598"},"geometry":{"type":"LineString","coordinates":[[17.927361,59.514363],[17.92737,59.514264]]}},{"type":"Feature","properties":{"mode":"bus","n":5,"arr":["524","629","670","680","699"],"lines":"524, 629, 670, 680, 699"},"geometry":{"type":"LineString","coordinates":[[18.138612,59.458569],[18.138353,59.458326],[18.137972,59.457872],[18.137851,59.457765],[18.137682,59.457694],[18.137299,59.457664],[18.137065,59.457702],[18.136483,59.457902],[18.136314,59.457938],[18.136126,59.457947],[18.136,59.457928],[18.135885,59.457872],[18.135791,59.457703],[18.135646,59.457617],[18.135542,59.457439],[18.135276,59.457192]]}},{"type":"Feature","properties":{"mode":"bus","n":5,"arr":["527","607","627","687","697"],"lines":"527, 607, 627, 687, 697"},"geometry":{"type":"LineString","coordinates":[[17.944487,59.446019],[17.944828,59.446002],[17.945077,59.446016],[17.946173,59.446188],[17.946959,59.446247],[17.948458,59.446254],[17.95063,59.446152]]}},{"type":"Feature","properties":{"mode":"bus","n":5,"arr":["529","533","537","538","594"],"lines":"529, 533, 537, 538, 594"},"geometry":{"type":"LineString","coordinates":[[17.93246,59.48595],[17.933277,59.486164],[17.936511,59.486862],[17.936841,59.4869],[17.938643,59.486903],[17.939349,59.48697],[17.939785,59.487042],[17.940293,59.487169],[17.940698,59.48731],[17.941369,59.487638],[17.942125,59.488093],[17.942786,59.488425],[17.943121,59.488558],[17.944653,59.488997],[17.945499,59.489374],[17.945855,59.489677],[17.946781,59.49065],[17.947337,59.49158],[17.947431,59.491779],[17.947462,59.492062]]}},{"type":"Feature","properties":{"mode":"bus","n":6,"arr":["529","533","534","537","538","594"],"lines":"529, 533, 534, 537, 538, 594"},"geometry":{"type":"LineString","coordinates":[[17.918431,59.483526],[17.923299,59.483824],[17.924357,59.483916],[17.92618,59.484244],[17.928828,59.484788],[17.929812,59.485057],[17.93246,59.48595]]}},{"type":"Feature","properties":{"mode":"bus","n":9,"arr":["529","533","534","537","538","560","592","594","598"],"lines":"529, 533, 534, 537, 538, 560, 592, 594, 598"},"geometry":{"type":"LineString","coordinates":[[17.918133,59.479189],[17.918666,59.481826],[17.918663,59.482134],[17.918431,59.483526]]}},{"type":"Feature","properties":{"mode":"bus","n":8,"arr":["529","533","534","538","560","592","594","598"],"lines":"529, 533, 534, 538, 560, 592, 594, 598"},"geometry":{"type":"LineString","coordinates":[[17.914332,59.477179],[17.91385,59.477757],[17.91316,59.478456],[17.913126,59.478604],[17.913314,59.47876],[17.913422,59.478795],[17.9141,59.478851],[17.914198,59.478878],[17.914243,59.478921],[17.91424,59.479092],[17.914247,59.479112],[17.91427,59.479125],[17.914309,59.479131],[17.916503,59.479217],[17.917153,59.479221],[17.918133,59.479189]]}},{"type":"Feature","properties":{"mode":"bus","n":6,"arr":["529","538","560","592","594","598"],"lines":"529, 538, 560, 592, 594, 598"},"geometry":{"type":"LineString","coordinates":[[17.914657,59.476818],[17.914332,59.477179]]}},{"type":"Feature","properties":{"mode":"bus","n":5,"arr":["530","612","615","629","695"],"lines":"530, 612, 615, 629, 695"},"geometry":{"type":"LineString","coordinates":[[18.141684,59.460567],[18.140595,59.459935]]}},{"type":"Feature","properties":{"mode":"bus","n":5,"arr":["530","612","615","629","695"],"lines":"530, 612, 615, 629, 695"},"geometry":{"type":"LineString","coordinates":[[18.141775,59.460343],[18.141684,59.460567],[18.141754,59.460627],[18.14262,59.461028],[18.142698,59.461109],[18.142722,59.461277],[18.142558,59.461454],[18.142317,59.461581],[18.141979,59.461714],[18.136663,59.463576],[18.136309,59.463757],[18.135842,59.46409],[18.13517,59.464348]]}},{"type":"Feature","properties":{"mode":"bus","n":8,"arr":["530","533","534","536","537","594","598","684"],"lines":"530, 533, 534, 536, 537, 594, 598, 684"},"geometry":{"type":"LineString","coordinates":[[17.918942,59.514467],[17.918734,59.514463]]}},{"type":"Feature","properties":{"mode":"bus","n":7,"arr":["530","533","534","536","537","594","684"],"lines":"530, 533, 534, 536, 537, 594, 684"},"geometry":{"type":"LineString","coordinates":[[17.918734,59.514463],[17.915162,59.514327],[17.909341,59.51432]]}},{"type":"Feature","properties":{"mode":"bus","n":7,"arr":["530","533","534","536","537","594","684"],"lines":"530, 533, 534, 536, 537, 594, 684"},"geometry":{"type":"LineString","coordinates":[[17.918748,59.514363],[17.917721,59.514345],[17.914717,59.514234],[17.90934,59.514248]]}},{"type":"Feature","properties":{"mode":"bus","n":6,"arr":["530","536","560","560X","592","594"],"lines":"530, 536, 560, 560X, 592, 594"},"geometry":{"type":"LineString","coordinates":[[17.900482,59.520402],[17.899834,59.519411],[17.899302,59.518327],[17.8993,59.518306],[17.899316,59.51829],[17.899351,59.51828],[17.901214,59.51793],[17.901248,59.51792],[17.901263,59.517904],[17.901258,59.517884],[17.900846,59.517255],[17.899487,59.515457],[17.8991,59.514603],[17.898898,59.513824]]}},{"type":"Feature","properties":{"mode":"bus","n":7,"arr":["530","536","545","560","560X","592","594"],"lines":"530, 536, 545, 560, 560X, 592, 594"},"geometry":{"type":"LineString","coordinates":[[17.899914,59.520531],[17.900482,59.520402]]}},{"type":"Feature","properties":{"mode":"bus","n":9,"arr":["530","612","615","624","628","629","683","694","695"],"lines":"530, 612, 615, 624, 628, 629, 683, 694, 695"},"geometry":{"type":"LineString","coordinates":[[18.14095,59.459875],[18.141775,59.460343]]}},{"type":"Feature","properties":{"mode":"bus","n":7,"arr":["532","533","534","536","537","594","684"],"lines":"532, 533, 534, 536, 537, 594, 684"},"geometry":{"type":"LineString","coordinates":[[17.90934,59.514248],[17.909336,59.514678],[17.909228,59.515153],[17.909216,59.517756],[17.909304,59.518086],[17.909303,59.519982]]}},{"type":"Feature","properties":{"mode":"bus","n":6,"arr":["533","534","537","538","594","598"],"lines":"533, 534, 537, 538, 594, 598"},"geometry":{"type":"LineString","coordinates":[[17.948941,59.502878],[17.948493,59.502273],[17.948108,59.50196],[17.94752,59.501607],[17.947095,59.501417],[17.946555,59.50123],[17.946016,59.501095],[17.944996,59.50096],[17.94249,59.500838],[17.94095,59.500685],[17.939989,59.5005],[17.939297,59.500302],[17.937073,59.499558]]}},{"type":"Feature","properties":{"mode":"bus","n":5,"arr":["536","538","560","592","598"],"lines":"536, 538, 560, 592, 598"},"geometry":{"type":"LineString","coordinates":[[17.923221,59.50358],[17.922105,59.503606],[17.921459,59.503582]]}},{"type":"Feature","properties":{"mode":"bus","n":5,"arr":["536","538","560","592","598"],"lines":"536, 538, 560, 592, 598"},"geometry":{"type":"LineString","coordinates":[[17.915036,59.503615],[17.919146,59.503611],[17.921459,59.503582],[17.922067,59.503518],[17.923178,59.503477]]}},{"type":"Feature","properties":{"mode":"bus","n":6,"arr":["538","545","562","568","592","598"],"lines":"538, 545, 562, 568, 592, 598"},"geometry":{"type":"LineString","coordinates":[[17.917869,59.519149],[17.918025,59.518915]]}},{"type":"Feature","properties":{"mode":"bus","n":6,"arr":["538","545","562","568","592","598"],"lines":"538, 545, 562, 568, 592, 598"},"geometry":{"type":"LineString","coordinates":[[17.917832,59.518897],[17.917869,59.519149],[17.917528,59.52052],[17.916885,59.522561],[17.916595,59.523239],[17.916231,59.523753],[17.915788,59.524154]]}},{"type":"Feature","properties":{"mode":"bus","n":5,"arr":["538","545","568","592","598"],"lines":"538, 545, 568, 592, 598"},"geometry":{"type":"LineString","coordinates":[[17.921491,59.528215],[17.922342,59.528587],[17.923304,59.528913],[17.924225,59.529143],[17.925303,59.529346]]}},{"type":"Feature","properties":{"mode":"bus","n":8,"arr":["540","608","670","680","690","691","697","699"],"lines":"540, 608, 670, 680, 690, 691, 697, 699"},"geometry":{"type":"LineString","coordinates":[[18.049805,59.372776],[18.049335,59.373326],[18.049058,59.373569],[18.047594,59.374701],[18.045067,59.377245],[18.044464,59.377777],[18.043725,59.378289]]}},{"type":"Feature","properties":{"mode":"bus","n":8,"arr":["540","608","670","680","690","691","697","699"],"lines":"540, 608, 670, 680, 690, 691, 697, 699"},"geometry":{"type":"LineString","coordinates":[[18.052904,59.36643],[18.05219,59.367574]]}},{"type":"Feature","properties":{"mode":"bus","n":8,"arr":["540","608","670","680","690","691","697","699"],"lines":"540, 608, 670, 680, 690, 691, 697, 699"},"geometry":{"type":"LineString","coordinates":[[18.047322,59.375181],[18.047817,59.374718],[18.048219,59.37439],[18.049052,59.373787],[18.049597,59.373297]]}},{"type":"Feature","properties":{"mode":"bus","n":5,"arr":["547","548","560","560X","591"],"lines":"547, 548, 560, 560X, 591"},"geometry":{"type":"LineString","coordinates":[[17.806668,59.453396],[17.805653,59.453955]]}},{"type":"Feature","properties":{"mode":"bus","n":6,"arr":["542","547","548","550","560","591"],"lines":"542, 547, 548, 550, 560, 591"},"geometry":{"type":"LineString","coordinates":[[17.806814,59.453297],[17.806668,59.453396]]}},{"type":"Feature","properties":{"mode":"bus","n":5,"arr":["542","547","550","560","591"],"lines":"542, 547, 550, 560, 591"},"geometry":{"type":"LineString","coordinates":[[17.806814,59.453297],[17.806939,59.453207]]}},{"type":"Feature","properties":{"mode":"bus","n":5,"arr":["542","547","550","560","591"],"lines":"542, 547, 550, 560, 591"},"geometry":{"type":"LineString","coordinates":[[17.824326,59.448664],[17.824926,59.448738],[17.826032,59.448922],[17.828292,59.449432],[17.829891,59.449731],[17.830478,59.449816]]}},{"type":"Feature","properties":{"mode":"bus","n":5,"arr":["542","547","550","560","591"],"lines":"542, 547, 550, 560, 591"},"geometry":{"type":"LineString","coordinates":[[17.834196,59.449993],[17.831977,59.449933],[17.830548,59.449821],[17.830528,59.44982],[17.830517,59.44982],[17.830512,59.44982],[17.830516,59.449821],[17.830527,59.449823],[17.830546,59.449826],[17.831311,59.44994],[17.831961,59.449994],[17.834103,59.450081]]}},{"type":"Feature","properties":{"mode":"bus","n":5,"arr":["542","547","550","560","591"],"lines":"542, 547, 550, 560, 591"},"geometry":{"type":"LineString","coordinates":[[17.835194,59.450114],[17.835273,59.450032]]}},{"type":"Feature","properties":{"mode":"bus","n":8,"arr":["542","547","552H","552V","560","567","590","591"],"lines":"542, 547, 552H, 552V, 560, 567, 590, 591"},"geometry":{"type":"LineString","coordinates":[[17.829182,59.424969],[17.829231,59.42511]]}},{"type":"Feature","properties":{"mode":"bus","n":5,"arr":["542","547","552H","560","567"],"lines":"542, 547, 552H, 560, 567"},"geometry":{"type":"LineString","coordinates":[[17.829231,59.42511],[17.828961,59.425119]]}},{"type":"Feature","properties":{"mode":"bus","n":9,"arr":["542","547","552H","552V","560","564H","567","590","591"],"lines":"542, 547, 552H, 552V, 560, 564H, 567, 590, 591"},"geometry":{"type":"LineString","coordinates":[[17.831428,59.424155],[17.830549,59.424157],[17.830079,59.424207],[17.829758,59.424284],[17.829614,59.424341],[17.829355,59.424527],[17.829248,59.424663],[17.829182,59.424969]]}},{"type":"Feature","properties":{"mode":"bus","n":8,"arr":["542","547","552H","552V","560","564H","567","591"],"lines":"542, 547, 552H, 552V, 560, 564H, 567, 591"},"geometry":{"type":"LineString","coordinates":[[17.831743,59.424205],[17.831428,59.424155]]}},{"type":"Feature","properties":{"mode":"bus","n":8,"arr":["542","543","547","552H","552V","560","564H","567"],"lines":"542, 543, 547, 552H, 552V, 560, 564H, 567"},"geometry":{"type":"LineString","coordinates":[[17.831743,59.424205],[17.83207,59.424239],[17.832288,59.424214],[17.832348,59.4242],[17.832391,59.424174],[17.832454,59.424115],[17.832511,59.42386]]}},{"type":"Feature","properties":{"mode":"bus","n":10,"arr":["542","544","547","552H","552V","560","564V","567","590","591"],"lines":"542, 544, 547, 552H, 552V, 560, 564V, 567, 590, 591"},"geometry":{"type":"LineString","coordinates":[[17.831743,59.424205],[17.831426,59.424253],[17.830513,59.424258],[17.83014,59.424303],[17.829901,59.424358],[17.829759,59.42442],[17.829555,59.424563],[17.829462,59.424678],[17.829396,59.424827],[17.829367,59.425105]]}},{"type":"Feature","properties":{"mode":"bus","n":6,"arr":["542","544","552H","560","567","591"],"lines":"542, 544, 552H, 560, 567, 591"},"geometry":{"type":"LineString","coordinates":[[17.847039,59.425336],[17.846597,59.425368],[17.845828,59.425323],[17.84279,59.425241],[17.842521,59.425209]]}},{"type":"Feature","properties":{"mode":"bus","n":5,"arr":["550","552H","552V","567","590"],"lines":"550, 552H, 552V, 567, 590"},"geometry":{"type":"LineString","coordinates":[[17.849914,59.425578],[17.851025,59.425628],[17.851575,59.425622],[17.852561,59.42553],[17.853362,59.425338],[17.853853,59.425143],[17.854112,59.424999]]}},{"type":"Feature","properties":{"mode":"bus","n":9,"arr":["552","552H","552V","553H","553V","564H","564V","564Y","590"],"lines":"552, 552H, 552V, 553H, 553V, 564H, 564V, 564Y, 590"},"geometry":{"type":"LineString","coordinates":[[17.813697,59.417997],[17.812084,59.416971],[17.811665,59.416735],[17.811166,59.416507],[17.810375,59.416238],[17.809655,59.416088],[17.809254,59.416041],[17.808063,59.416043],[17.807325,59.416092],[17.807138,59.416126]]}},{"type":"Feature","properties":{"mode":"bus","n":9,"arr":["552","552H","552V","553H","553V","564H","564V","564Y","590"],"lines":"552, 552H, 552V, 553H, 553V, 564H, 564V, 564Y, 590"},"geometry":{"type":"LineString","coordinates":[[17.806798,59.416168],[17.804023,59.416399],[17.803486,59.416412],[17.803004,59.416403],[17.802016,59.41632],[17.801109,59.416128],[17.800563,59.415959],[17.800134,59.415764],[17.799118,59.415188],[17.798438,59.414678],[17.797994,59.414291],[17.797494,59.413791]]}},{"type":"Feature","properties":{"mode":"bus","n":8,"arr":["552","552H","552V","553H","553V","564H","564V","590"],"lines":"552, 552H, 552V, 553H, 553V, 564H, 564V, 590"},"geometry":{"type":"LineString","coordinates":[[17.797494,59.413791],[17.797277,59.413466],[17.796913,59.412786],[17.796716,59.412295],[17.796634,59.411898],[17.796606,59.411465],[17.796609,59.411091],[17.796717,59.410135]]}},{"type":"Feature","properties":{"mode":"bus","n":8,"arr":["552","552H","552V","553H","553V","564H","564V","590"],"lines":"552, 552H, 552V, 553H, 553V, 564H, 564V, 590"},"geometry":{"type":"LineString","coordinates":[[17.821076,59.404703],[17.82029,59.40452],[17.818462,59.403988],[17.81557,59.403192],[17.814116,59.40276],[17.812758,59.402405],[17.812324,59.402315],[17.811852,59.402233],[17.810777,59.402098],[17.810172,59.40205],[17.808743,59.402009],[17.807994,59.402033]]}},{"type":"Feature","properties":{"mode":"bus","n":6,"arr":["552","552H","552V","564H","564V","590"],"lines":"552, 552H, 552V, 564H, 564V, 590"},"geometry":{"type":"LineString","coordinates":[[17.801346,59.402747],[17.79949,59.403146],[17.798727,59.403332],[17.79786,59.403594],[17.797349,59.403821],[17.796941,59.404044],[17.796547,59.404367],[17.796116,59.404915],[17.795974,59.405404],[17.79597,59.405841],[17.796863,59.407929]]}},{"type":"Feature","properties":{"mode":"bus","n":5,"arr":["552","552H","552V","564H","590"],"lines":"552, 552H, 552V, 564H, 590"},"geometry":{"type":"LineString","coordinates":[[17.802885,59.402512],[17.802695,59.402526],[17.801346,59.402747]]}},{"type":"Feature","properties":{"mode":"bus","n":7,"arr":["552","552H","552V","553H","564H","564V","590"],"lines":"552, 552H, 552V, 553H, 564H, 564V, 590"},"geometry":{"type":"LineString","coordinates":[[17.807994,59.402033],[17.805719,59.402189],[17.803437,59.402414],[17.803171,59.402476]]}},{"type":"Feature","properties":{"mode":"bus","n":6,"arr":["552","552H","552V","553H","553V","590"],"lines":"552, 552H, 552V, 553H, 553V, 590"},"geometry":{"type":"LineString","coordinates":[[17.836906,59.406234],[17.836035,59.405966],[17.834048,59.405163],[17.833559,59.405021],[17.832864,59.404854],[17.831429,59.404645],[17.830755,59.404598],[17.83007,59.404592],[17.823946,59.404957],[17.823096,59.404956],[17.822389,59.404907],[17.821854,59.404843],[17.821076,59.404703]]}},{"type":"Feature","properties":{"mode":"bus","n":8,"arr":["552H","552V","553H","553V","564H","564V","564Y","590"],"lines":"552H, 552V, 553H, 553V, 564H, 564V, 564Y, 590"},"geometry":{"type":"LineString","coordinates":[[17.814013,59.418167],[17.813697,59.417997]]}},{"type":"Feature","properties":{"mode":"bus","n":6,"arr":["552H","553H","553V","564H","564V","564Y"],"lines":"552H, 553H, 553V, 564H, 564V, 564Y"},"geometry":{"type":"LineString","coordinates":[[17.815898,59.419348],[17.814013,59.418167]]}},{"type":"Feature","properties":{"mode":"bus","n":5,"arr":["553H","553V","564H","564V","564Y"],"lines":"553H, 553V, 564H, 564V, 564Y"},"geometry":{"type":"LineString","coordinates":[[17.826294,59.415381],[17.819698,59.417784],[17.817953,59.418534]]}},{"type":"Feature","properties":{"mode":"bus","n":24,"arr":["601","602","604","604X","605","606","607","609","610","610E","611","613","624","628","629","670","670X","680","690","691","694","695","697","699"],"lines":"601, 602, 604, 604X, 605, 606, 607, 609, 610, 610E, 611, 613, 624, 628, 629, 670, 670X, 680, 690, 691, 694, 695, 697, 699"},"geometry":{"type":"LineString","coordinates":[[18.041954,59.391726],[18.041926,59.392608]]}},{"type":"Feature","properties":{"mode":"bus","n":6,"arr":["602","604","611","613","691","695"],"lines":"602, 604, 611, 613, 691, 695"},"geometry":{"type":"LineString","coordinates":[[18.031418,59.410408],[18.031525,59.410496]]}},{"type":"Feature","properties":{"mode":"bus","n":10,"arr":["604X","605","607","609","624","628","629","694","695","698"],"lines":"604X, 605, 607, 609, 624, 628, 629, 694, 695, 698"},"geometry":{"type":"LineString","coordinates":[[18.043052,59.38934],[18.043086,59.390094]]}},{"type":"Feature","properties":{"mode":"bus","n":12,"arr":["602","604X","605","606","607","609","624","628","629","694","695","698"],"lines":"602, 604X, 605, 606, 607, 609, 624, 628, 629, 694, 695, 698"},"geometry":{"type":"LineString","coordinates":[[18.042575,59.389441],[18.042672,59.389325],[18.042808,59.389265],[18.042862,59.389256],[18.04289,59.389254],[18.042918,59.389259],[18.043019,59.389288],[18.043052,59.38934]]}},{"type":"Feature","properties":{"mode":"bus","n":7,"arr":["604","604X","616","617H","629","691","698"],"lines":"604, 604X, 616, 617H, 629, 691, 698"},"geometry":{"type":"LineString","coordinates":[[18.111935,59.445454],[18.111637,59.445465],[18.111062,59.44557],[18.108982,59.445802],[18.108326,59.445827],[18.104981,59.445315],[18.104493,59.445266],[18.104014,59.445255]]}},{"type":"Feature","properties":{"mode":"bus","n":6,"arr":["604","604X","616","617V","629","691"],"lines":"604, 604X, 616, 617V, 629, 691"},"geometry":{"type":"LineString","coordinates":[[18.104014,59.445255],[18.101727,59.445293]]}},{"type":"Feature","properties":{"mode":"bus","n":6,"arr":["604","609","610","610E","616","698"],"lines":"604, 609, 610, 610E, 616, 698"},"geometry":{"type":"LineString","coordinates":[[18.094474,59.446866],[18.094871,59.446565],[18.095137,59.446319],[18.095974,59.445377],[18.096219,59.44518]]}},{"type":"Feature","properties":{"mode":"bus","n":6,"arr":["604","609","610","610E","616","698"],"lines":"604, 609, 610, 610E, 616, 698"},"geometry":{"type":"LineString","coordinates":[[18.095888,59.445096],[18.095857,59.445256],[18.095158,59.446039],[18.094281,59.44683],[18.093303,59.447601],[18.092099,59.448312],[18.091467,59.448633]]}},{"type":"Feature","properties":{"mode":"bus","n":6,"arr":["604","609","610","610E","616","617V"],"lines":"604, 609, 610, 610E, 616, 617V"},"geometry":{"type":"LineString","coordinates":[[18.094333,59.446974],[18.094474,59.446866]]}},{"type":"Feature","properties":{"mode":"bus","n":8,"arr":["604","605","614","615","616","617V","684","695"],"lines":"604, 605, 614, 615, 616, 617V, 684, 695"},"geometry":{"type":"LineString","coordinates":[[18.087077,59.447551],[18.088304,59.447784],[18.088726,59.447904],[18.089134,59.448059],[18.090025,59.448586]]}},{"type":"Feature","properties":{"mode":"bus","n":9,"arr":["604","605","614","615","616","617V","627","684","695"],"lines":"604, 605, 614, 615, 616, 617V, 627, 684, 695"},"geometry":{"type":"LineString","coordinates":[[18.083361,59.446914],[18.087077,59.447551]]}},{"type":"Feature","properties":{"mode":"bus","n":5,"arr":["604","605","615","616","695"],"lines":"604, 605, 615, 616, 695"},"geometry":{"type":"LineString","coordinates":[[18.083404,59.446846],[18.083361,59.446914]]}},{"type":"Feature","properties":{"mode":"bus","n":9,"arr":["604","605","615","616","617H","627","684","695","698"],"lines":"604, 605, 615, 616, 617H, 627, 684, 695, 698"},"geometry":{"type":"LineString","coordinates":[[18.08716,59.447466],[18.08524,59.447201],[18.084027,59.446983],[18.081595,59.446488]]}},{"type":"Feature","properties":{"mode":"bus","n":11,"arr":["604","605","614","615","616","617H","617V","627","684","695","698"],"lines":"604, 605, 614, 615, 616, 617H, 617V, 627, 684, 695, 698"},"geometry":{"type":"LineString","coordinates":[[18.081595,59.446488],[18.077386,59.445433]]}},{"type":"Feature","properties":{"mode":"bus","n":10,"arr":["604","605","614","615","616","617H","617V","627","684","695"],"lines":"604, 605, 614, 615, 616, 617H, 617V, 627, 684, 695"},"geometry":{"type":"LineString","coordinates":[[18.077386,59.445433],[18.077178,59.44543],[18.075604,59.445093]]}},{"type":"Feature","properties":{"mode":"bus","n":12,"arr":["604","605","614","615","616","617H","617V","619","627","684","695","698"],"lines":"604, 605, 614, 615, 616, 617H, 617V, 619, 627, 684, 695, 698"},"geometry":{"type":"LineString","coordinates":[[18.075079,59.444629],[18.074006,59.444189]]}},{"type":"Feature","properties":{"mode":"bus","n":7,"arr":["604","605","615","616","617H","627","695"],"lines":"604, 605, 615, 616, 617H, 627, 695"},"geometry":{"type":"LineString","coordinates":[[18.072885,59.443802],[18.072435,59.443686]]}},{"type":"Feature","properties":{"mode":"bus","n":10,"arr":["604","605","614","615","616","617H","617V","619","627","695"],"lines":"604, 605, 614, 615, 616, 617H, 617V, 619, 627, 695"},"geometry":{"type":"LineString","coordinates":[[18.072435,59.443686],[18.071198,59.443105]]}},{"type":"Feature","properties":{"mode":"bus","n":9,"arr":["604","605","614","615","616","617V","619","627","695"],"lines":"604, 605, 614, 615, 616, 617V, 619, 627, 695"},"geometry":{"type":"LineString","coordinates":[[18.070797,59.44292],[18.070654,59.442817],[18.069841,59.442417],[18.069653,59.442252]]}},{"type":"Feature","properties":{"mode":"bus","n":13,"arr":["604","605","614","615","616","617H","617V","619","627","690","691","695","698"],"lines":"604, 605, 614, 615, 616, 617H, 617V, 619, 627, 690, 691, 695, 698"},"geometry":{"type":"LineString","coordinates":[[18.069653,59.442252],[18.069461,59.442168],[18.069255,59.442117]]}},{"type":"Feature","properties":{"mode":"bus","n":9,"arr":["604","614","615","616","619","690","691","695","698"],"lines":"604, 614, 615, 616, 619, 690, 691, 695, 698"},"geometry":{"type":"LineString","coordinates":[[18.068985,59.442149],[18.065677,59.443967],[18.065025,59.444291]]}},{"type":"Feature","properties":{"mode":"bus","n":5,"arr":["604","607","611","613","691"],"lines":"604, 607, 611, 613, 691"},"geometry":{"type":"LineString","coordinates":[[18.035461,59.406627],[18.034767,59.407428],[18.0339,59.408131],[18.033287,59.408488],[18.032664,59.408756],[18.032226,59.408978],[18.032109,59.409093],[18.032032,59.409255],[18.032069,59.409438],[18.032338,59.409827],[18.032318,59.409929],[18.032218,59.410044]]}},{"type":"Feature","properties":{"mode":"bus","n":5,"arr":["604","607","611","613","691"],"lines":"604, 607, 611, 613, 691"},"geometry":{"type":"LineString","coordinates":[[18.035194,59.409196],[18.035109,59.40912],[18.035074,59.409035],[18.035042,59.408664],[18.035034,59.40813],[18.035168,59.407601],[18.035463,59.407042],[18.036075,59.40627],[18.036201,59.40604]]}},{"type":"Feature","properties":{"mode":"bus","n":20,"arr":["604","604X","605","607","608","609","610","610E","611","613","624","628","629","670","670X","680","690","691","694","699"],"lines":"604, 604X, 605, 607, 608, 609, 610, 610E, 611, 613, 624, 628, 629, 670, 670X, 680, 690, 691, 694, 699"},"geometry":{"type":"LineString","coordinates":[[18.036957,59.402614],[18.036825,59.40424],[18.036719,59.404689],[18.036537,59.405174],[18.036236,59.405685],[18.035461,59.406627]]}},{"type":"Feature","properties":{"mode":"bus","n":20,"arr":["604","604X","605","607","608","609","610","610E","611","613","624","628","629","670","670X","680","690","691","694","699"],"lines":"604, 604X, 605, 607, 608, 609, 610, 610E, 611, 613, 624, 628, 629, 670, 670X, 680, 690, 691, 694, 699"},"geometry":{"type":"LineString","coordinates":[[18.036201,59.40604],[18.036569,59.405561],[18.036766,59.405221],[18.036941,59.404805],[18.037077,59.404091],[18.037277,59.401943]]}},{"type":"Feature","properties":{"mode":"bus","n":18,"arr":["604","604X","605","607","608","609","610","610E","611","613","624","628","629","670","670X","680","694","699"],"lines":"604, 604X, 605, 607, 608, 609, 610, 610E, 611, 613, 624, 628, 629, 670, 670X, 680, 694, 699"},"geometry":{"type":"LineString","coordinates":[[18.041354,59.394362],[18.038931,59.395931],[18.038397,59.396331],[18.037982,59.396721],[18.03767,59.397166],[18.037498,59.39755],[18.037277,59.398525],[18.037085,59.401382],[18.036957,59.402614]]}},{"type":"Feature","properties":{"mode":"bus","n":17,"arr":["604","604X","605","607","609","610","610E","611","613","624","628","629","670","670X","680","694","699"],"lines":"604, 604X, 605, 607, 609, 610, 610E, 611, 613, 624, 628, 629, 670, 670X, 680, 694, 699"},"geometry":{"type":"LineString","coordinates":[[18.041926,59.392608],[18.042373,59.392748],[18.042513,59.392825],[18.042625,59.393007],[18.042591,59.393176],[18.042494,59.393353],[18.04224,59.393603],[18.041354,59.394362]]}},{"type":"Feature","properties":{"mode":"bus","n":5,"arr":["604","615","619","691","698"],"lines":"604, 615, 619, 691, 698"},"geometry":{"type":"LineString","coordinates":[[18.062416,59.444763],[18.062197,59.444716],[18.062082,59.444655],[18.061823,59.444148],[18.061344,59.443435],[18.060548,59.442694],[18.059487,59.441784]]}},{"type":"Feature","properties":{"mode":"bus","n":7,"arr":["604","615","616","619","690","691","698"],"lines":"604, 615, 616, 619, 690, 691, 698"},"geometry":{"type":"LineString","coordinates":[[18.065025,59.444291],[18.064646,59.444343],[18.063798,59.444568],[18.062671,59.444751],[18.062416,59.444763]]}},{"type":"Feature","properties":{"mode":"bus","n":9,"arr":["604","605","615","616","617H","619","627","695","698"],"lines":"604, 605, 615, 616, 617H, 619, 627, 695, 698"},"geometry":{"type":"LineString","coordinates":[[18.070954,59.44283],[18.070687,59.442645],[18.069994,59.442326],[18.069653,59.442252]]}},{"type":"Feature","properties":{"mode":"bus","n":8,"arr":["604","605","615","616","627","684","695","698"],"lines":"604, 605, 615, 616, 627, 684, 695, 698"},"geometry":{"type":"LineString","coordinates":[[18.077386,59.445433],[18.077207,59.44533],[18.076862,59.445235],[18.075657,59.444964]]}},{"type":"Feature","properties":{"mode":"bus","n":8,"arr":["604","605","615","616","617H","684","695","698"],"lines":"604, 605, 615, 616, 617H, 684, 695, 698"},"geometry":{"type":"LineString","coordinates":[[18.090131,59.44853],[18.089515,59.448175],[18.088938,59.447916],[18.08832,59.447727],[18.08716,59.447466]]}},{"type":"Feature","properties":{"mode":"bus","n":13,"arr":["604X","608","609","610","610E","624","628","629","670","670X","680","694","699"],"lines":"604X, 608, 609, 610, 610E, 624, 628, 629, 670, 670X, 680, 694, 699"},"geometry":{"type":"LineString","coordinates":[[18.061051,59.425828],[18.062407,59.426374],[18.062965,59.426678],[18.06379,59.427248],[18.063997,59.42743],[18.064541,59.428104],[18.064855,59.428701],[18.065531,59.430807],[18.065694,59.431188],[18.066018,59.43177],[18.066591,59.432494],[18.067075,59.433187],[18.067408,59.433529],[18.068014,59.433969],[18.069046,59.434642],[18.070469,59.435477],[18.07117,59.435789],[18.072046,59.436091],[18.072684,59.43625],[18.073722,59.436555],[18.07435,59.436703],[18.081354,59.438072],[18.083499,59.43865],[18.086117,59.439534],[18.093692,59.442535]]}},{"type":"Feature","properties":{"mode":"bus","n":13,"arr":["604X","608","609","610","610E","624","628","629","670","670X","680","694","699"],"lines":"604X, 608, 609, 610, 610E, 624, 628, 629, 670, 670X, 680, 694, 699"},"geometry":{"type":"LineString","coordinates":[[18.09126,59.441416],[18.086237,59.439441],[18.083663,59.438536],[18.081465,59.437948],[18.074089,59.436501],[18.07271,59.43604],[18.071938,59.435722],[18.070655,59.435123],[18.069819,59.434637],[18.067952,59.43328],[18.066954,59.432607],[18.066686,59.432348],[18.066361,59.431958],[18.06597,59.431346],[18.06585,59.431095],[18.065655,59.43059],[18.065129,59.428757],[18.064858,59.428181],[18.06435,59.427561],[18.064003,59.427212],[18.062978,59.426548],[18.062229,59.426138]]}},{"type":"Feature","properties":{"mode":"bus","n":16,"arr":["604X","605","608","609","610","610E","624","627","628","629","670","670X","680","690","694","699"],"lines":"604X, 605, 608, 609, 610, 610E, 624, 627, 628, 629, 670, 670X, 680, 690, 694, 699"},"geometry":{"type":"LineString","coordinates":[[18.034356,59.410741],[18.036765,59.414694],[18.037408,59.415654],[18.038507,59.416711],[18.039367,59.417402],[18.040112,59.417903],[18.04093,59.418357],[18.043974,59.419836],[18.045906,59.420644],[18.047536,59.421124],[18.051931,59.422314],[18.053094,59.422707],[18.061051,59.425828]]}},{"type":"Feature","properties":{"mode":"bus","n":15,"arr":["604X","605","608","609","610","610E","624","628","629","670","670X","680","690","694","699"],"lines":"604X, 605, 608, 609, 610, 610E, 624, 628, 629, 670, 670X, 680, 690, 694, 699"},"geometry":{"type":"LineString","coordinates":[[18.035461,59.406627],[18.034447,59.408075],[18.034204,59.408648],[18.034112,59.408967],[18.03406,59.409504],[18.034079,59.409755],[18.034356,59.410741]]}},{"type":"Feature","properties":{"mode":"bus","n":15,"arr":["604X","605","608","609","610","610E","624","628","629","670","670X","680","690","694","699"],"lines":"604X, 605, 608, 609, 610, 610E, 624, 628, 629, 670, 670X, 680, 690, 694, 699"},"geometry":{"type":"LineString","coordinates":[[18.036907,59.414444],[18.034602,59.410693],[18.03436,59.410147],[18.03427,59.409741],[18.034249,59.409487],[18.034298,59.409069],[18.034567,59.408269],[18.035018,59.40753],[18.036201,59.40604]]}},{"type":"Feature","properties":{"mode":"bus","n":6,"arr":["604X","624","628","629","694","698"],"lines":"604X, 624, 628, 629, 694, 698"},"geometry":{"type":"LineString","coordinates":[[18.043086,59.390094],[18.043084,59.390313]]}},{"type":"Feature","properties":{"mode":"bus","n":17,"arr":["604X","605","608","609","610","610E","624","627","628","629","670","670X","680","690","694","698","699"],"lines":"604X, 605, 608, 609, 610, 610E, 624, 627, 628, 629, 670, 670X, 680, 690, 694, 698, 699"},"geometry":{"type":"LineString","coordinates":[[18.062229,59.426138],[18.059037,59.424858],[18.053278,59.422601],[18.051991,59.422205],[18.047665,59.421026],[18.046077,59.420534],[18.044125,59.419737],[18.041053,59.418265],[18.040297,59.417833],[18.039557,59.41734],[18.03871,59.416663],[18.038154,59.416151],[18.037364,59.415217],[18.036907,59.414444]]}},{"type":"Feature","properties":{"mode":"bus","n":5,"arr":["605","614","615","684","695"],"lines":"605, 614, 615, 684, 695"},"geometry":{"type":"LineString","coordinates":[[18.089113,59.449668],[18.089365,59.44948],[18.089744,59.44927],[18.090216,59.44906],[18.090283,59.448971],[18.090275,59.448866],[18.090222,59.448757],[18.090025,59.448586]]}},{"type":"Feature","properties":{"mode":"bus","n":6,"arr":["605","617H","617V","627","690","691"],"lines":"605, 617H, 617V, 627, 690, 691"},"geometry":{"type":"LineString","coordinates":[[18.069653,59.442252],[18.070713,59.442745],[18.070891,59.442886]]}},{"type":"Feature","properties":{"mode":"bus","n":6,"arr":["605","617H","617V","627","690","691"],"lines":"605, 617H, 617V, 627, 690, 691"},"geometry":{"type":"LineString","coordinates":[[18.071137,59.442889],[18.071358,59.44268],[18.071371,59.442612],[18.071283,59.442504],[18.070999,59.442354],[18.069891,59.441923],[18.069497,59.441747],[18.069473,59.441731],[18.06947,59.441713],[18.06949,59.441696],[18.069848,59.441481],[18.070214,59.441316],[18.07043,59.441264],[18.07445,59.441042],[18.075287,59.440886],[18.075621,59.440797],[18.076049,59.440631],[18.076431,59.440442],[18.077081,59.440021],[18.077257,59.439809],[18.077425,59.439579],[18.077488,59.439416],[18.077548,59.438943],[18.077513,59.43876],[18.077299,59.438367],[18.077176,59.43823],[18.07661,59.437829],[18.075863,59.437527],[18.075407,59.437386]]}},{"type":"Feature","properties":{"mode":"bus","n":6,"arr":["605","617H","617V","627","690","691"],"lines":"605, 617H, 617V, 627, 690, 691"},"geometry":{"type":"LineString","coordinates":[[18.075029,59.437286],[18.07457,59.437225],[18.07354,59.436938],[18.072001,59.436345]]}},{"type":"Feature","properties":{"mode":"bus","n":5,"arr":["605","627","690","691","698"],"lines":"605, 627, 690, 691, 698"},"geometry":{"type":"LineString","coordinates":[[18.066288,59.435174],[18.066232,59.435108]]}},{"type":"Feature","properties":{"mode":"bus","n":9,"arr":["608","624","628","629","670","670X","680","694","699"],"lines":"608, 624, 628, 629, 670, 670X, 680, 694, 699"},"geometry":{"type":"LineString","coordinates":[[18.12171,59.446394],[18.123733,59.446756],[18.125036,59.447023],[18.126504,59.447449],[18.127309,59.447727],[18.128108,59.448054],[18.129136,59.448589],[18.130175,59.449281],[18.130918,59.449943],[18.131359,59.45047],[18.133024,59.45301]]}},{"type":"Feature","properties":{"mode":"bus","n":8,"arr":["608","624","628","670","670X","680","694","699"],"lines":"608, 624, 628, 670, 670X, 680, 694, 699"},"geometry":{"type":"LineString","coordinates":[[18.093692,59.442535],[18.096703,59.443593],[18.097875,59.443916],[18.098906,59.444166],[18.100069,59.44441],[18.100953,59.444564],[18.102155,59.44472],[18.103341,59.444823],[18.108344,59.445044],[18.114139,59.445245],[18.115777,59.445367],[18.117199,59.445538],[18.118399,59.44574],[18.12171,59.446394]]}},{"type":"Feature","properties":{"mode":"bus","n":8,"arr":["608","624","628","670","670X","680","694","699"],"lines":"608, 624, 628, 670, 670X, 680, 694, 699"},"geometry":{"type":"LineString","coordinates":[[18.121849,59.446256],[18.117724,59.445513],[18.114999,59.445219],[18.112188,59.445055],[18.104509,59.444792],[18.103382,59.444727],[18.101682,59.444542],[18.100191,59.444307],[18.098023,59.44384],[18.096767,59.443514],[18.093864,59.442426],[18.09126,59.441416]]}},{"type":"Feature","properties":{"mode":"bus","n":9,"arr":["608","610E","624","628","670","670X","680","694","699"],"lines":"608, 610E, 624, 628, 670, 670X, 680, 694, 699"},"geometry":{"type":"LineString","coordinates":[[18.037277,59.401943],[18.037346,59.400627],[18.037627,59.398007],[18.037751,59.397541],[18.038076,59.396938],[18.038422,59.396557],[18.039134,59.396004],[18.042477,59.393918],[18.043347,59.393306]]}},{"type":"Feature","properties":{"mode":"bus","n":10,"arr":["608","624","628","629","670","670X","680","694","698","699"],"lines":"608, 624, 628, 629, 670, 670X, 680, 694, 698, 699"},"geometry":{"type":"LineString","coordinates":[[18.13326,59.452974],[18.131657,59.450486],[18.131219,59.449963],[18.130829,59.449578],[18.13002,59.448982],[18.12927,59.448512],[18.128561,59.448131],[18.127901,59.447839],[18.126651,59.447378],[18.125789,59.447111],[18.124986,59.446902],[18.121849,59.446256]]}},{"type":"Feature","properties":{"mode":"bus","n":6,"arr":["608","629","670","670X","680","699"],"lines":"608, 629, 670, 670X, 680, 699"},"geometry":{"type":"LineString","coordinates":[[18.135355,59.456238],[18.136448,59.455875],[18.137156,59.455678]]}},{"type":"Feature","properties":{"mode":"bus","n":6,"arr":["610","611","612","616","684","690"],"lines":"610, 611, 612, 616, 684, 690"},"geometry":{"type":"LineString","coordinates":[[18.051719,59.472144],[18.051657,59.472433],[18.05166,59.473419],[18.051742,59.474068],[18.051892,59.474671]]}},{"type":"Feature","properties":{"mode":"bus","n":6,"arr":["610","611","612","616","684","690"],"lines":"610, 611, 612, 616, 684, 690"},"geometry":{"type":"LineString","coordinates":[[18.054562,59.467735],[18.053726,59.468346],[18.053041,59.468996],[18.052659,59.469476],[18.052352,59.469972],[18.052006,59.470777],[18.051876,59.471225],[18.051719,59.472144],[18.051859,59.473731],[18.052116,59.474831]]}},{"type":"Feature","properties":{"mode":"bus","n":7,"arr":["610","611","612","616","684","687","690"],"lines":"610, 611, 612, 616, 684, 687, 690"},"geometry":{"type":"LineString","coordinates":[[18.0529,59.476681],[18.052317,59.475426],[18.052116,59.474831]]}},{"type":"Feature","properties":{"mode":"bus","n":8,"arr":["610E","624","628","670","670X","680","694","699"],"lines":"610E, 624, 628, 670, 670X, 680, 694, 699"},"geometry":{"type":"LineString","coordinates":[[18.043347,59.393306],[18.043688,59.393067],[18.04409,59.39259],[18.044708,59.391493],[18.044827,59.391313],[18.044974,59.391221],[18.045132,59.391165],[18.045373,59.391135],[18.045643,59.391148],[18.045865,59.391215],[18.045998,59.391302],[18.046074,59.391416],[18.046078,59.391561],[18.046007,59.391694],[18.045607,59.392165]]}},{"type":"Feature","properties":{"mode":"bus","n":7,"arr":["622","622X","623","623H","624","628","633"],"lines":"622, 622X, 623, 623H, 624, 628, 633"},"geometry":{"type":"LineString","coordinates":[[18.313136,59.481723],[18.312589,59.481487],[18.310955,59.480875]]}},{"type":"Feature","properties":{"mode":"bus","n":7,"arr":["622","622X","623","623H","624","628","633"],"lines":"622, 622X, 623, 623H, 624, 628, 633"},"geometry":{"type":"LineString","coordinates":[[18.305514,59.479183],[18.305771,59.479157],[18.305942,59.479179],[18.307514,59.479605]]}},{"type":"Feature","properties":{"mode":"bus","n":9,"arr":["622","622X","623","623H","623V","624","628","633","694"],"lines":"622, 622X, 623, 623H, 623V, 624, 628, 633, 694"},"geometry":{"type":"LineString","coordinates":[[18.310955,59.480875],[18.307514,59.479605]]}},{"type":"Feature","properties":{"mode":"bus","n":11,"arr":["622","622X","623","623H","623V","624","633","635","683","685","698"],"lines":"622, 622X, 623, 623H, 623V, 624, 633, 635, 683, 685, 698"},"geometry":{"type":"LineString","coordinates":[[18.30578,59.478324],[18.305593,59.478405],[18.305063,59.478909]]}},{"type":"Feature","properties":{"mode":"bus","n":11,"arr":["622","622X","623","623H","623V","624","633","635","683","685","698"],"lines":"622, 622X, 623, 623H, 623V, 624, 633, 635, 683, 685, 698"},"geometry":{"type":"LineString","coordinates":[[18.30066,59.479151],[18.301112,59.478939],[18.302017,59.478571],[18.302077,59.478495],[18.302097,59.478357],[18.30362,59.477457],[18.303748,59.477436],[18.30398,59.477477],[18.304806,59.477986]]}},{"type":"Feature","properties":{"mode":"bus","n":12,"arr":["622","622X","623","623H","623V","624","633","635","683","685","694","698"],"lines":"622, 622X, 623, 623H, 623V, 624, 633, 635, 683, 685, 694, 698"},"geometry":{"type":"LineString","coordinates":[[18.304806,59.477986],[18.30578,59.478324]]}},{"type":"Feature","properties":{"mode":"bus","n":11,"arr":["622","622X","623","623H","623V","624","633","635","683","685","694"],"lines":"622, 622X, 623, 623H, 623V, 624, 633, 635, 683, 685, 694"},"geometry":{"type":"LineString","coordinates":[[18.305373,59.478897],[18.305395,59.478753],[18.30578,59.478324]]}},{"type":"Feature","properties":{"mode":"bus","n":7,"arr":["622","622X","623V","624","628","633","694"],"lines":"622, 622X, 623V, 624, 628, 633, 694"},"geometry":{"type":"LineString","coordinates":[[18.307514,59.479605],[18.307256,59.479481],[18.306945,59.479371],[18.30624,59.479141],[18.305522,59.478953]]}},{"type":"Feature","properties":{"mode":"bus","n":7,"arr":["622","622X","623V","624","628","633","694"],"lines":"622, 622X, 623V, 624, 628, 633, 694"},"geometry":{"type":"LineString","coordinates":[[18.312125,59.481244],[18.310955,59.480875]]}},{"type":"Feature","properties":{"mode":"bus","n":6,"arr":["622X","623","623H","623V","624","694"],"lines":"622X, 623, 623H, 623V, 624, 694"},"geometry":{"type":"LineString","coordinates":[[18.328583,59.492785],[18.315611,59.484143],[18.315077,59.48367],[18.313878,59.482234]]}},{"type":"Feature","properties":{"mode":"bus","n":5,"arr":["623","623H","623V","635","698"],"lines":"623, 623H, 623V, 635, 698"},"geometry":{"type":"LineString","coordinates":[[18.301714,59.478551],[18.300989,59.478837]]}},{"type":"Feature","properties":{"mode":"bus","n":6,"arr":["623","623H","623V","633","635","698"],"lines":"623, 623H, 623V, 633, 635, 698"},"geometry":{"type":"LineString","coordinates":[[18.302097,59.478357],[18.301714,59.478551]]}},{"type":"Feature","properties":{"mode":"bus","n":5,"arr":["623","623H","623V","635","694"],"lines":"623, 623H, 623V, 635, 694"},"geometry":{"type":"LineString","coordinates":[[18.291088,59.485378],[18.295014,59.485711],[18.296075,59.485873],[18.296847,59.486026]]}},{"type":"Feature","properties":{"mode":"bus","n":6,"arr":["623","623H","623V","628","635","694"],"lines":"623, 623H, 623V, 628, 635, 694"},"geometry":{"type":"LineString","coordinates":[[18.279847,59.494249],[18.280683,59.493943],[18.285251,59.492136],[18.285936,59.491735],[18.286245,59.491438],[18.286319,59.491261],[18.286473,59.490379],[18.28653,59.489759],[18.286602,59.489408],[18.286755,59.489134],[18.287151,59.488703],[18.288304,59.487721],[18.289657,59.486631],[18.290608,59.485955],[18.290902,59.485685],[18.291088,59.485378]]}},{"type":"Feature","properties":{"mode":"bus","n":6,"arr":["623","623H","623V","624","635","694"],"lines":"623, 623H, 623V, 624, 635, 694"},"geometry":{"type":"LineString","coordinates":[[18.283672,59.501227],[18.283353,59.501144],[18.282939,59.500986],[18.282571,59.50075],[18.282427,59.500618],[18.282262,59.500394],[18.281099,59.498471],[18.279449,59.495485],[18.279307,59.49495]]}},{"type":"Feature","properties":{"mode":"bus","n":5,"arr":["623","623H","623V","624","694"],"lines":"623, 623H, 623V, 624, 694"},"geometry":{"type":"LineString","coordinates":[[18.328583,59.492785],[18.327529,59.493255],[18.32712,59.493471],[18.326135,59.494111],[18.325912,59.494296],[18.324832,59.495578],[18.324669,59.495684],[18.324168,59.495922],[18.323223,59.496278],[18.322284,59.496522],[18.320738,59.496804],[18.31867,59.497125],[18.317841,59.497405],[18.317238,59.497769],[18.316985,59.497981],[18.315211,59.500041],[18.314577,59.50057],[18.31412,59.500862],[18.313865,59.501062],[18.313584,59.501374],[18.313094,59.503961],[18.31298,59.504265],[18.312774,59.504556],[18.312482,59.504827],[18.31211,59.505072],[18.311667,59.505285],[18.311165,59.50546],[18.310615,59.505594],[18.310031,59.505682],[18.309427,59.505724],[18.308818,59.505717],[18.308218,59.505662],[18.307642,59.505561],[18.306271,59.505229],[18.305377,59.505038],[18.304718,59.504971],[18.3043,59.504957],[18.30351,59.504991],[18.303012,59.504987],[18.302437,59.504931],[18.30198,59.504835],[18.300608,59.504403],[18.29985,59.50419],[18.299402,59.504107],[18.298839,59.504046],[18.295291,59.503785],[18.29361,59.503564],[18.291663,59.503197],[18.290424,59.502937],[18.287598,59.502068],[18.286653,59.50185],[18.283672,59.501227]]}},{"type":"Feature","properties":{"mode":"bus","n":7,"arr":["624","628","629","670","680","694","699"],"lines":"624, 628, 629, 670, 680, 694, 699"},"geometry":{"type":"LineString","coordinates":[[18.133024,59.45301],[18.133989,59.454249],[18.135597,59.455661],[18.136913,59.456629]]}},{"type":"Feature","properties":{"mode":"bus","n":7,"arr":["624","628","670","680","694","698","699"],"lines":"624, 628, 670, 680, 694, 698, 699"},"geometry":{"type":"LineString","coordinates":[[18.14126,59.45934],[18.13839,59.457219],[18.13677,59.456235],[18.1361,59.455723],[18.135834,59.4556],[18.13535,59.45521],[18.134247,59.454206],[18.13326,59.452974]]}},{"type":"Feature","properties":{"mode":"bus","n":5,"arr":["624","628","683","694","698"],"lines":"624, 628, 683, 694, 698"},"geometry":{"type":"LineString","coordinates":[[18.145676,59.462282],[18.144305,59.461468]]}},{"type":"Feature","properties":{"mode":"bus","n":5,"arr":["670","670X","681","688","699"],"lines":"670, 670X, 681, 688, 699"},"geometry":{"type":"LineString","coordinates":[[18.349324,59.401531],[18.348717,59.40186]]}},{"type":"Feature","properties":{"mode":"bus","n":5,"arr":["670","670X","680","681","699"],"lines":"670, 670X, 680, 681, 699"},"geometry":{"type":"LineString","coordinates":[[18.221313,59.429498],[18.220835,59.429919],[18.220503,59.430305],[18.220227,59.430698],[18.220002,59.431116],[18.219846,59.43152],[18.21972,59.432075],[18.219394,59.43383],[18.219382,59.434242],[18.219431,59.434752],[18.219653,59.435682],[18.219931,59.436279],[18.22089,59.437957],[18.221175,59.438523],[18.221757,59.44004],[18.221927,59.440668],[18.222153,59.441914],[18.222228,59.443072],[18.222183,59.443759],[18.222043,59.444422],[18.221805,59.445086],[18.221399,59.445859],[18.221073,59.446336],[18.220621,59.44689],[18.22006,59.447455],[18.21949,59.447947],[18.218855,59.44843],[18.218183,59.448917],[18.217665,59.449244],[18.216652,59.449773],[18.215797,59.450145]]}},{"type":"Feature","properties":{"mode":"bus","n":5,"arr":["670","670X","681","683","698"],"lines":"670, 670X, 681, 683, 698"},"geometry":{"type":"LineString","coordinates":[[18.215683,59.450068],[18.215797,59.450145]]}},{"type":"Feature","properties":{"mode":"bus","n":7,"arr":["670","670X","680","681","683","698","699"],"lines":"670, 670X, 680, 681, 683, 698, 699"},"geometry":{"type":"LineString","coordinates":[[18.215797,59.450145],[18.214909,59.450494],[18.213725,59.45087],[18.210912,59.451637],[18.209088,59.452057],[18.207607,59.452356],[18.204968,59.452825],[18.202018,59.453229],[18.200526,59.453393],[18.199007,59.4535],[18.19711,59.453547],[18.19573,59.453523],[18.193463,59.453389],[18.192708,59.453326]]}},{"type":"Feature","properties":{"mode":"bus","n":6,"arr":["703","709","710","744","792","865"],"lines":"703, 709, 710, 744, 792, 865"},"geometry":{"type":"LineString","coordinates":[[17.979663,59.232387],[17.980796,59.231837],[17.983937,59.230871],[17.984984,59.230573],[17.987945,59.229565]]}},{"type":"Feature","properties":{"mode":"bus","n":7,"arr":["703","705","709","710","744","792","865"],"lines":"703, 705, 709, 710, 744, 792, 865"},"geometry":{"type":"LineString","coordinates":[[17.977797,59.234044],[17.978569,59.233234],[17.979047,59.232836],[17.979561,59.232502],[17.979634,59.23242],[17.979641,59.23241],[17.979644,59.232404],[17.979641,59.2324],[17.979634,59.2324],[17.979622,59.232403],[17.979606,59.232408],[17.979434,59.232471],[17.978942,59.2328],[17.978544,59.233134],[17.977651,59.233996]]}},{"type":"Feature","properties":{"mode":"bus","n":5,"arr":["703","705","742","791","792"],"lines":"703, 705, 742, 791, 792"},"geometry":{"type":"LineString","coordinates":[[17.993673,59.24085],[17.994366,59.240941]]}},{"type":"Feature","properties":{"mode":"bus","n":5,"arr":["705","709","742","791","865"],"lines":"705, 709, 742, 791, 865"},"geometry":{"type":"LineString","coordinates":[[17.977487,59.234154],[17.977651,59.233996]]}},{"type":"Feature","properties":{"mode":"bus","n":7,"arr":["707","710","737","740","748","792","865"],"lines":"707, 710, 737, 740, 748, 792, 865"},"geometry":{"type":"LineString","coordinates":[[17.919174,59.273533],[17.918049,59.274601]]}},{"type":"Feature","properties":{"mode":"bus","n":7,"arr":["707","710","737","740","748","792","865"],"lines":"707, 710, 737, 740, 748, 792, 865"},"geometry":{"type":"LineString","coordinates":[[17.913693,59.276743],[17.914626,59.276564],[17.915199,59.276394],[17.915743,59.276181],[17.916283,59.275905],[17.916848,59.27551],[17.917439,59.274919],[17.91912,59.27336],[17.919161,59.273273]]}},{"type":"Feature","properties":{"mode":"bus","n":6,"arr":["707","710","737","740","792","865"],"lines":"707, 710, 737, 740, 792, 865"},"geometry":{"type":"LineString","coordinates":[[17.918049,59.274601],[17.917036,59.275548],[17.916474,59.27595],[17.915882,59.276256],[17.9153,59.276479],[17.914688,59.276654],[17.914178,59.276767],[17.913013,59.276904],[17.912156,59.276915],[17.911109,59.276875]]}},{"type":"Feature","properties":{"mode":"bus","n":6,"arr":["707","710","737","740","792","865"],"lines":"707, 710, 737, 740, 792, 865"},"geometry":{"type":"LineString","coordinates":[[17.911127,59.276798],[17.912595,59.276829],[17.912975,59.276818],[17.913693,59.276743]]}},{"type":"Feature","properties":{"mode":"bus","n":5,"arr":["707","737","738","743","795"],"lines":"707, 737, 738, 743, 795"},"geometry":{"type":"LineString","coordinates":[[17.836992,59.236801],[17.836959,59.237225],[17.837042,59.238179],[17.836945,59.238695]]}},{"type":"Feature","properties":{"mode":"bus","n":5,"arr":["707","737","738","743","795"],"lines":"707, 737, 738, 743, 795"},"geometry":{"type":"LineString","coordinates":[[17.83723,59.23681],[17.837157,59.237129],[17.837201,59.238214],[17.837128,59.238717]]}},{"type":"Feature","properties":{"mode":"bus","n":7,"arr":["707","708","708Y","737","738","743","795"],"lines":"707, 708, 708Y, 737, 738, 743, 795"},"geometry":{"type":"LineString","coordinates":[[17.831836,59.219057],[17.833069,59.220025],[17.834875,59.221861],[17.835769,59.222648],[17.838776,59.225582],[17.839172,59.226077],[17.839734,59.226991],[17.840072,59.227435],[17.840428,59.228047],[17.840432,59.228061],[17.840426,59.228073],[17.84041,59.228082],[17.840384,59.228088],[17.840266,59.228106]]}},{"type":"Feature","properties":{"mode":"bus","n":13,"arr":["707","708","713","715H","715V","716","717","718","719","738","791","795","796"],"lines":"707, 708, 713, 715H, 715V, 716, 717, 718, 719, 738, 791, 795, 796"},"geometry":{"type":"LineString","coordinates":[[17.83429,59.200109],[17.835998,59.200126],[17.836485,59.200191],[17.836979,59.200317]]}},{"type":"Feature","properties":{"mode":"bus","n":12,"arr":["707","708","713","715H","715V","716","717","718","719","738","791","796"],"lines":"707, 708, 713, 715H, 715V, 716, 717, 718, 719, 738, 791, 796"},"geometry":{"type":"LineString","coordinates":[[17.836979,59.200317],[17.837342,59.200443],[17.837989,59.200731],[17.838496,59.200893],[17.8397,59.201246],[17.840118,59.201318]]}},{"type":"Feature","properties":{"mode":"bus","n":5,"arr":["708","725","731","745","791"],"lines":"708, 725, 731, 745, 791"},"geometry":{"type":"LineString","coordinates":[[17.757297,59.195628],[17.759348,59.196263],[17.760025,59.196527],[17.760398,59.196743],[17.760792,59.197033],[17.761896,59.198011],[17.762376,59.198337],[17.763223,59.198692],[17.76374,59.19885],[17.764216,59.199028],[17.764812,59.199292],[17.765883,59.200121],[17.770088,59.203154],[17.77052,59.203564],[17.770621,59.203701],[17.770809,59.204011],[17.770909,59.204414]]}},{"type":"Feature","properties":{"mode":"bus","n":5,"arr":["708","708Y","738","743","795"],"lines":"708, 708Y, 738, 743, 795"},"geometry":{"type":"LineString","coordinates":[[17.840266,59.228106],[17.840954,59.22917],[17.842374,59.231542],[17.842674,59.232107]]}},{"type":"Feature","properties":{"mode":"bus","n":5,"arr":["711","721","721X","723","726"],"lines":"711, 721, 721X, 723, 726"},"geometry":{"type":"LineString","coordinates":[[17.904534,59.205769],[17.905993,59.206154],[17.906113,59.206232],[17.906138,59.206259],[17.906138,59.206288],[17.906115,59.206346],[17.905985,59.206469]]}},{"type":"Feature","properties":{"mode":"bus","n":11,"arr":["713","715H","715V","716","717","718","719","738","743","791","796"],"lines":"713, 715H, 715V, 716, 717, 718, 719, 738, 743, 791, 796"},"geometry":{"type":"LineString","coordinates":[[17.840118,59.201318],[17.84051,59.201352],[17.841743,59.201357]]}},{"type":"Feature","properties":{"mode":"bus","n":9,"arr":["713","715H","716","717","718","719","743","791","796"],"lines":"713, 715H, 716, 717, 718, 719, 743, 791, 796"},"geometry":{"type":"LineString","coordinates":[[17.841743,59.201357],[17.841706,59.200867],[17.841593,59.200214],[17.841188,59.199053],[17.840943,59.198725],[17.840813,59.198606],[17.840281,59.198245],[17.839943,59.19812],[17.839442,59.198048]]}},{"type":"Feature","properties":{"mode":"bus","n":9,"arr":["713","715V","716","717","718","719","743","791","796"],"lines":"713, 715V, 716, 717, 718, 719, 743, 791, 796"},"geometry":{"type":"LineString","coordinates":[[17.839462,59.197964],[17.839938,59.198034],[17.840163,59.198095],[17.840414,59.198215],[17.840898,59.198579],[17.841133,59.198836],[17.841364,59.199283],[17.84178,59.200517],[17.841892,59.201358]]}},{"type":"Feature","properties":{"mode":"bus","n":10,"arr":["713","715V","716","717","718","719","738","743","791","796"],"lines":"713, 715V, 716, 717, 718, 719, 738, 743, 791, 796"},"geometry":{"type":"LineString","coordinates":[[17.841892,59.201358],[17.841743,59.201357]]}},{"type":"Feature","properties":{"mode":"bus","n":5,"arr":["716","718","719","743","796"],"lines":"716, 718, 719, 743, 796"},"geometry":{"type":"LineString","coordinates":[[17.839442,59.198048],[17.83952,59.197651],[17.839694,59.197429],[17.841294,59.19629],[17.841564,59.196069],[17.841674,59.195884],[17.841692,59.195621],[17.841569,59.195356],[17.840961,59.194901]]}},{"type":"Feature","properties":{"mode":"bus","n":5,"arr":["742","828","830","831","893"],"lines":"742, 828, 830, 831, 893"},"geometry":{"type":"LineString","coordinates":[[18.154899,59.216609],[18.154799,59.216822],[18.154817,59.217113],[18.154676,59.217408],[18.152308,59.220095],[18.151631,59.220657],[18.150814,59.221157]]}},{"type":"Feature","properties":{"mode":"bus","n":17,"arr":["801","802","803","804","805","806","807","812C","813C","814","815C","818C","822","823","873","875","892"],"lines":"801, 802, 803, 804, 805, 806, 807, 812C, 813C, 814, 815C, 818C, 822, 823, 873, 875, 892"},"geometry":{"type":"LineString","coordinates":[[18.123475,59.262618],[18.124281,59.262752],[18.125331,59.26285],[18.126028,59.262868],[18.126971,59.262837],[18.127826,59.262747],[18.1286,59.262612],[18.130718,59.262071],[18.131478,59.26191],[18.131995,59.261827],[18.132876,59.261736],[18.133682,59.261704],[18.134163,59.261706],[18.134972,59.261751],[18.135791,59.26184],[18.136591,59.261985],[18.13752,59.262223],[18.137924,59.262356],[18.138656,59.262653],[18.140727,59.263634],[18.141979,59.264114],[18.14292,59.264376],[18.143937,59.264537],[18.145074,59.264591],[18.146059,59.264535],[18.147078,59.264374],[18.148228,59.264099],[18.149683,59.263633],[18.150443,59.263338],[18.152511,59.262433],[18.153477,59.262087],[18.154471,59.261796],[18.158143,59.260873],[18.159549,59.260464],[18.161095,59.259962],[18.162536,59.259438],[18.163287,59.259139],[18.164131,59.258788],[18.165548,59.258137],[18.166802,59.257505],[18.167859,59.256905],[18.168477,59.256472],[18.168943,59.256055],[18.169395,59.2555],[18.169708,59.254893],[18.16986,59.254239],[18.169879,59.253454]]}},{"type":"Feature","properties":{"mode":"bus","n":17,"arr":["801","802","803","804","805","806","807","812C","813C","814","815C","818C","822","823","873","875","892"],"lines":"801, 802, 803, 804, 805, 806, 807, 812C, 813C, 814, 815C, 818C, 822, 823, 873, 875, 892"},"geometry":{"type":"LineString","coordinates":[[18.17072,59.251388],[18.170426,59.251854],[18.170211,59.252444],[18.170138,59.252921],[18.170123,59.253851],[18.170066,59.254494],[18.169948,59.254928],[18.169762,59.255324],[18.169325,59.255939],[18.16886,59.256402],[18.168179,59.256906],[18.167548,59.25728],[18.166264,59.257964],[18.165392,59.258386],[18.163773,59.259102],[18.162194,59.259722],[18.159898,59.260505],[18.156895,59.261383],[18.15565,59.261792],[18.154203,59.262335],[18.152578,59.263003],[18.150691,59.263684],[18.149053,59.26418],[18.147756,59.264516],[18.146775,59.264715],[18.146207,59.26479],[18.145514,59.264829],[18.144679,59.264815],[18.144245,59.26478],[18.143566,59.264688],[18.143186,59.264611],[18.142335,59.264386],[18.141435,59.264077],[18.140564,59.26373],[18.138622,59.262808],[18.138024,59.262552],[18.137412,59.262337],[18.13633,59.262064],[18.135891,59.261987],[18.13507,59.261884],[18.134168,59.261832],[18.133295,59.261838],[18.132057,59.261948],[18.130959,59.262152],[18.129436,59.262557],[18.128476,59.262775],[18.127377,59.262929],[18.126581,59.262987],[18.125848,59.262995],[18.125204,59.26297],[18.124539,59.262912],[18.123908,59.262829],[18.122821,59.262605]]}},{"type":"Feature","properties":{"mode":"bus","n":16,"arr":["801","802","804","805","806","807","812C","813C","814","815C","818C","822","823","873","875","892"],"lines":"801, 802, 804, 805, 806, 807, 812C, 813C, 814, 815C, 818C, 822, 823, 873, 875, 892"},"geometry":{"type":"LineString","coordinates":[[18.102142,59.261151],[18.101792,59.261188],[18.101633,59.26125],[18.101498,59.261543],[18.101228,59.261774],[18.09987,59.262281]]}},{"type":"Feature","properties":{"mode":"bus","n":15,"arr":["802","803","804","805","806","807","812C","813C","815C","818C","822","823","873","875","892"],"lines":"802, 803, 804, 805, 806, 807, 812C, 813C, 815C, 818C, 822, 823, 873, 875, 892"},"geometry":{"type":"LineString","coordinates":[[18.17417,59.249027],[18.172361,59.249995],[18.171912,59.250275],[18.171378,59.250677],[18.170963,59.251093],[18.17072,59.251388]]}},{"type":"Feature","properties":{"mode":"bus","n":15,"arr":["802","803","804","805","806","807","812C","813C","815C","818C","822","823","873","875","892"],"lines":"802, 803, 804, 805, 806, 807, 812C, 813C, 815C, 818C, 822, 823, 873, 875, 892"},"geometry":{"type":"LineString","coordinates":[[18.169879,59.253454],[18.169941,59.252527],[18.170142,59.2519],[18.170578,59.251221],[18.171143,59.25064]]}},{"type":"Feature","properties":{"mode":"bus","n":8,"arr":["802","803","816","819","821","823","824","840"],"lines":"802, 803, 816, 819, 821, 823, 824, 840"},"geometry":{"type":"LineString","coordinates":[[18.228809,59.243933],[18.22878,59.243901],[18.228802,59.243646]]}},{"type":"Feature","properties":{"mode":"bus","n":5,"arr":["802","803","819","824","840"],"lines":"802, 803, 819, 824, 840"},"geometry":{"type":"LineString","coordinates":[[18.228809,59.243933],[18.229717,59.244515]]}},{"type":"Feature","properties":{"mode":"bus","n":9,"arr":["803","816","819","821","823","840","873","875","890"],"lines":"803, 816, 819, 821, 823, 840, 873, 875, 890"},"geometry":{"type":"LineString","coordinates":[[18.223325,59.242719],[18.222634,59.242735],[18.21965,59.243007],[18.216132,59.242987],[18.215005,59.24302]]}},{"type":"Feature","properties":{"mode":"bus","n":8,"arr":["803","816","819","821","823","840","875","890"],"lines":"803, 816, 819, 821, 823, 840, 875, 890"},"geometry":{"type":"LineString","coordinates":[[18.214876,59.243021],[18.215005,59.24302]]}},{"type":"Feature","properties":{"mode":"bus","n":10,"arr":["803","813C","816","819","821","823","824","840","875","890"],"lines":"803, 813C, 816, 819, 821, 823, 824, 840, 875, 890"},"geometry":{"type":"LineString","coordinates":[[18.23045,59.245191],[18.230417,59.244622],[18.230351,59.244486]]}},{"type":"Feature","properties":{"mode":"bus","n":7,"arr":["813C","816","819","824","840","875","890"],"lines":"813C, 816, 819, 824, 840, 875, 890"},"geometry":{"type":"LineString","coordinates":[[18.23045,59.245191],[18.230464,59.245849]]}},{"type":"Feature","properties":{"mode":"bus","n":6,"arr":["804","805","815C","819","824","890"],"lines":"804, 805, 815C, 819, 824, 890"},"geometry":{"type":"LineString","coordinates":[[18.272783,59.245778],[18.27373,59.245619]]}},{"type":"Feature","properties":{"mode":"bus","n":6,"arr":["806","807","818C","824","842","892"],"lines":"806, 807, 818C, 824, 842, 892"},"geometry":{"type":"LineString","coordinates":[[18.180214,59.190031],[18.180648,59.190309],[18.18092,59.190431],[18.184353,59.191631],[18.186061,59.19235],[18.186654,59.192556],[18.18793,59.192848],[18.188422,59.193023],[18.188808,59.193217],[18.189392,59.193863],[18.189532,59.194065],[18.189684,59.194453],[18.189809,59.195865],[18.18956,59.196463],[18.189538,59.196674],[18.189742,59.197111],[18.190151,59.197687],[18.190325,59.198089],[18.190379,59.198852],[18.190317,59.199345]]}},{"type":"Feature","properties":{"mode":"bus","n":7,"arr":["806","807","818C","820","824","840","892"],"lines":"806, 807, 818C, 820, 824, 840, 892"},"geometry":{"type":"LineString","coordinates":[[18.207946,59.214145],[18.208059,59.214184]]}},{"type":"Feature","properties":{"mode":"bus","n":7,"arr":["806","807","818C","822","823","840","892"],"lines":"806, 807, 818C, 822, 823, 840, 892"},"geometry":{"type":"LineString","coordinates":[[18.193097,59.233559],[18.19331,59.233402],[18.195347,59.231519],[18.195928,59.231051],[18.196596,59.230631],[18.198141,59.229849],[18.199053,59.229345],[18.199515,59.229015],[18.199948,59.228548],[18.200224,59.228159],[18.200648,59.227245],[18.20099,59.22639],[18.201547,59.225477],[18.202124,59.224693],[18.202286,59.224396],[18.2024,59.223969],[18.202374,59.223301],[18.202418,59.223136]]}},{"type":"Feature","properties":{"mode":"bus","n":7,"arr":["806","807","818C","822","823","840","892"],"lines":"806, 807, 818C, 822, 823, 840, 892"},"geometry":{"type":"LineString","coordinates":[[18.192962,59.233513],[18.195835,59.231024],[18.196538,59.230596],[18.198075,59.229808],[18.198925,59.229318],[18.199368,59.228976],[18.199826,59.228533],[18.200156,59.228053],[18.200231,59.22788]]}},{"type":"Feature","properties":{"mode":"bus","n":6,"arr":["806","807","818C","822","823","892"],"lines":"806, 807, 818C, 822, 823, 892"},"geometry":{"type":"LineString","coordinates":[[18.190846,59.234988],[18.192075,59.23417],[18.193097,59.233559]]}},{"type":"Feature","properties":{"mode":"bus","n":6,"arr":["806","807","818C","822","823","892"],"lines":"806, 807, 818C, 822, 823, 892"},"geometry":{"type":"LineString","coordinates":[[18.188101,59.238211],[18.186795,59.239382],[18.186182,59.23989],[18.185716,59.240351],[18.185571,59.240539],[18.185408,59.240861],[18.184981,59.242119],[18.184725,59.242516],[18.184382,59.24285],[18.183654,59.243473],[18.182819,59.244112],[18.181916,59.244748],[18.181075,59.245293],[18.179475,59.246224]]}},{"type":"Feature","properties":{"mode":"bus","n":6,"arr":["806","807","818C","822","823","892"],"lines":"806, 807, 818C, 822, 823, 892"},"geometry":{"type":"LineString","coordinates":[[18.177061,59.247317],[18.179849,59.245826],[18.180885,59.245211],[18.18188,59.244569],[18.182523,59.244113],[18.183444,59.243391],[18.184356,59.242573],[18.184679,59.242196]]}},{"type":"Feature","properties":{"mode":"bus","n":6,"arr":["806","807","818C","822","823","892"],"lines":"806, 807, 818C, 822, 823, 892"},"geometry":{"type":"LineString","coordinates":[[18.186042,59.239839],[18.188101,59.238211],[18.189418,59.236924],[18.190286,59.235655],[18.190846,59.234988],[18.191387,59.234546],[18.192962,59.233513]]}},{"type":"Feature","properties":{"mode":"bus","n":5,"arr":["806","807","822","823","892"],"lines":"806, 807, 822, 823, 892"},"geometry":{"type":"LineString","coordinates":[[18.184679,59.242196],[18.184921,59.241918],[18.185094,59.241859]]}},{"type":"Feature","properties":{"mode":"bus","n":5,"arr":["806","807","822","823","892"],"lines":"806, 807, 822, 823, 892"},"geometry":{"type":"LineString","coordinates":[[18.186182,59.23989],[18.186042,59.239839]]}},{"type":"Feature","properties":{"mode":"bus","n":6,"arr":["806","807","818C","822","840","892"],"lines":"806, 807, 818C, 822, 840, 892"},"geometry":{"type":"LineString","coordinates":[[18.200231,59.22788],[18.200422,59.227382],[18.201192,59.225869],[18.202102,59.224534],[18.202232,59.224178],[18.202245,59.223809]]}},{"type":"Feature","properties":{"mode":"bus","n":7,"arr":["807","809","809C","832","838","842","892"],"lines":"807, 809, 809C, 832, 838, 842, 892"},"geometry":{"type":"LineString","coordinates":[[18.180252,59.173943],[18.179998,59.172842],[18.179501,59.171022],[18.178744,59.169261],[18.178456,59.168781],[18.178152,59.168364],[18.17732,59.167599],[18.17667,59.167189],[18.176285,59.167015],[18.175765,59.166848],[18.175312,59.166764],[18.174745,59.166699],[18.173886,59.166715],[18.170245,59.167266],[18.169552,59.167292],[18.16881,59.167258],[18.165861,59.166994],[18.163512,59.166922],[18.162831,59.166927]]}},{"type":"Feature","properties":{"mode":"bus","n":6,"arr":["807","818C","832","838","842","892"],"lines":"807, 818C, 832, 838, 842, 892"},"geometry":{"type":"LineString","coordinates":[[18.168537,59.17297],[18.168418,59.175981]]}},{"type":"Feature","properties":{"mode":"bus","n":5,"arr":["807","818C","824","842","892"],"lines":"807, 818C, 824, 842, 892"},"geometry":{"type":"LineString","coordinates":[[18.180201,59.18046],[18.180165,59.180375],[18.179908,59.180143]]}},{"type":"Feature","properties":{"mode":"bus","n":5,"arr":["809","809C","810","818C","893"],"lines":"809, 809C, 810, 818C, 893"},"geometry":{"type":"LineString","coordinates":[[18.098339,59.264619],[18.097657,59.265918]]}},{"type":"Feature","properties":{"mode":"bus","n":8,"arr":["809C","812C","813C","815C","818C","890","892","893"],"lines":"809C, 812C, 813C, 815C, 818C, 890, 892, 893"},"geometry":{"type":"LineString","coordinates":[[18.083432,59.296919],[18.081105,59.300519],[18.080727,59.300981],[18.080512,59.301182],[18.079628,59.301864],[18.078345,59.302744],[18.077741,59.303253],[18.077251,59.303748],[18.076722,59.304372],[18.076014,59.30534],[18.075618,59.305989],[18.075296,59.306623],[18.074649,59.308165],[18.072614,59.312587],[18.070774,59.316194],[18.070493,59.31684],[18.068584,59.320469],[18.06805,59.321345]]}},{"type":"Feature","properties":{"mode":"bus","n":5,"arr":["809C","812C","813C","815C","818C"],"lines":"809C, 812C, 813C, 815C, 818C"},"geometry":{"type":"LineString","coordinates":[[18.060637,59.328009],[18.060318,59.328338],[18.060154,59.328663],[18.060148,59.328778],[18.060207,59.328921],[18.060406,59.329097],[18.060554,59.329175],[18.061008,59.329316],[18.062616,59.329718],[18.062826,59.329742],[18.064412,59.330151],[18.064438,59.33016],[18.064451,59.330171],[18.064453,59.330184],[18.064443,59.330199],[18.064098,59.33054],[18.064073,59.330556],[18.064042,59.330561],[18.064003,59.330556],[18.062357,59.330124],[18.061735,59.329948],[18.061419,59.329825],[18.060854,59.329697]]}},{"type":"Feature","properties":{"mode":"bus","n":5,"arr":["809C","812C","813C","815C","818C"],"lines":"809C, 812C, 813C, 815C, 818C"},"geometry":{"type":"LineString","coordinates":[[18.079501,59.301793],[18.0802,59.301286],[18.080573,59.300949],[18.080964,59.300488],[18.083667,59.296203]]}},{"type":"Feature","properties":{"mode":"bus","n":5,"arr":["810","835","837","838","892"],"lines":"810, 835, 837, 838, 892"},"geometry":{"type":"LineString","coordinates":[[18.134618,59.150816],[18.13443,59.150851],[18.133043,59.151383]]}},{"type":"Feature","properties":{"mode":"bus","n":6,"arr":["810","835","837","838","892","893"],"lines":"810, 835, 837, 838, 892, 893"},"geometry":{"type":"LineString","coordinates":[[18.136646,59.153182],[18.136526,59.153085],[18.136435,59.152916],[18.136289,59.152768],[18.136169,59.152705],[18.135187,59.152356],[18.134549,59.152088],[18.133761,59.151686],[18.133622,59.151589]]}},{"type":"Feature","properties":{"mode":"bus","n":6,"arr":["810","835","837","838","892","893"],"lines":"810, 835, 837, 838, 892, 893"},"geometry":{"type":"LineString","coordinates":[[18.133043,59.151383],[18.133619,59.151761],[18.134435,59.152185],[18.13505,59.152436],[18.136032,59.152777],[18.13626,59.152975],[18.136247,59.15325]]}},{"type":"Feature","properties":{"mode":"bus","n":7,"arr":["810","835","837","842","865","892","893"],"lines":"810, 835, 837, 842, 865, 892, 893"},"geometry":{"type":"LineString","coordinates":[[18.134721,59.155631],[18.134855,59.155249],[18.13495,59.155098],[18.135213,59.154815],[18.135377,59.154675],[18.13647,59.153938],[18.136838,59.153541]]}},{"type":"Feature","properties":{"mode":"bus","n":8,"arr":["810","832","835","837","838","842","892","893"],"lines":"810, 832, 835, 837, 838, 842, 892, 893"},"geometry":{"type":"LineString","coordinates":[[18.138544,59.163906],[18.138343,59.163917]]}},{"type":"Feature","properties":{"mode":"bus","n":10,"arr":["810","826","832","835","837","838","842","865","892","893"],"lines":"810, 826, 832, 835, 837, 838, 842, 865, 892, 893"},"geometry":{"type":"LineString","coordinates":[[18.138343,59.163917],[18.138502,59.164667]]}},{"type":"Feature","properties":{"mode":"bus","n":12,"arr":["810","824","830","832","834","835","837","838","840","842","892","893"],"lines":"810, 824, 830, 832, 834, 835, 837, 838, 840, 842, 892, 893"},"geometry":{"type":"LineString","coordinates":[[18.138502,59.164667],[18.138407,59.165039],[18.138314,59.165212],[18.137695,59.165932],[18.137687,59.165947],[18.13769,59.16596],[18.137705,59.165971],[18.137732,59.165979],[18.137809,59.165997],[18.137843,59.166008],[18.137857,59.166025],[18.137852,59.166045],[18.137754,59.166199],[18.137649,59.166493],[18.13779,59.16707],[18.138253,59.168086]]}},{"type":"Feature","properties":{"mode":"bus","n":5,"arr":["810","829","830","835","893"],"lines":"810, 829, 830, 835, 893"},"geometry":{"type":"LineString","coordinates":[[18.145401,59.186281],[18.145811,59.186361],[18.14631,59.186402],[18.146433,59.186458],[18.146472,59.186505],[18.146278,59.187393],[18.146175,59.187709],[18.146042,59.187966],[18.145745,59.188358],[18.144696,59.189257],[18.144394,59.189675],[18.144283,59.189907],[18.144192,59.190241],[18.144017,59.191276],[18.143794,59.191665],[18.143434,59.192075],[18.14207,59.193386],[18.141396,59.193902],[18.140136,59.194758],[18.139642,59.195181],[18.13943,59.195507],[18.139376,59.195952],[18.139439,59.197356]]}},{"type":"Feature","properties":{"mode":"bus","n":5,"arr":["810","829","830","835","893"],"lines":"810, 829, 830, 835, 893"},"geometry":{"type":"LineString","coordinates":[[18.138012,59.199135],[18.138219,59.199086],[18.138473,59.198906],[18.139077,59.198268],[18.139316,59.197837],[18.13943,59.197392],[18.139433,59.197382],[18.139435,59.197376],[18.139436,59.197374],[18.139437,59.197376],[18.139438,59.197382],[18.139437,59.197392],[18.139415,59.197843],[18.13919,59.198304],[18.138968,59.198578],[18.138316,59.199128],[18.138261,59.199214]]}},{"type":"Feature","properties":{"mode":"bus","n":5,"arr":["810","824","830","834","840"],"lines":"810, 824, 830, 834, 840"},"geometry":{"type":"LineString","coordinates":[[18.138059,59.168023],[18.138221,59.168005]]}},{"type":"Feature","properties":{"mode":"bus","n":6,"arr":["813C","819","824","840","875","890"],"lines":"813C, 819, 824, 840, 875, 890"},"geometry":{"type":"LineString","coordinates":[[18.230464,59.245849],[18.23047,59.246443],[18.230517,59.246666],[18.230967,59.247715],[18.231006,59.247933],[18.230944,59.248147],[18.230315,59.248996]]}},{"type":"Feature","properties":{"mode":"bus","n":6,"arr":["813C","819","824","840","875","890"],"lines":"813C, 819, 824, 840, 875, 890"},"geometry":{"type":"LineString","coordinates":[[18.230212,59.244528],[18.230337,59.246597],[18.23079,59.247735],[18.230823,59.247944],[18.230759,59.24812],[18.230239,59.248817],[18.229956,59.249277]]}},{"type":"Feature","properties":{"mode":"bus","n":5,"arr":["813C","819","824","875","890"],"lines":"813C, 819, 824, 875, 890"},"geometry":{"type":"LineString","coordinates":[[18.229956,59.249277],[18.22989,59.249513],[18.22997,59.249632]]}},{"type":"Feature","properties":{"mode":"bus","n":5,"arr":["819","820","822","823","824"],"lines":"819, 820, 822, 823, 824"},"geometry":{"type":"LineString","coordinates":[[18.201597,59.223773],[18.201666,59.223502],[18.201545,59.223092]]}},{"type":"Feature","properties":{"mode":"bus","n":5,"arr":["819","824","840","875","890"],"lines":"819, 824, 840, 875, 890"},"geometry":{"type":"LineString","coordinates":[[18.230315,59.248996],[18.230035,59.249526]]}},{"type":"Feature","properties":{"mode":"bus","n":5,"arr":["822","823","873","875","890"],"lines":"822, 823, 873, 875, 890"},"geometry":{"type":"LineString","coordinates":[[18.082039,59.296944],[18.082514,59.296986]]}},{"type":"Feature","properties":{"mode":"bus","n":6,"arr":["824","830","835","837","840","893"],"lines":"824, 830, 835, 837, 840, 893"},"geometry":{"type":"LineString","coordinates":[[18.149586,59.168327],[18.149253,59.168567],[18.148995,59.168831],[18.14878,59.169241],[18.147884,59.171518],[18.147432,59.172154],[18.146217,59.173437],[18.145753,59.17384],[18.145382,59.17407],[18.143496,59.174952]]}},{"type":"Feature","properties":{"mode":"bus","n":11,"arr":["824","830","832","834","835","837","838","840","842","892","893"],"lines":"824, 830, 832, 834, 835, 837, 838, 840, 842, 892, 893"},"geometry":{"type":"LineString","coordinates":[[18.138253,59.168086],[18.139713,59.167902],[18.14003,59.16794],[18.140973,59.168159],[18.141336,59.168168],[18.141621,59.168129],[18.142042,59.168032],[18.14355,59.167819],[18.143961,59.167785],[18.144946,59.167783],[18.145832,59.16782],[18.149049,59.168148],[18.149268,59.168188],[18.149586,59.168327]]}},{"type":"Feature","properties":{"mode":"bus","n":11,"arr":["824","830","832","834","835","837","838","840","842","892","893"],"lines":"824, 830, 832, 834, 835, 837, 838, 840, 842, 892, 893"},"geometry":{"type":"LineString","coordinates":[[18.137874,59.166011],[18.13852,59.165261]]}},{"type":"Feature","properties":{"mode":"bus","n":9,"arr":["826","832","835","837","838","842","865","892","893"],"lines":"826, 832, 835, 837, 838, 842, 865, 892, 893"},"geometry":{"type":"LineString","coordinates":[[18.13852,59.165261],[18.138642,59.165016],[18.138699,59.164704],[18.138544,59.163906]]}},{"type":"Feature","properties":{"mode":"bus","n":10,"arr":["824","830","832","834","835","837","838","840","842","892"],"lines":"824, 830, 832, 834, 835, 837, 838, 840, 842, 892"},"geometry":{"type":"LineString","coordinates":[[18.138221,59.168005],[18.139819,59.167828],[18.140974,59.16809],[18.14134,59.168102],[18.142042,59.168032]]}},{"type":"Feature","properties":{"mode":"bus","n":5,"arr":["832","834","838","842","892"],"lines":"832, 834, 838, 842, 892"},"geometry":{"type":"LineString","coordinates":[[18.149586,59.168327],[18.149945,59.168154],[18.150405,59.168008],[18.15064,59.167959],[18.153614,59.167466],[18.154463,59.167366],[18.155336,59.167356],[18.155642,59.167381],[18.157353,59.167647],[18.157879,59.167708],[18.158287,59.167748],[18.159124,59.167741],[18.159801,59.167659],[18.160245,59.167563],[18.16194,59.167014],[18.162401,59.16694],[18.162831,59.166927]]}},{"type":"Feature","properties":{"mode":"bus","n":5,"arr":["832","834","838","842","892"],"lines":"832, 834, 838, 842, 892"},"geometry":{"type":"LineString","coordinates":[[18.180252,59.173943],[18.178578,59.174158],[18.17699,59.174224],[18.175376,59.174203],[18.174108,59.174049],[18.172873,59.173806],[18.170735,59.173198],[18.170313,59.173102],[18.169815,59.173021],[18.169686,59.173041],[18.168537,59.17297]]}},{"type":"Feature","properties":{"mode":"tram","n":7,"arr":["27","27S","27V","28","28S","28V","29"],"lines":"27, 27S, 27V, 28, 28S, 28V, 29"},"geometry":{"type":"LineString","coordinates":[[18.070028,59.346777],[18.06956,59.347004],[18.069174,59.347228],[18.066238,59.34914],[18.065907,59.349403],[18.065708,59.349606],[18.065498,59.3499],[18.064867,59.351281],[18.06459,59.35163],[18.064168,59.351989],[18.063794,59.352227],[18.063235,59.3525],[18.061703,59.353022],[18.061296,59.353191],[18.060792,59.353463],[18.06039,59.353765],[18.060125,59.354042],[18.059933,59.354321],[18.059764,59.354781],[18.059757,59.355254],[18.060062,59.356172],[18.060113,59.356597],[18.060075,59.356886],[18.059979,59.357166],[18.059675,59.357633],[18.059215,59.358089],[18.057071,59.359895],[18.05429,59.362588],[18.050098,59.365733],[18.049742,59.366044],[18.049491,59.366315],[18.049201,59.366728],[18.048932,59.367349],[18.04881,59.367836],[18.048765,59.368561],[18.048819,59.36902],[18.048937,59.369471],[18.049118,59.369915],[18.049618,59.370839],[18.049782,59.371319],[18.04982,59.371633],[18.049803,59.371945],[18.049618,59.372553],[18.04935,59.372991],[18.048978,59.373406],[18.04854,59.373774],[18.047556,59.374405],[18.046974,59.37485],[18.046587,59.375236],[18.046195,59.375721],[18.045488,59.376362],[18.044535,59.377368],[18.044201,59.377809],[18.042783,59.380221],[18.042419,59.38117],[18.042341,59.38184],[18.04236,59.382291],[18.042442,59.382724],[18.042584,59.383129],[18.042786,59.383518],[18.043623,59.384644],[18.04397,59.385294],[18.044157,59.385969],[18.044355,59.387452],[18.044526,59.387988],[18.04637,59.39114],[18.0467,59.391602],[18.047007,59.391951],[18.047557,59.39246],[18.048325,59.393022],[18.049077,59.393462],[18.050078,59.393932],[18.050955,59.394261],[18.051792,59.39452],[18.053306,59.39496],[18.055421,59.395496],[18.055879,59.395656],[18.056814,59.396052],[18.057197,59.396267],[18.057533,59.396523],[18.05795,59.396985],[18.058304,59.397475]]}},{"type":"Feature","properties":{"mode":"tram","n":6,"arr":["27","27S","27V","28","28S","28V"],"lines":"27, 27S, 27V, 28, 28S, 28V"},"geometry":{"type":"LineString","coordinates":[[18.058304,59.397475],[18.058674,59.398171],[18.058826,59.398546],[18.059041,59.39958]]}},{"type":"Feature","properties":{"mode":"tram","n":6,"arr":["27","27S","27V","28","28S","28V"],"lines":"27, 27S, 27V, 28, 28S, 28V"},"geometry":{"type":"LineString","coordinates":[[18.059138,59.400518],[18.059071,59.40014],[18.059043,59.399616],[18.059043,59.399606],[18.059043,59.3996],[18.059043,59.399598],[18.059044,59.3996],[18.059045,59.399606],[18.059047,59.399616],[18.059364,59.401464],[18.059394,59.402892],[18.059488,59.403272],[18.059946,59.404501],[18.060635,59.405555],[18.060837,59.40604],[18.060868,59.406313],[18.060842,59.406584],[18.06069,59.407032],[18.057467,59.413319],[18.057033,59.413986],[18.056631,59.414384],[18.056093,59.414752],[18.055684,59.414962],[18.053786,59.415806],[18.053268,59.416075],[18.05281,59.416365],[18.052399,59.416683],[18.051996,59.417059],[18.050743,59.418366],[18.050175,59.419038],[18.049982,59.419369],[18.049848,59.419723],[18.049794,59.420238],[18.049914,59.420966],[18.050142,59.421751],[18.050409,59.42231],[18.051128,59.423429],[18.051266,59.423796],[18.051334,59.424162],[18.051342,59.42512],[18.051165,59.426767],[18.05109,59.429475],[18.051214,59.4303],[18.051483,59.430892],[18.051728,59.431279],[18.052037,59.431664],[18.05243,59.432042],[18.053065,59.432552],[18.055114,59.43382],[18.056343,59.434525],[18.057646,59.43538],[18.058534,59.436084],[18.059209,59.436763]]}},{"type":"Feature","properties":{"mode":"tram","n":5,"arr":["13","14","17","18","19"],"lines":"13, 14, 17, 18, 19"},"geometry":{"type":"LineString","coordinates":[[18.064826,59.333754],[18.063996,59.33294],[18.063729,59.332747]]}},{"type":"Feature","properties":{"mode":"tram","n":5,"arr":["13","14","17","18","19"],"lines":"13, 14, 17, 18, 19"},"geometry":{"type":"LineString","coordinates":[[18.070681,59.320862],[18.068583,59.322148]]}}]}